customer_id,first_name,last_name,email,city,customer_tier,created_at,updated_at
C00001,Diego,Garcia,diego.garcia1@example.com,Caloocan,Bronze,2023-07-11T00:00:00+00:00,2025-09-03T07:11:00+00:00
C00002,Kevin,Bautista,kevin.bautista2@example.com,Caloocan,Silver,2023-09-03T00:00:00+00:00,2024-08-01T21:34:00+00:00
C00003,Paolo,Pascual,paolo.pascual3@example.com,Marikina,Gold,2023-07-07T00:00:00+00:00,2025-10-22T04:29:00+00:00
C00004,Ana,Diaz,ana.diaz4@example.com,Mandaluyong,Bronze,2023-02-03T00:00:00+00:00,2024-12-12T11:51:00+00:00
C00005,Oscar,Fernandez,oscar.fernandez5@example.com,Pasig,Bronze,2023-05-17T00:00:00+00:00,2024-07-16T11:48:00+00:00
C00006,Francis,Garcia,francis.garcia6@example.com,Makati,Bronze,2023-08-02T00:00:00+00:00,2024-07-15T21:04:00+00:00
C00007,Uma,Pascual,uma.pascual7@example.com,Manila,Bronze,2023-02-05T00:00:00+00:00,2026-03-23T15:50:00+00:00
C00008,Kevin,Navarro,kevin.navarro8@example.com,Manila,Bronze,2023-03-05T00:00:00+00:00,2024-10-02T20:49:00+00:00
C00009,Kevin,Reyes,kevin.reyes9@example.com,Marikina,Gold,2023-08-23T00:00:00+00:00,2024-03-19T16:26:00+00:00
C00010,Marco,Navarro,marco.navarro10@example.com,Marikina,Silver,2023-04-18T00:00:00+00:00,2024-10-16T01:55:00+00:00
C00011,Ivan,Garcia,ivan.garcia11@example.com,Pasig,Bronze,2023-12-05T00:00:00+00:00,2024-06-25T04:04:00+00:00
C00012,Xavier,Bautista,xavier.bautista12@example.com,Pasig,Gold,2023-10-31T00:00:00+00:00,2026-02-14T03:10:00+00:00
C00013,Carla,Dela Cruz,carla.delacruz13@example.com,Parañaque,Silver,2023-08-15T00:00:00+00:00,2024-09-25T14:45:00+00:00
C00014,Lara,Villanueva,lara.villanueva14@example.com,Makati,Bronze,2023-05-03T00:00:00+00:00,2024-08-05T16:55:00+00:00
C00015,Diego,Fernandez,diego.fernandez15@example.com,Makati,Bronze,2023-09-12T00:00:00+00:00,2024-04-24T21:05:00+00:00
C00016,Lara,Diaz,lara.diaz16@example.com,Manila,Bronze,2023-03-21T00:00:00+00:00,2024-11-19T11:55:00+00:00
C00017,Oscar,Dela Cruz,oscar.delacruz17@example.com,Pasay,Bronze,2023-12-23T00:00:00+00:00,2024-05-21T06:04:00+00:00
C00018,Tomas,Navarro,tomas.navarro18@example.com,Pasig,Bronze,2023-06-28T00:00:00+00:00,2024-03-31T22:28:00+00:00
C00019,Oscar,Ramos,oscar.ramos19@example.com,Pasig,Platinum,2023-02-20T00:00:00+00:00,2024-03-18T14:18:00+00:00
C00020,Ana,Diaz,ana.diaz20@example.com,Marikina,Bronze,2023-02-08T00:00:00+00:00,2025-04-24T02:53:00+00:00
C00021,Francis,Mercado,francis.mercado21@example.com,Parañaque,Bronze,2023-02-06T00:00:00+00:00,2026-04-15T06:04:00+00:00
C00022,Julia,Mercado,julia.mercado22@example.com,Pasay,Bronze,2023-04-17T00:00:00+00:00,2025-03-13T10:24:00+00:00
C00023,Nina,Aquino,nina.aquino23@example.com,Parañaque,Gold,2023-10-30T00:00:00+00:00,2025-01-29T21:41:00+00:00
C00024,Paolo,Aquino,paolo.aquino24@example.com,Taguig,Silver,2023-09-29T00:00:00+00:00,2025-01-23T22:15:00+00:00
C00025,Yasmin,Torres,,Manila,Bronze,2023-09-02T00:00:00+00:00,2025-03-17T16:20:00+00:00
C00026,Sofia,Navarro,sofia.navarro26@example.com,Mandaluyong,Bronze,2023-06-11T00:00:00+00:00,2025-07-04T09:30:00+00:00
C00027,Julia,Mercado,julia.mercado27@example.com,Pasig,Gold,2023-06-26T00:00:00+00:00,2026-02-14T10:40:00+00:00
C00028,Yasmin,Dela Cruz,yasmin.delacruz28@example.com,Mandaluyong,Silver,2023-02-15T00:00:00+00:00,2025-04-09T12:18:00+00:00
C00029,Wendy,Mendoza,wendy.mendoza29@example.com,Pasig,Bronze,2023-06-15T00:00:00+00:00,2024-03-04T12:25:00+00:00
C00030,Uma,Navarro,uma.navarro30@example.com,Mandaluyong,Gold,2023-10-30T00:00:00+00:00,2026-04-22T19:07:00+00:00
C00031,Kevin,Lim,kevin.lim31@example.com,Taguig,Gold,2023-02-20T00:00:00+00:00,2026-02-22T03:47:00+00:00
C00032,Kevin,Mercado,kevin.mercado32@example.com,Manila,Bronze,2023-05-08T00:00:00+00:00,2024-01-19T03:54:00+00:00
C00033,Wendy,Tan,wendy.tan33@example.com,Marikina,Bronze,2023-10-24T00:00:00+00:00,2025-11-24T02:32:00+00:00
C00034,Oscar,Aquino,oscar.aquino34@example.com,Pasig,Bronze,2023-03-05T00:00:00+00:00,2024-08-04T05:50:00+00:00
C00035,Marco,Mercado,marco.mercado35@example.com,Caloocan,Bronze,2023-06-08T00:00:00+00:00,2026-02-26T22:12:00+00:00
C00036,Ana,Ramos,ana.ramos36@example.com,Pasig,Bronze,2023-07-06T00:00:00+00:00,2025-03-17T13:56:00+00:00
C00037,Uma,Tan,uma.tan37@example.com,Mandaluyong,Bronze,2023-06-07T00:00:00+00:00,2025-06-07T03:42:00+00:00
C00038,Ana,Flores,ana.flores38@example.com,Pasay,Bronze,2023-12-29T00:00:00+00:00,2024-05-05T05:35:00+00:00
C00039,Kevin,Torres,kevin.torres39@example.com,Pasay,Bronze,2023-04-20T00:00:00+00:00,2025-02-23T14:21:00+00:00
C00040,Ella,Santos,ella.santos40@example.com,Mandaluyong,Bronze,2023-08-19T00:00:00+00:00,2024-11-13T15:31:00+00:00
C00041,Ramon,Garcia,ramon.garcia41@example.com,Quezon City,Platinum,2023-11-06T00:00:00+00:00,2024-04-11T17:36:00+00:00
C00042,Hannah,Castillo,hannah.castillo42@example.com,Caloocan,Bronze,2023-01-19T00:00:00+00:00,2025-09-30T08:00:00+00:00
C00043,Marco,Ramos,marco.ramos43@example.com,Marikina,Gold,2023-07-06T00:00:00+00:00,2024-11-07T21:55:00+00:00
C00044,Oscar,Mercado,oscar.mercado44@example.com,Pasay,Bronze,2023-08-08T00:00:00+00:00,2024-01-21T08:09:00+00:00
C00045,Grace,Castillo,grace.castillo45@example.com,Parañaque,Silver,2023-04-15T00:00:00+00:00,2026-02-12T15:29:00+00:00
C00046,Ben,Mendoza,ben.mendoza46@example.com,Mandaluyong,Silver,2023-03-03T00:00:00+00:00,2025-04-11T08:46:00+00:00
C00047,Sofia,Reyes,sofia.reyes47@example.com,Mandaluyong,Gold,2023-09-12T00:00:00+00:00,2025-05-13T00:57:00+00:00
C00048,Kevin,Garcia,kevin.garcia48@example.com,Marikina,Bronze,2023-01-03T00:00:00+00:00,2024-01-30T19:30:00+00:00
C00049,Grace,Fernandez,grace.fernandez49@example.com,Caloocan,Gold,2023-02-28T00:00:00+00:00,2026-01-19T10:33:00+00:00
C00050,Yasmin,Lim,yasmin.lim50@example.com,Quezon City,Silver,2023-08-07T00:00:00+00:00,2024-08-15T15:15:00+00:00
C00051,Ben,Flores,ben.flores51@example.com,Marikina,Bronze,2023-04-16T00:00:00+00:00,2024-10-27T20:42:00+00:00
C00052,Yasmin,Ramos,yasmin.ramos52@example.com,Manila,Gold,2023-11-06T00:00:00+00:00,2025-03-19T02:13:00+00:00
C00053,Oscar,Flores,oscar.flores53@example.com,Mandaluyong,Silver,2023-02-18T00:00:00+00:00,2025-04-09T21:07:00+00:00
C00054,Uma,Cruz,uma.cruz54@example.com,Parañaque,Gold,2023-08-21T00:00:00+00:00,2024-01-28T09:11:00+00:00
C00055,Ella,Aquino,ella.aquino55@example.com,Caloocan,Gold,2023-01-22T00:00:00+00:00,2024-10-31T03:58:00+00:00
C00056,Wendy,Garcia,wendy.garcia56@example.com,Manila,Bronze,2023-06-13T00:00:00+00:00,2025-09-25T16:49:00+00:00
C00057,Oscar,Lim,oscar.lim57@example.com,Pasay,Silver,2023-09-24T00:00:00+00:00,2026-04-21T08:39:00+00:00
C00058,Lara,Mendoza,lara.mendoza58@example.com,Caloocan,Silver,2023-07-27T00:00:00+00:00,2026-04-28T12:14:00+00:00
C00059,Ivan,Ramos,ivan.ramos59@example.com,Marikina,Silver,2023-02-18T00:00:00+00:00,2025-05-11T16:01:00+00:00
C00060,Ben,Pascual,ben.pascual60@example.com,Parañaque,Bronze,2023-11-29T00:00:00+00:00,2025-07-12T08:35:00+00:00
C00061,Paolo,Villanueva,paolo.villanueva61@example.com,Taguig,Silver,2023-01-21T00:00:00+00:00,2025-11-10T04:36:00+00:00
C00062,Kevin,Santos,kevin.santos62@example.com,Manila,Bronze,2023-12-27T00:00:00+00:00,2025-11-30T00:09:00+00:00
C00063,Victor,Fernandez,victor.fernandez63@example.com,Parañaque,Silver,2023-09-06T00:00:00+00:00,2025-04-10T16:07:00+00:00
C00064,Julia,Mendoza,julia.mendoza64@example.com,Quezon City,Platinum,2023-03-04T00:00:00+00:00,2024-07-12T23:49:00+00:00
C00065,Julia,Villanueva,julia.villanueva65@example.com,Mandaluyong,Bronze,2023-06-17T00:00:00+00:00,2025-04-28T02:02:00+00:00
C00066,Carla,Aquino,carla.aquino66@example.com,Pasig,Bronze,2023-08-08T00:00:00+00:00,2024-05-24T03:55:00+00:00
C00067,Ramon,Fernandez,ramon.fernandez67@example.com,Pasig,Silver,2023-05-22T00:00:00+00:00,2025-01-11T07:44:00+00:00
C00068,Nina,Aquino,nina.aquino68@example.com,Quezon City,Bronze,2023-05-31T00:00:00+00:00,2024-03-21T01:02:00+00:00
C00069,Yasmin,Tan,yasmin.tan69@example.com,Pasig,Bronze,2023-09-07T00:00:00+00:00,2025-04-04T05:05:00+00:00
C00070,Sofia,Tan,sofia.tan70@example.com,Pasig,Bronze,2023-09-22T00:00:00+00:00,2024-06-26T07:27:00+00:00
C00071,Ben,Mendoza,ben.mendoza71@example.com,Quezon City,Bronze,2023-11-21T00:00:00+00:00,2024-12-15T12:19:00+00:00
C00072,Uma,Castillo,uma.castillo72@example.com,Pasig,Silver,2023-06-15T00:00:00+00:00,2024-04-09T02:22:00+00:00
C00073,Oscar,Ramos,oscar.ramos73@example.com,Quezon City,Bronze,2023-08-01T00:00:00+00:00,2025-04-20T03:54:00+00:00
C00074,Yasmin,Lim,yasmin.lim74@example.com,Makati,Silver,2023-02-28T00:00:00+00:00,2026-01-03T18:25:00+00:00
C00075,Francis,Castillo,francis.castillo75@example.com,Pasig,Gold,2023-04-26T00:00:00+00:00,2025-09-15T23:37:00+00:00
C00076,Yasmin,Ramos,yasmin.ramos76@example.com,Taguig,Bronze,2023-05-16T00:00:00+00:00,2026-01-01T19:14:00+00:00
C00077,Grace,Castillo,grace.castillo77@example.com,Quezon City,Bronze,2023-08-14T00:00:00+00:00,2025-12-17T00:29:00+00:00
C00078,Wendy,Garcia,wendy.garcia78@example.com,Marikina,Bronze,2023-02-18T00:00:00+00:00,2024-05-04T16:17:00+00:00
C00079,Sofia,Fernandez,sofia.fernandez79@example.com,Parañaque,Gold,2023-04-30T00:00:00+00:00,2025-04-07T16:20:00+00:00
C00080,Kevin,Reyes,kevin.reyes80@example.com,Quezon City,Gold,2023-07-14T00:00:00+00:00,2025-08-19T14:26:00+00:00
C00081,Francis,Lim,francis.lim81@example.com,Parañaque,Bronze,2023-06-03T00:00:00+00:00,2024-12-28T13:16:00+00:00
C00082,Ben,Ramos,ben.ramos82@example.com,Caloocan,Bronze,2023-09-15T00:00:00+00:00,2024-11-20T10:06:00+00:00
C00083,Kevin,Ramos,kevin.ramos83@example.com,Taguig,Bronze,2023-05-25T00:00:00+00:00,2025-04-23T11:16:00+00:00
C00084,Ivan,Villanueva,ivan.villanueva84@example.com,Manila,Gold,2023-04-27T00:00:00+00:00,2025-02-14T19:36:00+00:00
C00085,Julia,Diaz,julia.diaz85@example.com,Taguig,Bronze,2023-12-26T00:00:00+00:00,2024-10-23T06:01:00+00:00
C00086,Hannah,Santos,hannah.santos86@example.com,Makati,Bronze,2023-12-01T00:00:00+00:00,2026-04-11T20:01:00+00:00
C00087,Kevin,Dela Cruz,kevin.delacruz87@example.com,Taguig,Silver,2023-06-02T00:00:00+00:00,2025-11-28T23:24:00+00:00
C00088,Yasmin,Diaz,yasmin.diaz88@example.com,Caloocan,Gold,2023-07-26T00:00:00+00:00,2024-04-11T16:41:00+00:00
C00089,Lara,Garcia,lara.garcia89@example.com,  manila  ,Silver,2023-04-08T00:00:00+00:00,2024-04-27T02:11:00+00:00
C00090,Uma,Mendoza,uma.mendoza90@example.com,Pasay,Bronze,2023-07-14T00:00:00+00:00,2024-12-06T21:46:00+00:00
C00091,Victor,Flores,victor.flores91@example.com,Taguig,Silver,2023-10-12T00:00:00+00:00,2025-03-19T13:42:00+00:00
C00092,Kevin,Ramos,kevin.ramos92@example.com,Makati,Gold,2023-07-02T00:00:00+00:00,2025-04-01T06:44:00+00:00
C00093,Grace,Ramos,grace.ramos93@example.com,Taguig,Silver,2023-02-23T00:00:00+00:00,2025-05-23T13:27:00+00:00
C00094,Yasmin,Santos,yasmin.santos94@example.com,Pasay,Platinum,2023-06-09T00:00:00+00:00,2026-01-12T08:15:00+00:00
C00095,Oscar,Garcia,oscar.garcia95@example.com,Pasay,Bronze,2023-09-16T00:00:00+00:00,2024-11-18T20:21:00+00:00
C00096,Julia,Garcia,julia.garcia96@example.com,Pasig,Silver,2023-10-31T00:00:00+00:00,2025-06-05T16:29:00+00:00
C00097,Paolo,Pascual,paolo.pascual97@example.com,Manila,Silver,2023-09-11T00:00:00+00:00,2024-02-07T14:11:00+00:00
C00098,Francis,Diaz,francis.diaz98@example.com,Parañaque,Bronze,2023-05-17T00:00:00+00:00,2024-02-18T03:11:00+00:00
C00099,Ben,Navarro,ben.navarro99@example.com,Quezon City,Silver,2023-01-19T00:00:00+00:00,2024-11-20T03:46:00+00:00
C00100,Nina,Bautista,nina.bautista100@example.com,Marikina,Silver,2023-03-31T00:00:00+00:00,2025-03-23T01:10:00+00:00
C00101,Julia,Garcia,julia.garcia101@example.com,Caloocan,Bronze,2023-02-19T00:00:00+00:00,2024-04-29T11:20:00+00:00
C00102,Paolo,Pascual,paolo.pascual102@example.com,Mandaluyong,Bronze,2023-01-01T00:00:00+00:00,2024-11-16T23:30:00+00:00
C00103,Paolo,Dela Cruz,paolo.delacruz103@example.com,Mandaluyong,Platinum,2023-08-03T00:00:00+00:00,2024-03-24T13:13:00+00:00
C00104,Hannah,Bautista,hannah.bautista104@example.com,Pasig,Silver,2023-06-23T00:00:00+00:00,2024-03-02T17:26:00+00:00
C00105,Ramon,Santos,ramon.santos105@example.com,Makati,Silver,2023-07-01T00:00:00+00:00,2024-03-03T17:48:00+00:00
C00106,Yasmin,Torres,yasmin.torres106@example.com,Pasay,Silver,2023-03-18T00:00:00+00:00,2025-12-28T02:49:00+00:00
C00107,Ana,Navarro,ana.navarro107@example.com,Caloocan,Silver,2023-02-21T00:00:00+00:00,2025-04-28T14:26:00+00:00
C00108,Julia,Flores,julia.flores108@example.com,Marikina,Platinum,2023-05-22T00:00:00+00:00,2024-11-06T19:24:00+00:00
C00109,Yasmin,Navarro,yasmin.navarro109@example.com,Quezon City,Gold,2023-01-20T00:00:00+00:00,2024-05-19T10:24:00+00:00
C00110,Ivan,Aquino,ivan.aquino110@example.com,Makati,Bronze,2023-07-30T00:00:00+00:00,2025-12-04T02:42:00+00:00
C00111,Ella,Lim,ella.lim111@example.com,Pasay,Gold,2023-04-22T00:00:00+00:00,2025-07-25T21:11:00+00:00
C00112,Kevin,Tan,kevin.tan112@example.com,Quezon City,Gold,2023-03-06T00:00:00+00:00,2024-08-30T11:55:00+00:00
C00113,Paolo,Lim,paolo.lim113@example.com,Marikina,Platinum,2023-07-02T00:00:00+00:00,2025-08-13T17:40:00+00:00
C00114,Sofia,Castillo,sofia.castillo114@example.com,Parañaque,Silver,2023-01-06T00:00:00+00:00,2026-01-11T07:51:00+00:00
C00115,Ben,Santos,ben.santos115@example.com,Pasay,Gold,2023-09-08T00:00:00+00:00,2025-08-04T15:24:00+00:00
C00116,Sofia,Ramos,sofia.ramos116@example.com,Pasay,Bronze,2023-10-12T00:00:00+00:00,2024-09-27T18:33:00+00:00
C00117,Kevin,Aquino,kevin.aquino117@example.com,Makati,Silver,2023-01-01T00:00:00+00:00,2024-07-26T10:23:00+00:00
C00118,Hannah,Tan,hannah.tan118@example.com,Makati,Bronze,2023-02-24T00:00:00+00:00,2025-05-09T05:21:00+00:00
C00119,Ivan,Dela Cruz,ivan.delacruz119@example.com,Pasay,Silver,2023-08-06T00:00:00+00:00,2024-02-03T00:17:00+00:00
C00120,Paolo,Pascual,paolo.pascual120@example.com,Marikina,Silver,2023-12-04T00:00:00+00:00,2025-03-01T08:13:00+00:00
C00121,Hannah,Cruz,hannah.cruz121@example.com,Makati,Silver,2023-02-06T00:00:00+00:00,2024-04-14T19:24:00+00:00
C00122,Paolo,Lim,paolo.lim122@example.com,Makati,Bronze,2023-12-22T00:00:00+00:00,2024-03-30T07:59:00+00:00
C00123,Ana,Fernandez,ana.fernandez123@example.com,Marikina,Bronze,2023-09-13T00:00:00+00:00,2024-10-22T17:18:00+00:00
C00124,Uma,Villanueva,uma.villanueva124@example.com,Parañaque,Platinum,2023-01-20T00:00:00+00:00,2024-09-08T02:45:00+00:00
C00125,Ben,Tan,ben.tan125@example.com,Parañaque,Gold,2023-02-17T00:00:00+00:00,2024-03-25T06:01:00+00:00
C00126,Ramon,Fernandez,ramon.fernandez126@example.com,Taguig,Silver,2023-04-15T00:00:00+00:00,2025-07-23T01:35:00+00:00
C00127,Ben,Navarro,ben.navarro127@example.com,Makati,Silver,2023-07-04T00:00:00+00:00,2026-01-13T10:37:00+00:00
C00128,Queenie,Pascual,queenie.pascual128@example.com,Parañaque,Silver,2023-05-15T00:00:00+00:00,2024-05-25T14:35:00+00:00
C00129,Wendy,Villanueva,wendy.villanueva129@example.com,Makati,Gold,2023-05-21T00:00:00+00:00,2026-01-07T09:11:00+00:00
C00130,Lara,Fernandez,lara.fernandez130@example.com,Makati,Gold,2023-01-25T00:00:00+00:00,2025-06-08T18:41:00+00:00
C00131,Carla,Torres,carla.torres131@example.com,Makati,Bronze,2023-04-15T00:00:00+00:00,2024-06-20T11:12:00+00:00
C00132,Ella,Garcia,ella.garcia132@example.com,Taguig,Bronze,2023-11-25T00:00:00+00:00,2024-10-14T20:08:00+00:00
C00133,Victor,Aquino,victor.aquino133@example.com,Manila,Platinum,2023-05-28T00:00:00+00:00,2024-09-02T15:18:00+00:00
C00134,Julia,Mercado,julia.mercado134@example.com,Caloocan,Gold,2023-08-02T00:00:00+00:00,2025-09-19T18:19:00+00:00
C00135,Sofia,Aquino,sofia.aquino135@example.com,Manila,Bronze,2023-12-25T00:00:00+00:00,2025-08-12T07:25:00+00:00
C00136,Sofia,Garcia,sofia.garcia136@example.com,Quezon City,Bronze,2023-07-15T00:00:00+00:00,2025-04-23T00:10:00+00:00
C00137,Xavier,Castillo,xavier.castillo137@example.com,Quezon City,Gold,2023-06-28T00:00:00+00:00,2026-03-14T11:04:00+00:00
C00138,Oscar,Garcia,oscar.garcia138@example.com,Taguig,Silver,2023-12-30T00:00:00+00:00,2025-06-23T07:22:00+00:00
C00139,Marco,Aquino,marco.aquino139@example.com,Marikina,Silver,2023-05-17T00:00:00+00:00,2025-04-04T19:25:00+00:00
C00140,Uma,Bautista,uma.bautista140@example.com,Marikina,Platinum,2023-02-01T00:00:00+00:00,2025-07-22T11:32:00+00:00
C00141,Wendy,Santos,wendy.santos141@example.com,Makati,Silver,2023-03-14T00:00:00+00:00,2025-03-01T17:43:00+00:00
C00142,Ella,Aquino,ella.aquino142@example.com,Parañaque,Gold,2023-03-01T00:00:00+00:00,2024-01-03T15:02:00+00:00
C00143,Zoe,Lim,zoe.lim143@example.com,Marikina,Bronze,2023-02-04T00:00:00+00:00,2025-03-27T04:36:00+00:00
C00144,Marco,Flores,marco.flores144@example.com,Marikina,Silver,2023-10-25T00:00:00+00:00,2024-01-01T13:53:00+00:00
C00145,Marco,Castillo,marco.castillo145@example.com,Taguig,Bronze,2023-01-02T00:00:00+00:00,2025-01-25T03:46:00+00:00
C00146,Queenie,Flores,queenie.flores146@example.com,Quezon City,Bronze,2023-01-07T00:00:00+00:00,2024-12-13T11:15:00+00:00
C00147,Xavier,Torres,xavier.torres147@example.com,Marikina,Bronze,2023-06-30T00:00:00+00:00,2025-12-03T21:46:00+00:00
C00148,Ivan,Flores,ivan.flores148@example.com,Taguig,Gold,2023-07-10T00:00:00+00:00,2025-07-22T19:03:00+00:00
C00149,Queenie,Santos,queenie.santos149@example.com,Marikina,Platinum,2023-03-04T00:00:00+00:00,2025-09-22T00:05:00+00:00
C00150,Sofia,Flores,sofia.flores150@example.com,Pasay,Bronze,2023-11-16T00:00:00+00:00,2024-11-11T09:13:00+00:00
C00151,Lara,Diaz,lara.diaz151@example.com,Manila,Platinum,2023-06-27T00:00:00+00:00,2024-02-13T14:10:00+00:00
C00152,Tomas,Aquino,tomas.aquino152@example.com,Makati,Bronze,2023-09-10T00:00:00+00:00,2024-11-25T23:56:00+00:00
C00153,Kevin,Cruz,kevin.cruz153@example.com,Quezon City,Silver,2023-03-02T00:00:00+00:00,2024-09-30T01:13:00+00:00
C00154,Grace,Mercado,grace.mercado154@example.com,Taguig,Silver,2023-09-22T00:00:00+00:00,2026-03-05T18:31:00+00:00
C00155,Nina,Fernandez,nina.fernandez155@example.com,Marikina,Silver,2023-12-20T00:00:00+00:00,2024-06-09T23:50:00+00:00
C00156,Marco,Pascual,marco.pascual156@example.com,Taguig,Bronze,2023-01-02T00:00:00+00:00,2025-02-08T07:07:00+00:00
C00157,Grace,Torres,grace.torres157@example.com,Caloocan,Platinum,2023-06-22T00:00:00+00:00,2026-01-18T22:01:00+00:00
C00158,Uma,Dela Cruz,uma.delacruz158@example.com,Quezon City,Bronze,2023-05-24T00:00:00+00:00,2024-05-30T18:26:00+00:00
C00159,Julia,Dela Cruz,julia.delacruz159@example.com,Pasay,Bronze,2023-08-12T00:00:00+00:00,2024-02-25T05:49:00+00:00
C00160,Victor,Mercado,victor.mercado160@example.com,Makati,Platinum,2023-02-14T00:00:00+00:00,2024-05-15T01:20:00+00:00
C00161,Victor,Lim,victor.lim161@example.com,Parañaque,Gold,2023-04-14T00:00:00+00:00,2025-04-16T10:31:00+00:00
C00162,Ivan,Castillo,ivan.castillo162@example.com,Manila,Gold,2023-11-22T00:00:00+00:00,2026-02-18T06:00:00+00:00
C00163,Uma,Aquino,uma.aquino163@example.com,Pasay,Gold,2023-07-27T00:00:00+00:00,2025-03-12T09:07:00+00:00
C00164,Grace,Tan,grace.tan164@example.com,Manila,Silver,2023-12-12T00:00:00+00:00,2026-01-03T22:57:00+00:00
C00165,Lara,Dela Cruz,lara.delacruz165@example.com,Manila,Bronze,2023-11-06T00:00:00+00:00,2024-04-27T21:51:00+00:00
C00166,Ben,Santos,ben.santos166@example.com,Pasay,Silver,2023-12-01T00:00:00+00:00,2025-05-07T14:21:00+00:00
C00167,Lara,Navarro,lara.navarro167@example.com,Mandaluyong,Bronze,2023-03-05T00:00:00+00:00,2026-02-08T20:17:00+00:00
C00168,Zoe,Fernandez,zoe.fernandez168@example.com,Pasig,Gold,2023-07-11T00:00:00+00:00,2024-10-19T00:10:00+00:00
C00169,Ramon,Reyes,ramon.reyes169@example.com,Manila,Gold,2023-08-12T00:00:00+00:00,2024-01-10T06:15:00+00:00
C00170,Tomas,Reyes,tomas.reyes170@example.com,Mandaluyong,Silver,2023-11-14T00:00:00+00:00,2026-04-15T03:27:00+00:00
C00171,Wendy,Diaz,wendy.diaz171@example.com,Quezon City,Bronze,2023-04-04T00:00:00+00:00,2025-11-11T17:47:00+00:00
C00172,Paolo,Mendoza,paolo.mendoza172@example.com,Marikina,Silver,2023-05-12T00:00:00+00:00,2025-07-17T02:16:00+00:00
C00173,Diego,Castillo,diego.castillo173@example.com,Pasig,Bronze,2023-06-20T00:00:00+00:00,2026-01-17T11:38:00+00:00
C00174,Julia,Cruz,julia.cruz174@example.com,Marikina,Bronze,2023-06-13T00:00:00+00:00,2025-03-24T00:49:00+00:00
C00175,Victor,Fernandez,victor.fernandez175@example.com,Manila,Bronze,2023-10-20T00:00:00+00:00,2025-08-25T00:20:00+00:00
C00176,Queenie,Garcia,queenie.garcia176@example.com,Marikina,Bronze,2023-03-30T00:00:00+00:00,2024-03-30T04:22:00+00:00
C00177,Yasmin,Fernandez,yasmin.fernandez177@example.com,Quezon City,Gold,2023-03-24T00:00:00+00:00,2026-03-13T19:47:00+00:00
C00178,Victor,Dela Cruz,victor.delacruz178@example.com,Mandaluyong,Silver,2023-11-05T00:00:00+00:00,2025-10-18T04:05:00+00:00
C00179,Ella,Garcia,ella.garcia179@example.com,Taguig,Silver,2023-04-03T00:00:00+00:00,2026-02-23T21:31:00+00:00
C00180,Sofia,Villanueva,sofia.villanueva180@example.com,Marikina,Bronze,2023-06-28T00:00:00+00:00,2024-08-16T16:54:00+00:00
C00181,Diego,Navarro,diego.navarro181@example.com,Parañaque,Bronze,2023-12-10T00:00:00+00:00,2024-05-31T04:22:00+00:00
C00182,Carla,Pascual,carla.pascual182@example.com,Pasay,Bronze,2023-03-08T00:00:00+00:00,2025-08-29T20:06:00+00:00
C00183,Wendy,Bautista,wendy.bautista183@example.com,Quezon City,Bronze,2023-10-26T00:00:00+00:00,2025-02-16T14:21:00+00:00
C00184,Sofia,Villanueva,sofia.villanueva184@example.com,Makati,Bronze,2023-04-10T00:00:00+00:00,2024-06-19T08:57:00+00:00
C00185,Ella,Castillo,ella.castillo185@example.com,Manila,Gold,2023-05-14T00:00:00+00:00,2024-04-07T15:19:00+00:00
C00186,Ivan,Flores,ivan.flores186@example.com,Marikina,Gold,2023-07-12T00:00:00+00:00,2026-03-26T21:34:00+00:00
C00187,Nina,Reyes,nina.reyes187@example.com,Manila,Silver,2023-06-08T00:00:00+00:00,2024-05-21T03:52:00+00:00
C00188,Kevin,Fernandez,kevin.fernandez188@example.com,Quezon City,Silver,2023-08-09T00:00:00+00:00,2025-09-07T21:41:00+00:00
C00189,Ella,Fernandez,ella.fernandez189@example.com,Caloocan,Silver,2023-01-14T00:00:00+00:00,2025-02-05T07:17:00+00:00
C00190,Lara,Torres,lara.torres190@example.com,Manila,Gold,2023-01-19T00:00:00+00:00,2024-07-10T19:52:00+00:00
C00191,Marco,Cruz,marco.cruz191@example.com,Parañaque,Bronze,2023-08-14T00:00:00+00:00,2024-05-31T23:10:00+00:00
C00192,Grace,Castillo,grace.castillo192@example.com,Taguig,Bronze,2023-07-10T00:00:00+00:00,2025-05-07T22:45:00+00:00
C00193,Lara,Mercado,lara.mercado193@example.com,Makati,Bronze,2023-04-17T00:00:00+00:00,2024-12-22T05:43:00+00:00
C00194,Wendy,Santos,wendy.santos194@example.com,Pasig,Silver,2023-01-14T00:00:00+00:00,2025-05-06T00:53:00+00:00
C00195,Carla,Pascual,carla.pascual195@example.com,Parañaque,Bronze,2023-12-10T00:00:00+00:00,2025-05-25T19:53:00+00:00
C00196,Nina,Reyes,nina.reyes196@example.com,Taguig,Bronze,2023-04-05T00:00:00+00:00,2025-08-17T10:22:00+00:00
C00197,Lara,Navarro,lara.navarro197@example.com,Makati,Gold,2023-02-04T00:00:00+00:00,2024-08-12T00:53:00+00:00
C00198,Ben,Navarro,ben.navarro198@example.com,Caloocan,Gold,2023-12-13T00:00:00+00:00,2024-11-29T20:33:00+00:00
C00199,Ivan,Fernandez,ivan.fernandez199@example.com,Manila,Gold,2023-03-24T00:00:00+00:00,2024-08-21T11:40:00+00:00
C00200,Hannah,Castillo,hannah.castillo200@example.com,Pasig,Bronze,2023-07-15T00:00:00+00:00,2024-01-11T23:07:00+00:00
C00201,Queenie,Mercado,queenie.mercado201@example.com,Marikina,Bronze,2023-12-07T00:00:00+00:00,2025-12-24T23:43:00+00:00
C00202,Diego,Reyes,diego.reyes202@example.com,Parañaque,Gold,2023-08-25T00:00:00+00:00,2025-05-27T20:01:00+00:00
C00203,Victor,Fernandez,victor.fernandez203@example.com,Pasig,Silver,2023-01-05T00:00:00+00:00,2025-10-24T13:56:00+00:00
C00204,Diego,Bautista,diego.bautista204@example.com,Parañaque,Bronze,2023-11-11T00:00:00+00:00,2024-06-01T08:06:00+00:00
C00205,Tomas,Mercado,tomas.mercado205@example.com,Quezon City,Silver,2023-03-24T00:00:00+00:00,2024-01-10T22:43:00+00:00
C00206,Nina,Lim,nina.lim206@example.com,Mandaluyong,Silver,2023-06-23T00:00:00+00:00,2024-10-17T12:10:00+00:00
C00207,Hannah,Villanueva,hannah.villanueva207@example.com,Pasig,Bronze,2023-10-03T00:00:00+00:00,2024-12-23T11:28:00+00:00
C00208,Ana,Santos,ana.santos208@example.com,Pasay,Silver,2023-02-06T00:00:00+00:00,2026-03-06T19:13:00+00:00
C00209,Sofia,Tan,sofia.tan209@example.com,Taguig,Gold,2023-09-26T00:00:00+00:00,2025-02-05T01:17:00+00:00
C00210,Zoe,Lim,zoe.lim210@example.com,Quezon City,Gold,2023-03-10T00:00:00+00:00,2024-08-13T04:57:00+00:00
C00211,Victor,Cruz,victor.cruz211@example.com,Parañaque,Silver,2023-12-30T00:00:00+00:00,2025-09-10T14:31:00+00:00
C00212,Wendy,Garcia,wendy.garcia212@example.com,Makati,Gold,2023-02-22T00:00:00+00:00,2025-07-23T13:30:00+00:00
C00213,Yasmin,Villanueva,yasmin.villanueva213@example.com,Pasig,Gold,2023-10-13T00:00:00+00:00,2024-06-17T16:35:00+00:00
C00214,Hannah,Pascual,hannah.pascual214@example.com,Parañaque,Silver,2023-06-26T00:00:00+00:00,2024-12-15T04:26:00+00:00
C00215,Tomas,Ramos,tomas.ramos215@example.com,Caloocan,Silver,2023-09-21T00:00:00+00:00,2025-05-14T14:45:00+00:00
C00216,Oscar,Lim,oscar.lim216@example.com,Pasay,Bronze,2023-08-16T00:00:00+00:00,2026-04-10T19:44:00+00:00
C00217,Julia,Mendoza,julia.mendoza217@example.com,Manila,Gold,2023-11-07T00:00:00+00:00,2025-08-31T14:36:00+00:00
C00218,Sofia,Pascual,sofia.pascual218@example.com,Makati,Silver,2023-07-06T00:00:00+00:00,2024-01-14T00:15:00+00:00
C00219,Francis,Torres,francis.torres219@example.com,Manila,Bronze,2023-12-02T00:00:00+00:00,2025-08-01T23:42:00+00:00
C00220,Ramon,Castillo,ramon.castillo220@example.com,Parañaque,Gold,2023-03-05T00:00:00+00:00,2025-03-23T14:01:00+00:00
C00221,Xavier,Garcia,xavier.garcia221@example.com,Mandaluyong,Bronze,2023-07-16T00:00:00+00:00,2024-04-02T10:44:00+00:00
C00222,Victor,Flores,victor.flores222@example.com,Makati,Platinum,2023-11-15T00:00:00+00:00,2024-05-14T00:59:00+00:00
C00223,Zoe,Garcia,zoe.garcia223@example.com,Pasay,Bronze,2023-06-08T00:00:00+00:00,2024-06-18T19:28:00+00:00
C00224,Francis,Tan,francis.tan224@example.com,Quezon City,Silver,2023-08-19T00:00:00+00:00,2024-04-11T12:37:00+00:00
C00225,Kevin,Lim,kevin.lim225@example.com,Quezon City,Bronze,2023-09-08T00:00:00+00:00,2025-09-14T01:43:00+00:00
C00226,Yasmin,Castillo,yasmin.castillo226@example.com,Taguig,Bronze,2023-11-10T00:00:00+00:00,2024-05-24T12:42:00+00:00
C00227,Ben,Ramos,ben.ramos227@example.com,Mandaluyong,Silver,2023-12-27T00:00:00+00:00,2024-08-20T02:40:00+00:00
C00228,Yasmin,Fernandez,yasmin.fernandez228@example.com,Makati,Bronze,2023-02-25T00:00:00+00:00,2026-02-15T21:36:00+00:00
C00229,Queenie,Dela Cruz,queenie.delacruz229@example.com,Pasay,Silver,2023-07-23T00:00:00+00:00,2026-01-30T23:03:00+00:00
C00230,Julia,Flores,julia.flores230@example.com,Pasay,Bronze,2023-09-28T00:00:00+00:00,2024-08-21T13:42:00+00:00
C00231,Ramon,Mercado,ramon.mercado231@example.com,Makati,Bronze,2023-08-27T00:00:00+00:00,2024-04-14T12:42:00+00:00
C00232,Hannah,Pascual,hannah.pascual232@example.com,Caloocan,Platinum,2023-05-18T00:00:00+00:00,2025-05-05T11:36:00+00:00
C00233,Victor,Castillo,victor.castillo233@example.com,Parañaque,Silver,2023-03-15T00:00:00+00:00,2025-02-20T22:10:00+00:00
C00234,Ben,Tan,ben.tan234@example.com,Marikina,Silver,2023-11-13T00:00:00+00:00,2025-12-06T03:24:00+00:00
C00235,Julia,Diaz,julia.diaz235@example.com,Pasay,Bronze,2023-08-06T00:00:00+00:00,2026-02-27T15:21:00+00:00
C00236,Ivan,Aquino,ivan.aquino236@example.com,Makati,Bronze,2023-01-13T00:00:00+00:00,2025-12-29T15:54:00+00:00
C00237,Zoe,Garcia,zoe.garcia237@example.com,Taguig,Bronze,2023-06-16T00:00:00+00:00,2025-03-28T14:20:00+00:00
C00238,Francis,Garcia,francis.garcia238@example.com,Makati,Gold,2023-09-12T00:00:00+00:00,2025-12-31T16:55:00+00:00
C00239,Ben,Diaz,ben.diaz239@example.com,Quezon City,Bronze,2023-11-21T00:00:00+00:00,2025-04-22T19:49:00+00:00
C00240,Victor,Ramos,victor.ramos240@example.com,Manila,Bronze,2023-11-07T00:00:00+00:00,2024-08-26T07:00:00+00:00
C00241,Victor,Mercado,victor.mercado241@example.com,Quezon City,Silver,2023-03-21T00:00:00+00:00,2024-09-30T16:12:00+00:00
C00242,Francis,Reyes,francis.reyes242@example.com,Quezon City,Silver,2023-09-05T00:00:00+00:00,2025-06-09T18:56:00+00:00
C00243,Wendy,Torres,wendy.torres243@example.com,Caloocan,Bronze,2023-08-06T00:00:00+00:00,2024-07-27T02:11:00+00:00
C00244,Julia,Mercado,julia.mercado244@example.com,Taguig,Silver,2023-11-19T00:00:00+00:00,2025-04-30T15:41:00+00:00
C00245,Ella,Tan,ella.tan245@example.com,Taguig,Gold,2023-01-25T00:00:00+00:00,2025-06-17T15:00:00+00:00
C00246,Julia,Reyes,julia.reyes246@example.com,Pasig,Gold,2023-04-26T00:00:00+00:00,2025-06-15T20:59:00+00:00
C00247,Ana,Villanueva,ana.villanueva247@example.com,Quezon City,Bronze,2023-08-12T00:00:00+00:00,2025-11-07T00:11:00+00:00
C00248,Paolo,Mendoza,paolo.mendoza248@example.com,Makati,Bronze,2023-10-18T00:00:00+00:00,2025-12-19T02:14:00+00:00
C00249,Sofia,Castillo,sofia.castillo249@example.com,Taguig,Gold,2023-10-21T00:00:00+00:00,2026-04-22T23:26:00+00:00
C00250,Ramon,Navarro,ramon.navarro250@example.com,Mandaluyong,Gold,2023-04-22T00:00:00+00:00,2026-01-09T11:08:00+00:00
C00251,Diego,Diaz,diego.diaz251@example.com,Mandaluyong,Silver,2023-01-10T00:00:00+00:00,2025-07-27T23:39:00+00:00
C00252,Victor,Torres,victor.torres252@example.com,Manila,Silver,2023-02-18T00:00:00+00:00,2025-11-30T06:43:00+00:00
C00253,Paolo,Navarro,paolo.navarro253@example.com,Quezon City,Bronze,2023-01-04T00:00:00+00:00,2026-03-04T06:09:00+00:00
C00254,Ana,Tan,ana.tan254@example.com,Parañaque,Silver,2023-06-08T00:00:00+00:00,2024-11-18T20:58:00+00:00
C00255,Ramon,Bautista,ramon.bautista255@example.com,Makati,Bronze,2023-07-03T00:00:00+00:00,2025-11-11T02:45:00+00:00
C00256,Queenie,Torres,queenie.torres256@example.com,Pasay,Gold,2023-06-10T00:00:00+00:00,2024-08-04T01:49:00+00:00
C00257,Tomas,Castillo,tomas.castillo257@example.com,Caloocan,Silver,2023-05-14T00:00:00+00:00,2025-05-15T08:49:00+00:00
C00258,Zoe,Flores,zoe.flores258@example.com,Marikina,Gold,2023-02-20T00:00:00+00:00,2025-05-07T20:40:00+00:00
C00259,Xavier,Pascual,xavier.pascual259@example.com,Manila,Bronze,2023-09-27T00:00:00+00:00,2024-12-28T17:29:00+00:00
C00260,Ella,Torres,ella.torres260@example.com,Quezon City,Silver,2023-07-20T00:00:00+00:00,2026-03-11T22:51:00+00:00
C00261,Hannah,Navarro,hannah.navarro261@example.com,Mandaluyong,Silver,2023-10-14T00:00:00+00:00,2025-10-12T03:54:00+00:00
C00262,Paolo,Ramos,paolo.ramos262@example.com,Caloocan,Gold,2023-08-25T00:00:00+00:00,2024-06-27T17:12:00+00:00
C00263,Marco,Dela Cruz,marco.delacruz263@example.com,Caloocan,Gold,2023-02-17T00:00:00+00:00,2025-08-15T12:57:00+00:00
C00264,Tomas,Mercado,tomas.mercado264@example.com,Marikina,Gold,2023-04-12T00:00:00+00:00,2025-07-06T04:26:00+00:00
C00265,Diego,Castillo,diego.castillo265@example.com,Caloocan,Silver,2023-08-25T00:00:00+00:00,2025-08-13T11:46:00+00:00
C00266,Carla,Castillo,carla.castillo266@example.com,Pasig,Gold,2023-09-21T00:00:00+00:00,2024-11-28T01:12:00+00:00
C00267,Zoe,Fernandez,zoe.fernandez267@example.com,Quezon City,Bronze,2023-05-30T00:00:00+00:00,2025-04-02T03:13:00+00:00
C00268,Queenie,Ramos,queenie.ramos268@example.com,Quezon City,Bronze,2023-02-10T00:00:00+00:00,2025-09-14T14:34:00+00:00
C00269,Grace,Fernandez,grace.fernandez269@example.com,Manila,Bronze,2023-12-18T00:00:00+00:00,2024-03-22T07:05:00+00:00
C00270,Wendy,Navarro,wendy.navarro270@example.com,Pasay,Gold,2023-09-12T00:00:00+00:00,2025-04-16T00:11:00+00:00
C00271,Paolo,Bautista,paolo.bautista271@example.com,Makati,Bronze,2023-12-15T00:00:00+00:00,2025-11-28T07:16:00+00:00
C00272,Lara,Torres,lara.torres272@example.com,Quezon City,Silver,2023-11-11T00:00:00+00:00,2025-08-15T00:06:00+00:00
C00273,Xavier,Mendoza,xavier.mendoza273@example.com,Marikina,Bronze,2023-03-07T00:00:00+00:00,2024-07-31T13:18:00+00:00
C00274,Sofia,Dela Cruz,sofia.delacruz274@example.com,Manila,Silver,2023-11-06T00:00:00+00:00,2024-07-07T11:46:00+00:00
C00275,Kevin,Lim,kevin.lim275@example.com,Quezon City,Silver,2023-05-05T00:00:00+00:00,2025-05-10T06:58:00+00:00
C00276,Ben,Tan,ben.tan276@example.com,Manila,Silver,2023-12-24T00:00:00+00:00,2025-06-02T00:06:00+00:00
C00277,Paolo,Aquino,paolo.aquino277@example.com,Parañaque,Bronze,2023-04-16T00:00:00+00:00,2024-07-18T05:04:00+00:00
C00278,Uma,Santos,uma.santos278@example.com,Mandaluyong,Gold,2023-07-08T00:00:00+00:00,2024-05-13T05:06:00+00:00
C00279,Ana,Fernandez,ana.fernandez279@example.com,Pasay,Bronze,2023-05-18T00:00:00+00:00,2024-05-03T07:00:00+00:00
C00280,Marco,Garcia,marco.garcia280@example.com,Caloocan,Silver,2023-10-25T00:00:00+00:00,2024-06-09T01:00:00+00:00
C00281,Victor,Reyes,victor.reyes281@example.com,Makati,Bronze,2023-08-02T00:00:00+00:00,2025-06-17T20:46:00+00:00
C00282,Hannah,Ramos,hannah.ramos282@example.com,Quezon City,Bronze,2023-08-01T00:00:00+00:00,2024-08-11T05:37:00+00:00
C00283,Uma,Diaz,uma.diaz283@example.com,Quezon City,Gold,2023-05-03T00:00:00+00:00,2026-03-26T00:04:00+00:00
C00284,Ben,Navarro,ben.navarro284@example.com,Pasig,Silver,2023-06-05T00:00:00+00:00,2025-08-16T03:38:00+00:00
C00285,Ella,Santos,ella.santos285@example.com,Marikina,Silver,2023-12-01T00:00:00+00:00,2024-12-21T20:11:00+00:00
C00286,Yasmin,Santos,yasmin.santos286@example.com,Parañaque,Bronze,2023-11-28T00:00:00+00:00,2024-10-28T05:24:00+00:00
C00287,Lara,Aquino,lara.aquino287@example.com,Mandaluyong,Gold,2023-06-22T00:00:00+00:00,2024-10-29T15:35:00+00:00
C00288,Kevin,Diaz,kevin.diaz288@example.com,Taguig,Gold,2023-07-01T00:00:00+00:00,2025-05-28T14:41:00+00:00
C00289,Ana,Diaz,ana.diaz289@example.com,Manila,Bronze,2023-08-11T00:00:00+00:00,2025-12-25T06:08:00+00:00
C00290,Xavier,Lim,xavier.lim290@example.com,Mandaluyong,Bronze,2023-10-08T00:00:00+00:00,2025-04-09T08:23:00+00:00
C00291,Lara,Castillo,lara.castillo291@example.com,Pasay,Bronze,2023-05-31T00:00:00+00:00,2024-04-19T00:53:00+00:00
C00292,Ramon,Torres,ramon.torres292@example.com,Mandaluyong,Bronze,2023-04-19T00:00:00+00:00,2024-04-13T12:13:00+00:00
C00293,Sofia,Garcia,sofia.garcia293@example.com,Caloocan,Bronze,2023-11-02T00:00:00+00:00,2024-01-24T05:28:00+00:00
C00294,Diego,Navarro,diego.navarro294@example.com,Makati,Bronze,2023-06-13T00:00:00+00:00,2024-02-19T22:57:00+00:00
C00295,Oscar,Castillo,oscar.castillo295@example.com,Taguig,Silver,2023-09-16T00:00:00+00:00,2024-02-11T21:06:00+00:00
C00296,Yasmin,Torres,yasmin.torres296@example.com,Taguig,Bronze,2023-02-23T00:00:00+00:00,2025-06-23T10:51:00+00:00
C00297,Yasmin,Fernandez,yasmin.fernandez297@example.com,Pasig,Silver,2023-12-06T00:00:00+00:00,2024-02-09T10:42:00+00:00
C00298,Queenie,Pascual,queenie.pascual298@example.com,Manila,Bronze,2023-01-25T00:00:00+00:00,2026-01-12T07:42:00+00:00
C00299,Ben,Cruz,ben.cruz299@example.com,Pasay,Bronze,2023-05-13T00:00:00+00:00,2024-10-29T12:59:00+00:00
C00300,Julia,Diaz,julia.diaz300@example.com,Taguig,Bronze,2023-08-31T00:00:00+00:00,2024-09-23T18:38:00+00:00
C00301,Sofia,Dela Cruz,sofia.delacruz301@example.com,Taguig,Bronze,2023-04-07T00:00:00+00:00,2025-02-20T07:33:00+00:00
C00302,Zoe,Bautista,zoe.bautista302@example.com,Manila,Gold,2023-02-04T00:00:00+00:00,2025-12-14T19:30:00+00:00
C00303,Wendy,Pascual,wendy.pascual303@example.com,Quezon City,Silver,2023-04-25T00:00:00+00:00,2026-04-18T20:37:00+00:00
C00304,Yasmin,Tan,yasmin.tan304@example.com,Makati,Bronze,2023-03-27T00:00:00+00:00,2026-03-20T21:51:00+00:00
C00305,Oscar,Navarro,oscar.navarro305@example.com,Pasay,Silver,2023-03-30T00:00:00+00:00,2026-04-07T14:24:00+00:00
C00306,Queenie,Tan,queenie.tan306@example.com,Makati,Bronze,2023-12-07T00:00:00+00:00,2026-02-27T13:38:00+00:00
C00307,Kevin,Aquino,kevin.aquino307@example.com,Pasig,Silver,2023-10-18T00:00:00+00:00,2025-04-24T03:56:00+00:00
C00308,Uma,Aquino,uma.aquino308@example.com,Quezon City,Gold,2023-08-08T00:00:00+00:00,2024-10-03T01:00:00+00:00
C00309,Julia,Lim,julia.lim309@example.com,Parañaque,Bronze,2023-03-07T00:00:00+00:00,2024-03-22T18:08:00+00:00
C00310,Yasmin,Villanueva,yasmin.villanueva310@example.com,Parañaque,Bronze,2023-09-21T00:00:00+00:00,2024-05-26T05:12:00+00:00
C00311,Ben,Flores,ben.flores311@example.com,Makati,Bronze,2023-07-26T00:00:00+00:00,2026-04-17T12:39:00+00:00
C00312,Ella,Tan,ella.tan312@example.com,Pasig,Silver,2023-01-28T00:00:00+00:00,2024-02-13T19:49:00+00:00
C00313,Tomas,Torres,tomas.torres313@example.com,Parañaque,Bronze,2023-10-13T00:00:00+00:00,2024-05-09T01:35:00+00:00
C00314,Ben,Reyes,ben.reyes314@example.com,Taguig,Platinum,2023-02-12T00:00:00+00:00,2026-03-03T07:10:00+00:00
C00315,Zoe,Navarro,zoe.navarro315@example.com,Pasay,Gold,2023-06-14T00:00:00+00:00,2025-06-02T10:15:00+00:00
C00316,Grace,Reyes,grace.reyes316@example.com,Quezon City,Silver,2023-09-28T00:00:00+00:00,2025-08-10T15:37:00+00:00
C00317,Ana,Lim,ana.lim317@example.com,Marikina,Silver,2023-06-20T00:00:00+00:00,2024-10-10T19:37:00+00:00
C00318,Queenie,Lim,queenie.lim318@example.com,Taguig,Bronze,2023-08-20T00:00:00+00:00,2026-01-30T02:23:00+00:00
C00319,Francis,Reyes,francis.reyes319@example.com,Caloocan,Bronze,2023-01-20T00:00:00+00:00,2024-03-26T19:55:00+00:00
C00320,Ella,Cruz,ella.cruz320@example.com,Manila,Bronze,2023-11-21T00:00:00+00:00,2024-02-07T21:53:00+00:00
C00321,Francis,Mercado,francis.mercado321@example.com,Quezon City,Gold,2023-03-28T00:00:00+00:00,2025-05-30T22:08:00+00:00
C00322,Sofia,Bautista,sofia.bautista322@example.com,Caloocan,Bronze,2023-06-21T00:00:00+00:00,2024-03-26T22:05:00+00:00
C00323,Victor,Flores,victor.flores323@example.com,Makati,Bronze,2023-08-23T00:00:00+00:00,2025-06-17T22:08:00+00:00
C00324,Hannah,Castillo,hannah.castillo324@example.com,Manila,Silver,2023-09-11T00:00:00+00:00,2024-08-29T10:25:00+00:00
C00325,Marco,Torres,marco.torres325@example.com,Marikina,Bronze,2023-01-06T00:00:00+00:00,2025-01-17T06:07:00+00:00
C00326,Ben,Cruz,ben.cruz326@example.com,Mandaluyong,Bronze,2023-04-03T00:00:00+00:00,2025-02-24T20:54:00+00:00
C00327,Hannah,Villanueva,hannah.villanueva327@example.com,Manila,Bronze,2023-12-16T00:00:00+00:00,2024-01-22T20:51:00+00:00
C00328,Victor,Garcia,victor.garcia328@example.com,Manila,Bronze,2023-03-06T00:00:00+00:00,2026-02-19T19:18:00+00:00
C00329,Diego,Fernandez,diego.fernandez329@example.com,Manila,Gold,2023-08-17T00:00:00+00:00,2026-03-11T02:31:00+00:00
C00330,Yasmin,Dela Cruz,yasmin.delacruz330@example.com,Parañaque,Silver,2023-06-18T00:00:00+00:00,2025-04-29T19:39:00+00:00
C00331,Wendy,Garcia,wendy.garcia331@example.com,Makati,Gold,2023-04-05T00:00:00+00:00,2024-02-28T06:21:00+00:00
C00332,Oscar,Flores,oscar.flores332@example.com,Quezon City,Platinum,2023-08-01T00:00:00+00:00,2026-02-01T10:46:00+00:00
C00333,Nina,Reyes,nina.reyes333@example.com,Taguig,Bronze,2023-12-03T00:00:00+00:00,2025-05-25T00:08:00+00:00
C00334,Francis,Reyes,francis.reyes334@example.com,Manila,Bronze,2023-09-28T00:00:00+00:00,2024-08-22T07:26:00+00:00
C00335,Nina,Torres,nina.torres335@example.com,Manila,Bronze,2023-01-05T00:00:00+00:00,2025-08-25T00:48:00+00:00
C00336,Paolo,Cruz,paolo.cruz336@example.com,Taguig,Silver,2023-09-26T00:00:00+00:00,2025-08-09T06:44:00+00:00
C00337,Queenie,Bautista,queenie.bautista337@example.com,Taguig,Platinum,2023-02-12T00:00:00+00:00,2024-02-10T15:05:00+00:00
C00338,Uma,Castillo,uma.castillo338@example.com,Taguig,Gold,2023-10-14T00:00:00+00:00,2024-06-15T23:51:00+00:00
C00339,Diego,Flores,diego.flores339@example.com,Caloocan,Bronze,2023-07-05T00:00:00+00:00,2025-10-22T12:51:00+00:00
C00340,Ella,Cruz,ella.cruz340@example.com,Marikina,Bronze,2023-10-06T00:00:00+00:00,2026-03-18T03:28:00+00:00
C00341,Diego,Mercado,diego.mercado341@example.com,Marikina,Silver,2023-10-14T00:00:00+00:00,2025-09-08T00:17:00+00:00
C00342,Wendy,Lim,wendy.lim342@example.com,Manila,Gold,2023-03-09T00:00:00+00:00,2024-09-06T22:07:00+00:00
C00343,Ramon,Flores,ramon.flores343@example.com,Quezon City,Gold,2023-12-25T00:00:00+00:00,2024-06-08T17:08:00+00:00
C00344,Yasmin,Cruz,yasmin.cruz344@example.com,Parañaque,Gold,2023-01-31T00:00:00+00:00,2026-02-16T21:35:00+00:00
C00345,Uma,Ramos,uma.ramos345@example.com,Makati,Silver,2023-05-01T00:00:00+00:00,2024-11-18T12:16:00+00:00
C00346,Ana,Castillo,ana.castillo346@example.com,Pasig,Silver,2023-08-28T00:00:00+00:00,2025-08-17T17:14:00+00:00
C00347,Zoe,Bautista,zoe.bautista347@example.com,Pasig,Bronze,2023-02-11T00:00:00+00:00,2026-02-28T11:57:00+00:00
C00348,Queenie,Bautista,queenie.bautista348@example.com,Taguig,Bronze,2023-12-20T00:00:00+00:00,2024-05-21T04:48:00+00:00
C00349,Sofia,Fernandez,sofia.fernandez349@example.com,Quezon City,Bronze,2023-08-28T00:00:00+00:00,2026-03-17T09:57:00+00:00
C00350,Yasmin,Navarro,yasmin.navarro350@example.com,Pasig,Silver,2023-03-22T00:00:00+00:00,2024-03-30T11:37:00+00:00
C00351,Paolo,Ramos,paolo.ramos351@example.com,Quezon City,Gold,2023-07-04T00:00:00+00:00,2025-01-27T14:36:00+00:00
C00352,Wendy,Santos,wendy.santos352@example.com,Mandaluyong,Gold,2023-10-26T00:00:00+00:00,2026-04-05T09:20:00+00:00
C00353,Victor,Aquino,victor.aquino353@example.com,Pasay,Gold,2023-05-08T00:00:00+00:00,2024-08-09T19:20:00+00:00
C00354,Hannah,Dela Cruz,hannah.delacruz354@example.com,Taguig,Gold,2023-09-28T00:00:00+00:00,2026-01-03T23:19:00+00:00
C00355,Diego,Mendoza,diego.mendoza355@example.com,Pasay,Silver,2023-07-22T00:00:00+00:00,2024-06-23T21:23:00+00:00
C00356,Diego,Diaz,diego.diaz356@example.com,Taguig,Gold,2023-04-23T00:00:00+00:00,2025-07-24T02:23:00+00:00
C00357,Nina,Diaz,nina.diaz357@example.com,Parañaque,Bronze,2023-08-18T00:00:00+00:00,2026-01-17T02:55:00+00:00
C00358,Paolo,Flores,paolo.flores358@example.com,Manila,Bronze,2023-03-08T00:00:00+00:00,2024-08-16T17:52:00+00:00
C00359,Tomas,Dela Cruz,tomas.delacruz359@example.com,Pasay,Bronze,2023-02-14T00:00:00+00:00,2025-04-01T04:43:00+00:00
C00360,Julia,Cruz,julia.cruz360@example.com,Parañaque,Platinum,2023-11-10T00:00:00+00:00,2026-02-05T03:56:00+00:00
C00361,Diego,Flores,diego.flores361@example.com,Pasay,Silver,2023-11-21T00:00:00+00:00,2025-07-18T16:57:00+00:00
C00362,Francis,Mendoza,francis.mendoza362@example.com,Caloocan,Platinum,2023-01-31T00:00:00+00:00,2025-11-16T18:32:00+00:00
C00363,Oscar,Lim,oscar.lim363@example.com,Marikina,Bronze,2023-03-16T00:00:00+00:00,2025-07-07T00:17:00+00:00
C00364,Hannah,Garcia,hannah.garcia364@example.com,Caloocan,Silver,2023-08-10T00:00:00+00:00,2025-11-18T03:24:00+00:00
C00365,Diego,Fernandez,diego.fernandez365@example.com,Parañaque,Bronze,2023-06-04T00:00:00+00:00,2024-04-25T01:31:00+00:00
C00366,Ana,Reyes,ana.reyes366@example.com,Manila,Platinum,2023-07-16T00:00:00+00:00,2024-04-23T10:51:00+00:00
C00367,Francis,Santos,francis.santos367@example.com,Mandaluyong,Bronze,2023-07-26T00:00:00+00:00,2024-05-27T12:27:00+00:00
C00368,Lara,Aquino,lara.aquino368@example.com,Makati,Bronze,2023-12-04T00:00:00+00:00,2025-05-25T09:58:00+00:00
C00369,Victor,Aquino,victor.aquino369@example.com,Quezon City,Gold,2023-02-09T00:00:00+00:00,2025-07-25T00:05:00+00:00
C00370,Diego,Navarro,diego.navarro370@example.com,Parañaque,Gold,2023-02-19T00:00:00+00:00,2026-01-10T07:29:00+00:00
C00371,Ben,Castillo,ben.castillo371@example.com,Caloocan,Silver,2023-07-15T00:00:00+00:00,2024-11-09T01:14:00+00:00
C00372,Sofia,Villanueva,sofia.villanueva372@example.com,Manila,Gold,2023-01-24T00:00:00+00:00,2025-12-29T05:48:00+00:00
C00373,Ramon,Cruz,ramon.cruz373@example.com,Quezon City,Gold,2023-04-29T00:00:00+00:00,2024-12-10T10:13:00+00:00
C00374,Ivan,Dela Cruz,ivan.delacruz374@example.com,Marikina,Silver,2023-04-21T00:00:00+00:00,2025-09-07T14:05:00+00:00
C00375,Julia,Dela Cruz,julia.delacruz375@example.com,Mandaluyong,Silver,2023-01-05T00:00:00+00:00,2024-01-15T17:39:00+00:00
C00376,Paolo,Mendoza,paolo.mendoza376@example.com,Makati,Silver,2023-02-16T00:00:00+00:00,2025-03-12T19:19:00+00:00
C00377,Ivan,Aquino,ivan.aquino377@example.com,Mandaluyong,Bronze,2023-08-18T00:00:00+00:00,2024-08-13T18:34:00+00:00
C00378,Paolo,Cruz,paolo.cruz378@example.com,Taguig,Bronze,2023-04-19T00:00:00+00:00,2025-11-04T17:48:00+00:00
C00379,Grace,Lim,grace.lim379@example.com,Caloocan,Bronze,2023-10-05T00:00:00+00:00,2025-12-30T00:58:00+00:00
C00380,Nina,Garcia,nina.garcia380@example.com,Makati,Bronze,2023-01-21T00:00:00+00:00,2025-10-31T16:15:00+00:00
C00381,Yasmin,Garcia,yasmin.garcia381@example.com,Pasig,Gold,2023-09-10T00:00:00+00:00,2024-01-07T18:38:00+00:00
C00382,Grace,Pascual,grace.pascual382@example.com,Mandaluyong,Bronze,2023-06-06T00:00:00+00:00,2024-04-30T13:38:00+00:00
C00383,Francis,Aquino,francis.aquino383@example.com,Pasay,Bronze,2023-02-06T00:00:00+00:00,2024-12-16T21:06:00+00:00
C00384,Nina,Tan,nina.tan384@example.com,Manila,Silver,2023-11-30T00:00:00+00:00,2024-08-14T04:30:00+00:00
C00385,Yasmin,Mercado,yasmin.mercado385@example.com,Quezon City,Gold,2023-02-14T00:00:00+00:00,2026-04-11T08:26:00+00:00
C00386,Marco,Diaz,marco.diaz386@example.com,Mandaluyong,Silver,2023-05-12T00:00:00+00:00,2026-01-19T09:16:00+00:00
C00387,Julia,Villanueva,julia.villanueva387@example.com,Marikina,Bronze,2023-08-08T00:00:00+00:00,2024-05-01T13:33:00+00:00
C00388,Ana,Pascual,ana.pascual388@example.com,Manila,Gold,2023-01-07T00:00:00+00:00,2025-07-25T14:35:00+00:00
C00389,Paolo,Tan,paolo.tan389@example.com,Pasay,Gold,2023-08-19T00:00:00+00:00,2025-06-08T10:23:00+00:00
C00390,Queenie,Santos,queenie.santos390@example.com,Mandaluyong,Bronze,2023-06-30T00:00:00+00:00,2024-10-20T22:22:00+00:00
C00391,Queenie,Aquino,queenie.aquino391@example.com,Parañaque,Silver,2023-12-09T00:00:00+00:00,2025-07-03T16:52:00+00:00
C00392,Xavier,Pascual,xavier.pascual392@example.com,Caloocan,Bronze,2023-01-29T00:00:00+00:00,2024-03-16T13:11:00+00:00
C00393,Ben,Bautista,ben.bautista393@example.com,Parañaque,Silver,2023-01-20T00:00:00+00:00,2024-12-01T11:40:00+00:00
C00394,Marco,Flores,marco.flores394@example.com,Pasay,Bronze,2023-02-28T00:00:00+00:00,2024-09-22T12:05:00+00:00
C00395,Julia,Navarro,julia.navarro395@example.com,Marikina,Bronze,2023-09-12T00:00:00+00:00,2024-08-21T11:42:00+00:00
C00396,Kevin,Reyes,kevin.reyes396@example.com,Makati,Silver,2023-02-07T00:00:00+00:00,2026-04-29T18:56:00+00:00
C00397,Queenie,Navarro,queenie.navarro397@example.com,Quezon City,Bronze,2023-12-15T00:00:00+00:00,2024-07-19T18:54:00+00:00
C00398,Ben,Lim,ben.lim398@example.com,Caloocan,Silver,2023-12-11T00:00:00+00:00,2025-01-05T00:57:00+00:00
C00399,Diego,Castillo,diego.castillo399@example.com,Parañaque,Silver,2023-10-13T00:00:00+00:00,2025-11-14T06:28:00+00:00
C00400,Francis,Fernandez,francis.fernandez400@example.com,Caloocan,Bronze,2023-07-26T00:00:00+00:00,2025-07-11T15:35:00+00:00
C00401,Victor,Villanueva,victor.villanueva401@example.com,Mandaluyong,Bronze,2023-11-21T00:00:00+00:00,2025-11-04T06:21:00+00:00
C00402,Diego,Garcia,diego.garcia402@example.com,Manila,Silver,2023-02-07T00:00:00+00:00,2025-04-29T17:19:00+00:00
C00403,Ella,Aquino,ella.aquino403@example.com,Taguig,Bronze,2023-12-24T00:00:00+00:00,2024-04-19T05:16:00+00:00
C00404,Uma,Tan,uma.tan404@example.com,Parañaque,Gold,2023-11-02T00:00:00+00:00,2025-07-25T11:40:00+00:00
C00405,Uma,Garcia,uma.garcia405@example.com,Taguig,Silver,2023-06-26T00:00:00+00:00,2025-03-18T19:25:00+00:00
C00406,Oscar,Cruz,oscar.cruz406@example.com,Mandaluyong,Silver,2023-08-01T00:00:00+00:00,2025-04-07T10:57:00+00:00
C00407,Queenie,Lim,queenie.lim407@example.com,Taguig,Platinum,2023-09-09T00:00:00+00:00,2025-09-05T17:21:00+00:00
C00408,Kevin,Aquino,kevin.aquino408@example.com,Mandaluyong,Bronze,2023-11-29T00:00:00+00:00,2024-03-02T20:43:00+00:00
C00409,Ben,Fernandez,ben.fernandez409@example.com,Taguig,Silver,2023-01-06T00:00:00+00:00,2025-05-25T02:21:00+00:00
C00410,Uma,Reyes,uma.reyes410@example.com,Taguig,Bronze,2023-01-31T00:00:00+00:00,2024-03-07T23:01:00+00:00
C00411,Ivan,Mendoza,ivan.mendoza411@example.com,Taguig,Platinum,2023-10-05T00:00:00+00:00,2024-05-03T01:07:00+00:00
C00412,Grace,Castillo,,Pasig,Gold,2023-12-09T00:00:00+00:00,2024-05-22T19:44:00+00:00
C00413,Zoe,Castillo,zoe.castillo413@example.com,Marikina,Gold,2023-01-16T00:00:00+00:00,2024-05-19T02:54:00+00:00
C00414,Carla,Bautista,carla.bautista414@example.com,Mandaluyong,Silver,2023-06-26T00:00:00+00:00,2026-04-18T23:24:00+00:00
C00415,Francis,Diaz,francis.diaz415@example.com,Marikina,Silver,2023-09-04T00:00:00+00:00,2024-10-13T16:28:00+00:00
C00416,Uma,Ramos,uma.ramos416@example.com,Quezon City,Gold,2023-11-07T00:00:00+00:00,2025-01-22T18:39:00+00:00
C00417,Marco,Navarro,marco.navarro417@example.com,Pasig,Bronze,2023-08-11T00:00:00+00:00,2024-08-10T04:45:00+00:00
C00418,Grace,Mercado,grace.mercado418@example.com,Pasig,Silver,2023-04-25T00:00:00+00:00,2026-01-02T07:03:00+00:00
C00419,Ben,Aquino,ben.aquino419@example.com,Taguig,Silver,2023-08-13T00:00:00+00:00,2024-10-21T21:26:00+00:00
C00420,Ana,Flores,ana.flores420@example.com,Caloocan,Bronze,2023-06-25T00:00:00+00:00,2025-02-03T12:14:00+00:00
C00421,Hannah,Lim,hannah.lim421@example.com,Pasay,Gold,2023-04-26T00:00:00+00:00,2024-09-26T18:11:00+00:00
C00422,Xavier,Garcia,xavier.garcia422@example.com,Makati,Silver,2023-10-08T00:00:00+00:00,2025-03-28T07:38:00+00:00
C00423,Ivan,Mercado,ivan.mercado423@example.com,Pasay,Gold,2023-07-02T00:00:00+00:00,2024-08-03T09:51:00+00:00
C00424,Marco,Torres,marco.torres424@example.com,Marikina,Gold,2023-11-08T00:00:00+00:00,2025-02-18T09:23:00+00:00
C00425,Lara,Torres,lara.torres425@example.com,Makati,Bronze,2023-01-10T00:00:00+00:00,2024-08-06T09:25:00+00:00
C00426,Victor,Castillo,victor.castillo426@example.com,Mandaluyong,Bronze,2023-04-11T00:00:00+00:00,2024-03-08T04:29:00+00:00
C00427,Hannah,Pascual,hannah.pascual427@example.com,Marikina,Silver,2023-11-09T00:00:00+00:00,2024-03-24T20:56:00+00:00
C00428,Xavier,Dela Cruz,xavier.delacruz428@example.com,Manila,Gold,2023-10-05T00:00:00+00:00,2025-04-16T05:36:00+00:00
C00429,Nina,Dela Cruz,nina.delacruz429@example.com,Manila,Bronze,2023-06-22T00:00:00+00:00,2024-09-15T00:06:00+00:00
C00430,Oscar,Flores,oscar.flores430@example.com,Quezon City,Bronze,2023-02-27T00:00:00+00:00,2024-05-01T11:08:00+00:00
C00431,Francis,Cruz,francis.cruz431@example.com,Marikina,Bronze,2023-04-05T00:00:00+00:00,2025-04-03T14:35:00+00:00
C00432,Ana,Bautista,ana.bautista432@example.com,Pasay,Bronze,2023-10-07T00:00:00+00:00,2024-12-21T21:58:00+00:00
C00433,Ivan,Aquino,ivan.aquino433@example.com,Caloocan,Silver,2023-04-07T00:00:00+00:00,2024-10-27T03:58:00+00:00
C00434,Nina,Navarro,nina.navarro434@example.com,Caloocan,Bronze,2023-02-25T00:00:00+00:00,2024-05-19T07:19:00+00:00
C00435,Lara,Lim,lara.lim435@example.com,Quezon City,Silver,2023-06-30T00:00:00+00:00,2024-07-02T11:02:00+00:00
C00436,Sofia,Lim,sofia.lim436@example.com,Marikina,Bronze,2023-02-22T00:00:00+00:00,2024-12-09T19:35:00+00:00
C00437,Queenie,Aquino,queenie.aquino437@example.com,Marikina,Silver,2023-07-20T00:00:00+00:00,2025-04-12T11:39:00+00:00
C00438,Paolo,Castillo,paolo.castillo438@example.com,Manila,Bronze,2023-11-02T00:00:00+00:00,2026-01-09T15:30:00+00:00
C00439,Ella,Santos,ella.santos439@example.com,Caloocan,Bronze,2023-06-08T00:00:00+00:00,2024-02-01T18:58:00+00:00
C00440,Lara,Mendoza,lara.mendoza440@example.com,Taguig,Silver,2023-03-01T00:00:00+00:00,2025-10-18T03:59:00+00:00
C00441,Julia,Garcia,julia.garcia441@example.com,Taguig,Bronze,2023-03-31T00:00:00+00:00,2024-08-23T14:50:00+00:00
C00442,Uma,Flores,uma.flores442@example.com,Taguig,Silver,2023-07-09T00:00:00+00:00,2025-07-04T06:13:00+00:00
C00443,Carla,Lim,carla.lim443@example.com,Caloocan,Bronze,2023-01-21T00:00:00+00:00,2025-05-24T02:51:00+00:00
C00444,Carla,Castillo,carla.castillo444@example.com,Caloocan,Gold,2023-07-07T00:00:00+00:00,2025-01-25T18:21:00+00:00
C00445,Diego,Bautista,diego.bautista445@example.com,Pasig,Bronze,2023-11-06T00:00:00+00:00,2024-05-08T06:16:00+00:00
C00446,Ivan,Mendoza,ivan.mendoza446@example.com,Mandaluyong,Bronze,2023-12-05T00:00:00+00:00,2024-07-18T22:43:00+00:00
C00447,Oscar,Santos,oscar.santos447@example.com,Makati,Bronze,2023-09-23T00:00:00+00:00,2024-01-10T23:40:00+00:00
C00448,Ivan,Reyes,ivan.reyes448@example.com,Marikina,Gold,2023-12-30T00:00:00+00:00,2025-10-25T02:09:00+00:00
C00449,Ivan,Mercado,ivan.mercado449@example.com,Caloocan,Silver,2023-04-21T00:00:00+00:00,2024-07-08T10:24:00+00:00
C00450,Ramon,Bautista,ramon.bautista450@example.com,Marikina,Bronze,2023-06-01T00:00:00+00:00,2024-02-29T03:20:00+00:00
C00451,Ben,Navarro,ben.navarro451@example.com,Taguig,Silver,2023-01-19T00:00:00+00:00,2025-10-23T23:17:00+00:00
C00452,Hannah,Aquino,hannah.aquino452@example.com,Manila,Gold,2023-04-22T00:00:00+00:00,2024-02-09T03:16:00+00:00
C00453,Sofia,Flores,sofia.flores453@example.com,Parañaque,Bronze,2023-11-14T00:00:00+00:00,2025-04-02T00:40:00+00:00
C00454,Sofia,Mendoza,sofia.mendoza454@example.com,Makati,Gold,2023-10-27T00:00:00+00:00,2024-03-26T08:36:00+00:00
C00455,Grace,Castillo,grace.castillo455@example.com,Makati,Silver,2023-12-24T00:00:00+00:00,2024-06-26T14:54:00+00:00
C00456,Oscar,Pascual,oscar.pascual456@example.com,Manila,Silver,2023-11-05T00:00:00+00:00,2024-03-08T09:42:00+00:00
C00457,Kevin,Reyes,kevin.reyes457@example.com,Parañaque,Bronze,2023-12-06T00:00:00+00:00,2025-01-07T03:56:00+00:00
C00458,Ella,Flores,ella.flores458@example.com,Quezon City,Bronze,2023-11-08T00:00:00+00:00,2025-10-27T21:04:00+00:00
C00459,Marco,Flores,marco.flores459@example.com,Parañaque,Platinum,2023-12-04T00:00:00+00:00,2024-09-03T02:53:00+00:00
C00460,Francis,Santos,francis.santos460@example.com,Quezon City,Silver,2023-04-02T00:00:00+00:00,2026-03-24T13:57:00+00:00
C00461,Marco,Santos,marco.santos461@example.com,Makati,Bronze,2023-04-11T00:00:00+00:00,2024-03-16T17:38:00+00:00
C00462,Ivan,Lim,ivan.lim462@example.com,Makati,Silver,2023-11-24T00:00:00+00:00,2024-10-08T10:15:00+00:00
C00463,Yasmin,Castillo,yasmin.castillo463@example.com,Quezon City,Gold,2023-07-10T00:00:00+00:00,2025-09-23T18:45:00+00:00
C00464,Francis,Reyes,francis.reyes464@example.com,Makati,Silver,2023-02-15T00:00:00+00:00,2025-01-06T23:47:00+00:00
C00465,Tomas,Flores,tomas.flores465@example.com,Manila,Bronze,2023-03-01T00:00:00+00:00,2026-03-04T13:47:00+00:00
C00466,Carla,Mercado,carla.mercado466@example.com,Makati,Gold,2023-11-22T00:00:00+00:00,2026-03-20T06:54:00+00:00
C00467,Grace,Garcia,grace.garcia467@example.com,Caloocan,Bronze,2023-10-22T00:00:00+00:00,2024-11-14T04:36:00+00:00
C00468,Francis,Santos,francis.santos468@example.com,Caloocan,Silver,2023-03-01T00:00:00+00:00,2024-09-20T13:36:00+00:00
C00469,Francis,Tan,francis.tan469@example.com,Quezon City,Bronze,2023-05-07T00:00:00+00:00,2024-11-02T12:50:00+00:00
C00470,Marco,Castillo,marco.castillo470@example.com,Mandaluyong,Bronze,2023-08-24T00:00:00+00:00,2024-09-23T00:20:00+00:00
C00471,Ben,Garcia,ben.garcia471@example.com,Parañaque,Bronze,2023-04-07T00:00:00+00:00,2024-09-06T15:08:00+00:00
C00472,Francis,Fernandez,francis.fernandez472@example.com,Pasig,Bronze,2023-05-02T00:00:00+00:00,2026-03-27T14:16:00+00:00
C00473,Victor,Reyes,victor.reyes473@example.com,Parañaque,Gold,2023-02-22T00:00:00+00:00,2025-09-18T00:01:00+00:00
C00474,Zoe,Diaz,zoe.diaz474@example.com,Pasay,Bronze,2023-09-26T00:00:00+00:00,2024-10-20T07:33:00+00:00
C00475,Carla,Garcia,carla.garcia475@example.com,Mandaluyong,Bronze,2023-04-02T00:00:00+00:00,2025-12-10T17:12:00+00:00
C00476,Ana,Villanueva,ana.villanueva476@example.com,Quezon City,Silver,2023-05-17T00:00:00+00:00,2024-09-28T09:31:00+00:00
C00477,Nina,Tan,nina.tan477@example.com,Pasay,Silver,2023-11-25T00:00:00+00:00,2024-07-02T00:29:00+00:00
C00478,Nina,Diaz,nina.diaz478@example.com,Caloocan,Bronze,2023-09-01T00:00:00+00:00,2024-03-30T07:58:00+00:00
C00479,Zoe,Villanueva,zoe.villanueva479@example.com,Pasay,Gold,2023-08-18T00:00:00+00:00,2024-09-28T21:07:00+00:00
C00480,Yasmin,Ramos,yasmin.ramos480@example.com,Mandaluyong,Silver,2023-01-21T00:00:00+00:00,2025-04-25T05:51:00+00:00
C00481,Marco,Cruz,marco.cruz481@example.com,Parañaque,Silver,2023-05-12T00:00:00+00:00,2024-05-20T08:21:00+00:00
C00482,Kevin,Santos,kevin.santos482@example.com,Parañaque,Gold,2023-09-06T00:00:00+00:00,2025-09-13T01:56:00+00:00
C00483,Ana,Tan,ana.tan483@example.com,Mandaluyong,Gold,2023-12-13T00:00:00+00:00,2026-03-18T04:57:00+00:00
C00484,Hannah,Mendoza,hannah.mendoza484@example.com,Quezon City,Bronze,2023-04-20T00:00:00+00:00,2024-09-16T09:14:00+00:00
C00485,Queenie,Aquino,queenie.aquino485@example.com,Quezon City,Bronze,2023-07-08T00:00:00+00:00,2025-02-15T18:40:00+00:00
C00486,Uma,Cruz,uma.cruz486@example.com,Taguig,Bronze,2023-12-19T00:00:00+00:00,2025-10-09T23:35:00+00:00
C00487,Ana,Mercado,ana.mercado487@example.com,Manila,Silver,2023-09-16T00:00:00+00:00,2025-12-01T15:01:00+00:00
C00488,Tomas,Tan,tomas.tan488@example.com,Parañaque,Bronze,2023-09-11T00:00:00+00:00,2024-06-08T14:32:00+00:00
C00489,Zoe,Aquino,zoe.aquino489@example.com,Makati,Bronze,2023-08-02T00:00:00+00:00,2026-01-23T15:55:00+00:00
C00490,Xavier,Ramos,xavier.ramos490@example.com,Parañaque,Bronze,2023-10-14T00:00:00+00:00,2024-04-30T20:18:00+00:00
C00491,Lara,Torres,lara.torres491@example.com,Marikina,Silver,2023-06-10T00:00:00+00:00,2025-08-03T22:05:00+00:00
C00492,Hannah,Flores,hannah.flores492@example.com,Mandaluyong,Bronze,2023-09-26T00:00:00+00:00,2024-08-16T11:23:00+00:00
C00493,Julia,Mendoza,julia.mendoza493@example.com,Pasig,Bronze,2023-11-29T00:00:00+00:00,2024-03-24T09:33:00+00:00
C00494,Sofia,Tan,sofia.tan494@example.com,Caloocan,Silver,2023-06-14T00:00:00+00:00,2025-03-01T11:18:00+00:00
C00495,Hannah,Aquino,hannah.aquino495@example.com,Taguig,Silver,2023-04-18T00:00:00+00:00,2024-12-27T05:57:00+00:00
C00496,Sofia,Santos,sofia.santos496@example.com,Taguig,Silver,2023-03-26T00:00:00+00:00,2025-04-21T00:14:00+00:00
C00497,Zoe,Tan,zoe.tan497@example.com,Mandaluyong,Silver,2023-02-06T00:00:00+00:00,2025-08-28T07:06:00+00:00
C00498,Ivan,Cruz,ivan.cruz498@example.com,Manila,Silver,2023-07-21T00:00:00+00:00,2024-12-31T14:54:00+00:00
C00499,Uma,Aquino,uma.aquino499@example.com,Taguig,Platinum,2023-03-20T00:00:00+00:00,2025-05-11T17:27:00+00:00
C00500,Uma,Diaz,uma.diaz500@example.com,Parañaque,Bronze,2023-08-26T00:00:00+00:00,2024-06-17T22:14:00+00:00
C00501,Ella,Bautista,ella.bautista501@example.com,Manila,Silver,2023-01-24T00:00:00+00:00,2026-01-08T21:53:00+00:00
C00502,Ramon,Mercado,ramon.mercado502@example.com,Mandaluyong,Gold,2023-06-10T00:00:00+00:00,2025-08-20T20:15:00+00:00
C00503,Oscar,Garcia,oscar.garcia503@example.com,Parañaque,Gold,2023-03-02T00:00:00+00:00,2025-05-23T21:22:00+00:00
C00504,Marco,Santos,marco.santos504@example.com,Pasay,Gold,2023-08-19T00:00:00+00:00,2024-04-28T02:10:00+00:00
C00505,Hannah,Reyes,hannah.reyes505@example.com,Marikina,Gold,2023-05-30T00:00:00+00:00,2026-03-30T20:13:00+00:00
C00506,Ana,Santos,ana.santos506@example.com,Mandaluyong,Bronze,2023-03-25T00:00:00+00:00,2025-06-11T11:43:00+00:00
C00507,Ana,Navarro,ana.navarro507@example.com,Pasay,Gold,2023-02-15T00:00:00+00:00,2025-08-31T12:25:00+00:00
C00508,Victor,Flores,victor.flores508@example.com,Marikina,Silver,2023-05-27T00:00:00+00:00,2026-03-04T02:13:00+00:00
C00509,Ramon,Flores,ramon.flores509@example.com,Pasig,Bronze,2023-09-17T00:00:00+00:00,2025-08-19T23:29:00+00:00
C00510,Hannah,Lim,hannah.lim510@example.com,Manila,Bronze,2023-02-16T00:00:00+00:00,2025-02-14T11:06:00+00:00
C00511,Zoe,Diaz,zoe.diaz511@example.com,Manila,Silver,2023-08-01T00:00:00+00:00,2025-11-19T17:20:00+00:00
C00512,Grace,Pascual,grace.pascual512@example.com,Makati,Gold,2023-10-10T00:00:00+00:00,2026-02-27T23:18:00+00:00
C00513,Oscar,Aquino,oscar.aquino513@example.com,Caloocan,Silver,2023-11-14T00:00:00+00:00,2024-02-20T04:10:00+00:00
C00514,Francis,Bautista,francis.bautista514@example.com,Parañaque,Silver,2024-01-01T00:00:00+00:00,2024-01-06T18:59:00+00:00
C00515,Ella,Santos,ella.santos515@example.com,Caloocan,Gold,2023-06-08T00:00:00+00:00,2025-07-04T05:46:00+00:00
C00516,Hannah,Dela Cruz,hannah.delacruz516@example.com,Makati,Silver,2023-10-28T00:00:00+00:00,2026-01-02T18:20:00+00:00
C00517,Nina,Garcia,nina.garcia517@example.com,Marikina,Silver,2023-04-22T00:00:00+00:00,2025-12-16T03:31:00+00:00
C00518,Queenie,Pascual,queenie.pascual518@example.com,Marikina,Gold,2023-10-06T00:00:00+00:00,2025-10-21T14:31:00+00:00
C00519,Xavier,Ramos,xavier.ramos519@example.com,Mandaluyong,Bronze,2023-07-23T00:00:00+00:00,2025-05-20T21:40:00+00:00
C00520,Yasmin,Dela Cruz,yasmin.delacruz520@example.com,Pasig,Gold,2023-11-09T00:00:00+00:00,2025-07-07T14:17:00+00:00
C00521,Nina,Lim,nina.lim521@example.com,Pasay,Bronze,2023-07-29T00:00:00+00:00,2026-02-28T18:58:00+00:00
C00522,Lara,Santos,lara.santos522@example.com,Pasay,Silver,2023-07-20T00:00:00+00:00,2025-05-14T14:31:00+00:00
C00523,Julia,Diaz,julia.diaz523@example.com,Pasig,Gold,2023-05-10T00:00:00+00:00,2024-11-14T13:31:00+00:00
C00524,Zoe,Mercado,zoe.mercado524@example.com,Makati,Gold,2023-09-12T00:00:00+00:00,2024-11-09T23:37:00+00:00
C00525,Nina,Lim,nina.lim525@example.com,Pasig,Bronze,2023-06-03T00:00:00+00:00,2025-03-31T07:31:00+00:00
C00526,Yasmin,Navarro,yasmin.navarro526@example.com,Makati,Silver,2023-05-09T00:00:00+00:00,2025-03-18T18:38:00+00:00
C00527,Ben,Tan,ben.tan527@example.com,Pasig,Platinum,2023-04-16T00:00:00+00:00,2025-07-29T22:51:00+00:00
C00528,Diego,Navarro,diego.navarro528@example.com,Manila,Bronze,2023-08-12T00:00:00+00:00,2025-08-28T01:18:00+00:00
C00529,Ella,Mendoza,ella.mendoza529@example.com,Manila,Bronze,2023-11-16T00:00:00+00:00,2024-10-01T19:41:00+00:00
C00530,Victor,Dela Cruz,victor.delacruz530@example.com,Marikina,Bronze,2023-02-01T00:00:00+00:00,2025-04-01T00:21:00+00:00
C00531,Marco,Torres,marco.torres531@example.com,Taguig,Silver,2023-04-05T00:00:00+00:00,2025-12-24T16:34:00+00:00
C00532,Uma,Navarro,uma.navarro532@example.com,Quezon City,Bronze,2023-03-08T00:00:00+00:00,2025-09-28T13:01:00+00:00
C00533,Kevin,Aquino,kevin.aquino533@example.com,Taguig,Bronze,2023-04-11T00:00:00+00:00,2024-11-25T19:16:00+00:00
C00534,Tomas,Ramos,tomas.ramos534@example.com,Mandaluyong,Bronze,2023-04-30T00:00:00+00:00,2024-03-25T10:02:00+00:00
C00535,Lara,Diaz,lara.diaz535@example.com,Parañaque,Bronze,2023-05-16T00:00:00+00:00,2026-02-14T13:51:00+00:00
C00536,Ramon,Villanueva,ramon.villanueva536@example.com,Pasay,Bronze,2023-05-10T00:00:00+00:00,2025-09-02T18:07:00+00:00
C00537,Francis,Fernandez,francis.fernandez537@example.com,Marikina,Gold,2023-06-04T00:00:00+00:00,2024-07-06T23:43:00+00:00
C00538,Yasmin,Garcia,yasmin.garcia538@example.com,Makati,Bronze,2023-08-03T00:00:00+00:00,2025-07-12T14:01:00+00:00
C00539,Uma,Castillo,uma.castillo539@example.com,Makati,Bronze,2023-07-16T00:00:00+00:00,2024-05-05T12:02:00+00:00
C00540,Ben,Garcia,ben.garcia540@example.com,Caloocan,Silver,2023-03-24T00:00:00+00:00,2024-07-15T10:02:00+00:00
C00541,Ramon,Reyes,ramon.reyes541@example.com,Parañaque,Gold,2023-01-22T00:00:00+00:00,2026-04-23T21:04:00+00:00
C00542,Paolo,Castillo,paolo.castillo542@example.com,Mandaluyong,Silver,2023-05-30T00:00:00+00:00,2024-09-03T07:30:00+00:00
C00543,Nina,Torres,nina.torres543@example.com,Quezon City,Bronze,2023-05-19T00:00:00+00:00,2025-04-25T07:35:00+00:00
C00544,Ramon,Pascual,ramon.pascual544@example.com,Makati,Bronze,2023-03-20T00:00:00+00:00,2025-10-25T10:42:00+00:00
C00545,Xavier,Cruz,xavier.cruz545@example.com,Marikina,Bronze,2023-07-12T00:00:00+00:00,2026-01-29T20:18:00+00:00
C00546,Ella,Flores,ella.flores546@example.com,Mandaluyong,Bronze,2023-03-12T00:00:00+00:00,2024-09-20T00:35:00+00:00
C00547,Ella,Mercado,ella.mercado547@example.com,Quezon City,Silver,2023-12-07T00:00:00+00:00,2024-12-06T03:00:00+00:00
C00548,Marco,Lim,marco.lim548@example.com,Parañaque,Gold,2023-10-02T00:00:00+00:00,2025-03-23T12:07:00+00:00
C00549,Grace,Fernandez,grace.fernandez549@example.com,Manila,Bronze,2023-08-29T00:00:00+00:00,2025-03-09T07:24:00+00:00
C00550,Ben,Garcia,ben.garcia550@example.com,Pasig,Bronze,2023-07-06T00:00:00+00:00,2024-04-18T15:55:00+00:00
C00551,Nina,Dela Cruz,nina.delacruz551@example.com,Pasig,Bronze,2023-04-22T00:00:00+00:00,2026-01-19T20:09:00+00:00
C00552,Ramon,Lim,ramon.lim552@example.com,Manila,Platinum,2023-08-12T00:00:00+00:00,2024-06-21T12:05:00+00:00
C00553,Carla,Ramos,carla.ramos553@example.com,Taguig,Platinum,2023-10-28T00:00:00+00:00,2025-08-01T13:02:00+00:00
C00554,Zoe,Aquino,zoe.aquino554@example.com,Pasay,Silver,2023-11-24T00:00:00+00:00,2025-02-23T05:37:00+00:00
C00555,Julia,Mercado,julia.mercado555@example.com,Quezon City,Silver,2023-09-17T00:00:00+00:00,2024-10-01T03:35:00+00:00
C00556,Ivan,Navarro,ivan.navarro556@example.com,Parañaque,Bronze,2023-01-16T00:00:00+00:00,2024-03-17T17:20:00+00:00
C00557,Sofia,Pascual,sofia.pascual557@example.com,Parañaque,Bronze,2023-01-27T00:00:00+00:00,2025-12-18T15:36:00+00:00
C00558,Tomas,Ramos,tomas.ramos558@example.com,Marikina,Bronze,2023-05-26T00:00:00+00:00,2025-12-16T19:08:00+00:00
C00559,Kevin,Ramos,kevin.ramos559@example.com,Manila,Silver,2023-10-02T00:00:00+00:00,2025-04-06T07:33:00+00:00
C00560,Carla,Flores,carla.flores560@example.com,Makati,Gold,2023-08-29T00:00:00+00:00,2026-01-15T03:13:00+00:00
C00561,Oscar,Torres,oscar.torres561@example.com,Parañaque,Gold,2023-04-25T00:00:00+00:00,2024-10-08T00:32:00+00:00
C00562,Ramon,Navarro,ramon.navarro562@example.com,Manila,Gold,2023-07-19T00:00:00+00:00,2025-09-05T02:43:00+00:00
C00563,Lara,Reyes,lara.reyes563@example.com,Caloocan,Bronze,2023-01-05T00:00:00+00:00,2026-03-27T12:25:00+00:00
C00564,Tomas,Ramos,tomas.ramos564@example.com,Pasig,Bronze,2023-04-09T00:00:00+00:00,2025-08-11T01:58:00+00:00
C00565,Nina,Reyes,nina.reyes565@example.com,Marikina,Silver,2023-10-17T00:00:00+00:00,2024-07-12T16:25:00+00:00
C00566,Xavier,Aquino,xavier.aquino566@example.com,Manila,Gold,2023-01-23T00:00:00+00:00,2026-04-25T01:21:00+00:00
C00567,Queenie,Bautista,queenie.bautista567@example.com,Mandaluyong,Silver,2023-09-13T00:00:00+00:00,2024-08-17T15:14:00+00:00
C00568,Grace,Aquino,grace.aquino568@example.com,Caloocan,Bronze,2023-09-24T00:00:00+00:00,2026-04-14T02:00:00+00:00
C00569,Victor,Aquino,victor.aquino569@example.com,Pasig,Silver,2023-08-25T00:00:00+00:00,2026-02-14T01:52:00+00:00
C00570,Ana,Castillo,ana.castillo570@example.com,Manila,Silver,2023-02-02T00:00:00+00:00,2026-01-12T07:33:00+00:00
C00571,Grace,Navarro,grace.navarro571@example.com,Marikina,Silver,2023-08-10T00:00:00+00:00,2024-10-17T03:48:00+00:00
C00572,Nina,Villanueva,nina.villanueva572@example.com,Quezon City,Gold,2023-08-06T00:00:00+00:00,2024-08-01T23:05:00+00:00
C00573,Grace,Aquino,grace.aquino573@example.com,Caloocan,Bronze,2023-04-24T00:00:00+00:00,2024-12-13T14:05:00+00:00
C00574,Ella,Garcia,ella.garcia574@example.com,Manila,Bronze,2023-09-24T00:00:00+00:00,2025-08-23T04:50:00+00:00
C00575,Ana,Fernandez,ana.fernandez575@example.com,Taguig,Bronze,2023-06-24T00:00:00+00:00,2025-04-22T12:58:00+00:00
C00576,Victor,Castillo,victor.castillo576@example.com,Caloocan,Bronze,2023-01-31T00:00:00+00:00,2025-12-03T23:52:00+00:00
C00577,Tomas,Diaz,tomas.diaz577@example.com,Quezon City,Gold,2023-06-13T00:00:00+00:00,2026-04-30T19:42:00+00:00
C00578,Uma,Torres,uma.torres578@example.com,Parañaque,Bronze,2023-12-03T00:00:00+00:00,2024-04-04T23:31:00+00:00
C00579,Francis,Ramos,francis.ramos579@example.com,Taguig,Silver,2023-08-07T00:00:00+00:00,2024-06-21T21:43:00+00:00
C00580,Julia,Fernandez,julia.fernandez580@example.com,Pasig,Silver,2023-05-15T00:00:00+00:00,2024-12-28T04:07:00+00:00
C00581,Kevin,Villanueva,kevin.villanueva581@example.com,Taguig,Bronze,2023-01-11T00:00:00+00:00,2026-02-20T15:12:00+00:00
C00582,Victor,Pascual,victor.pascual582@example.com,Pasig,Bronze,2023-02-25T00:00:00+00:00,2024-05-05T19:08:00+00:00
C00583,Paolo,Aquino,paolo.aquino583@example.com,Caloocan,Bronze,2023-04-06T00:00:00+00:00,2024-04-19T09:19:00+00:00
C00584,Paolo,Navarro,paolo.navarro584@example.com,Mandaluyong,Bronze,2023-01-28T00:00:00+00:00,2025-01-11T00:52:00+00:00
C00585,Yasmin,Navarro,yasmin.navarro585@example.com,Marikina,Bronze,2023-08-17T00:00:00+00:00,2026-04-21T01:16:00+00:00
C00586,Zoe,Torres,zoe.torres586@example.com,Pasig,Gold,2023-05-16T00:00:00+00:00,2024-03-29T20:45:00+00:00
C00587,Grace,Mendoza,grace.mendoza587@example.com,Taguig,Bronze,2023-11-16T00:00:00+00:00,2025-10-26T23:35:00+00:00
C00588,Yasmin,Flores,yasmin.flores588@example.com,Manila,Silver,2023-11-23T00:00:00+00:00,2025-04-07T15:09:00+00:00
C00589,Francis,Reyes,francis.reyes589@example.com,Quezon City,Bronze,2023-04-25T00:00:00+00:00,2025-01-05T10:29:00+00:00
C00590,Ana,Mendoza,ana.mendoza590@example.com,Mandaluyong,Bronze,2023-07-09T00:00:00+00:00,2024-11-08T18:29:00+00:00
C00591,Yasmin,Lim,yasmin.lim591@example.com,Caloocan,Gold,2023-04-09T00:00:00+00:00,2024-11-23T16:45:00+00:00
C00592,Nina,Flores,nina.flores592@example.com,Pasig,Platinum,2023-07-30T00:00:00+00:00,2024-03-22T09:25:00+00:00
C00593,Tomas,Reyes,tomas.reyes593@example.com,Makati,Bronze,2023-12-28T00:00:00+00:00,2024-05-12T02:35:00+00:00
C00594,Sofia,Santos,sofia.santos594@example.com,Parañaque,Bronze,2023-07-07T00:00:00+00:00,2025-09-09T19:13:00+00:00
C00595,Ana,Torres,ana.torres595@example.com,Marikina,Gold,2023-01-27T00:00:00+00:00,2025-06-27T23:03:00+00:00
C00596,Ella,Cruz,ella.cruz596@example.com,Caloocan,Bronze,2023-07-13T00:00:00+00:00,2025-08-19T23:50:00+00:00
C00597,Kevin,Tan,kevin.tan597@example.com,Marikina,Bronze,2023-05-25T00:00:00+00:00,2025-12-20T07:35:00+00:00
C00598,Ana,Santos,ana.santos598@example.com,Taguig,Silver,2023-03-03T00:00:00+00:00,2024-11-30T19:50:00+00:00
C00599,Marco,Mendoza,marco.mendoza599@example.com,Caloocan,Gold,2023-03-27T00:00:00+00:00,2024-08-07T10:02:00+00:00
C00600,Ana,Mercado,ana.mercado600@example.com,Mandaluyong,Bronze,2023-12-11T00:00:00+00:00,2024-08-17T13:05:00+00:00
C00601,Oscar,Ramos,oscar.ramos601@example.com,Manila,Silver,2023-10-17T00:00:00+00:00,2024-03-17T01:49:00+00:00
C00602,Xavier,Castillo,xavier.castillo602@example.com,Pasay,Gold,2023-04-10T00:00:00+00:00,2024-02-13T22:33:00+00:00
C00603,Kevin,Reyes,kevin.reyes603@example.com,Pasig,Silver,2023-11-19T00:00:00+00:00,2024-02-25T16:06:00+00:00
C00604,Nina,Mercado,nina.mercado604@example.com,Mandaluyong,Silver,2023-05-23T00:00:00+00:00,2025-11-26T04:28:00+00:00
C00605,Francis,Pascual,francis.pascual605@example.com,Makati,Bronze,2023-03-10T00:00:00+00:00,2024-12-08T01:54:00+00:00
C00606,Nina,Cruz,nina.cruz606@example.com,Pasig,Gold,2023-04-15T00:00:00+00:00,2024-04-19T19:57:00+00:00
C00607,Ana,Ramos,ana.ramos607@example.com,Taguig,Platinum,2023-12-09T00:00:00+00:00,2025-10-21T18:28:00+00:00
C00608,Grace,Lim,grace.lim608@example.com,Makati,Gold,2023-06-26T00:00:00+00:00,2025-01-24T16:24:00+00:00
C00609,Ramon,Mercado,ramon.mercado609@example.com,Mandaluyong,Silver,2023-07-14T00:00:00+00:00,2025-11-17T02:36:00+00:00
C00610,Francis,Reyes,francis.reyes610@example.com,Makati,Gold,2023-02-07T00:00:00+00:00,2024-03-15T20:23:00+00:00
C00611,Francis,Flores,francis.flores611@example.com,Pasig,Bronze,2023-03-05T00:00:00+00:00,2026-04-11T12:16:00+00:00
C00612,Ana,Tan,ana.tan612@example.com,Quezon City,Silver,2023-02-19T00:00:00+00:00,2025-06-01T13:43:00+00:00
C00613,Carla,Reyes,carla.reyes613@example.com,Manila,Silver,2023-03-28T00:00:00+00:00,2025-08-01T16:42:00+00:00
C00614,Oscar,Fernandez,oscar.fernandez614@example.com,Pasay,Silver,2023-06-05T00:00:00+00:00,2026-01-27T06:27:00+00:00
C00615,Ben,Lim,ben.lim615@example.com,Pasay,Bronze,2023-08-24T00:00:00+00:00,2025-07-05T19:15:00+00:00
C00616,Wendy,Fernandez,wendy.fernandez616@example.com,Mandaluyong,Silver,2023-05-18T00:00:00+00:00,2024-04-12T11:56:00+00:00
C00617,Hannah,Dela Cruz,hannah.delacruz617@example.com,Pasay,Gold,2023-10-29T00:00:00+00:00,2024-05-05T16:25:00+00:00
C00618,Queenie,Castillo,queenie.castillo618@example.com,Mandaluyong,Silver,2023-09-09T00:00:00+00:00,2024-01-12T02:04:00+00:00
C00619,Lara,Garcia,lara.garcia619@example.com,Pasay,Bronze,2023-03-12T00:00:00+00:00,2024-08-22T13:41:00+00:00
C00620,Xavier,Tan,xavier.tan620@example.com,Caloocan,Platinum,2023-09-16T00:00:00+00:00,2024-08-06T16:37:00+00:00
C00621,Tomas,Pascual,tomas.pascual621@example.com,Caloocan,Bronze,2023-01-06T00:00:00+00:00,2025-02-09T02:31:00+00:00
C00622,Carla,Navarro,carla.navarro622@example.com,Pasig,Silver,2023-09-07T00:00:00+00:00,2026-04-09T05:49:00+00:00
C00623,Kevin,Mercado,kevin.mercado623@example.com,Parañaque,Bronze,2023-06-22T00:00:00+00:00,2026-02-03T07:09:00+00:00
C00624,Uma,Mendoza,uma.mendoza624@example.com,Parañaque,Gold,2023-11-09T00:00:00+00:00,2024-02-04T18:22:00+00:00
C00625,Hannah,Diaz,hannah.diaz625@example.com,Makati,Silver,2023-11-13T00:00:00+00:00,2024-04-27T16:55:00+00:00
C00626,Nina,Cruz,nina.cruz626@example.com,Parañaque,Silver,2023-06-28T00:00:00+00:00,2024-02-09T17:30:00+00:00
C00627,Xavier,Flores,xavier.flores627@example.com,Marikina,Silver,2023-02-25T00:00:00+00:00,2024-12-21T04:57:00+00:00
C00628,Diego,Santos,diego.santos628@example.com,Pasig,Silver,2023-06-27T00:00:00+00:00,2025-01-28T00:11:00+00:00
C00629,Ana,Mendoza,ana.mendoza629@example.com,Manila,Gold,2023-06-02T00:00:00+00:00,2024-04-17T18:46:00+00:00
C00630,Ana,Fernandez,ana.fernandez630@example.com,Quezon City,Bronze,2023-04-22T00:00:00+00:00,2025-05-13T14:43:00+00:00
C00631,Victor,Lim,victor.lim631@example.com,Parañaque,Gold,2023-07-02T00:00:00+00:00,2024-05-19T18:57:00+00:00
C00632,Wendy,Flores,wendy.flores632@example.com,Taguig,Bronze,2023-04-02T00:00:00+00:00,2025-07-12T06:49:00+00:00
C00633,Wendy,Lim,wendy.lim633@example.com,Quezon City,Silver,2023-06-18T00:00:00+00:00,2026-03-15T22:55:00+00:00
C00634,Sofia,Garcia,sofia.garcia634@example.com,Marikina,Bronze,2023-03-10T00:00:00+00:00,2025-07-22T11:29:00+00:00
C00635,Hannah,Navarro,hannah.navarro635@example.com,Taguig,Silver,2023-11-25T00:00:00+00:00,2024-11-15T11:34:00+00:00
C00636,Hannah,Aquino,hannah.aquino636@example.com,Quezon City,Bronze,2023-10-09T00:00:00+00:00,2024-12-30T01:07:00+00:00
C00637,Francis,Santos,francis.santos637@example.com,Pasay,Gold,2023-02-08T00:00:00+00:00,2025-01-22T17:51:00+00:00
C00638,Nina,Santos,nina.santos638@example.com,Caloocan,Bronze,2023-04-19T00:00:00+00:00,2026-02-17T12:00:00+00:00
C00639,Kevin,Mercado,kevin.mercado639@example.com,Pasay,Silver,2023-01-18T00:00:00+00:00,2024-10-25T18:53:00+00:00
C00640,Sofia,Cruz,sofia.cruz640@example.com,Taguig,Silver,2023-07-02T00:00:00+00:00,2024-09-04T01:08:00+00:00
C00641,Wendy,Aquino,wendy.aquino641@example.com,Taguig,Gold,2023-06-10T00:00:00+00:00,2025-10-31T01:31:00+00:00
C00642,Zoe,Ramos,zoe.ramos642@example.com,Taguig,Bronze,2023-04-30T00:00:00+00:00,2024-04-18T11:44:00+00:00
C00643,Xavier,Bautista,xavier.bautista643@example.com,Manila,Platinum,2023-04-05T00:00:00+00:00,2024-09-08T20:35:00+00:00
C00644,Wendy,Santos,wendy.santos644@example.com,Caloocan,Silver,2023-09-04T00:00:00+00:00,2024-04-27T16:01:00+00:00
C00645,Victor,Torres,victor.torres645@example.com,Taguig,Silver,2023-11-26T00:00:00+00:00,2024-08-13T22:09:00+00:00
C00646,Ivan,Mercado,ivan.mercado646@example.com,Quezon City,Bronze,2023-03-26T00:00:00+00:00,2024-04-22T23:50:00+00:00
C00647,Lara,Santos,lara.santos647@example.com,Mandaluyong,Silver,2023-01-15T00:00:00+00:00,2025-08-22T17:35:00+00:00
C00648,Wendy,Ramos,wendy.ramos648@example.com,Parañaque,Gold,2023-09-26T00:00:00+00:00,2025-09-27T19:35:00+00:00
C00649,Tomas,Aquino,tomas.aquino649@example.com,Pasig,Bronze,2023-04-05T00:00:00+00:00,2025-05-30T13:46:00+00:00
C00650,Julia,Flores,julia.flores650@example.com,Parañaque,Bronze,2023-08-18T00:00:00+00:00,2025-01-01T04:08:00+00:00
C00651,Francis,Reyes,francis.reyes651@example.com,Taguig,Gold,2023-07-17T00:00:00+00:00,2024-03-16T07:33:00+00:00
C00652,Marco,Pascual,marco.pascual652@example.com,Manila,Bronze,2023-10-04T00:00:00+00:00,2024-10-03T13:22:00+00:00
C00653,Ella,Mercado,ella.mercado653@example.com,Mandaluyong,Bronze,2023-05-08T00:00:00+00:00,2026-03-21T13:56:00+00:00
C00654,Ana,Navarro,ana.navarro654@example.com,Makati,Bronze,2023-08-28T00:00:00+00:00,2024-04-30T07:07:00+00:00
C00655,Xavier,Aquino,xavier.aquino655@example.com,Quezon City,Silver,2023-11-25T00:00:00+00:00,2024-12-10T23:09:00+00:00
C00656,Ella,Lim,ella.lim656@example.com,Manila,Gold,2023-07-01T00:00:00+00:00,2025-12-20T17:46:00+00:00
C00657,Marco,Castillo,marco.castillo657@example.com,Mandaluyong,Silver,2023-04-08T00:00:00+00:00,2024-02-14T18:35:00+00:00
C00658,Paolo,Diaz,paolo.diaz658@example.com,Quezon City,Bronze,2023-06-26T00:00:00+00:00,2025-01-05T14:56:00+00:00
C00659,Marco,Mendoza,marco.mendoza659@example.com,Manila,Bronze,2023-03-14T00:00:00+00:00,2024-08-17T06:52:00+00:00
C00660,Ana,Villanueva,ana.villanueva660@example.com,Marikina,Silver,2023-10-20T00:00:00+00:00,2025-11-13T03:15:00+00:00
C00661,Diego,Castillo,diego.castillo661@example.com,Pasig,Bronze,2023-03-17T00:00:00+00:00,2024-03-31T06:05:00+00:00
C00662,Kevin,Aquino,kevin.aquino662@example.com,Marikina,Silver,2023-11-19T00:00:00+00:00,2025-11-13T08:28:00+00:00
C00663,Diego,Pascual,diego.pascual663@example.com,Caloocan,Bronze,2023-08-13T00:00:00+00:00,2024-12-22T17:51:00+00:00
C00664,Ana,Lim,ana.lim664@example.com,Mandaluyong,Silver,2023-08-29T00:00:00+00:00,2024-03-09T06:38:00+00:00
C00665,Marco,Mendoza,marco.mendoza665@example.com,Quezon City,Silver,2023-02-15T00:00:00+00:00,2025-07-09T15:30:00+00:00
C00666,Carla,Tan,carla.tan666@example.com,Quezon City,Gold,2023-09-09T00:00:00+00:00,2024-01-18T04:14:00+00:00
C00667,Nina,Reyes,nina.reyes667@example.com,Pasig,Silver,2023-05-26T00:00:00+00:00,2024-03-02T02:58:00+00:00
C00668,Uma,Mendoza,uma.mendoza668@example.com,Pasig,Silver,2023-11-22T00:00:00+00:00,2024-12-06T02:04:00+00:00
C00669,Julia,Garcia,julia.garcia669@example.com,Parañaque,Gold,2023-07-12T00:00:00+00:00,2025-11-19T06:41:00+00:00
C00670,Kevin,Navarro,kevin.navarro670@example.com,Quezon City,Silver,2023-12-11T00:00:00+00:00,2025-08-01T08:01:00+00:00
C00671,Ben,Ramos,ben.ramos671@example.com,Pasay,Bronze,2023-02-16T00:00:00+00:00,2026-02-25T21:35:00+00:00
C00672,Diego,Garcia,diego.garcia672@example.com,Mandaluyong,Bronze,2023-02-03T00:00:00+00:00,2024-09-10T12:26:00+00:00
C00673,Uma,Flores,uma.flores673@example.com,Mandaluyong,Gold,2023-06-10T00:00:00+00:00,2024-06-01T22:31:00+00:00
C00674,Francis,Flores,francis.flores674@example.com,Quezon City,Platinum,2023-01-03T00:00:00+00:00,2024-12-22T12:25:00+00:00
C00675,Yasmin,Castillo,yasmin.castillo675@example.com,Manila,Bronze,2023-02-15T00:00:00+00:00,2024-02-07T00:16:00+00:00
C00676,Marco,Reyes,marco.reyes676@example.com,Manila,Silver,2023-12-09T00:00:00+00:00,2024-09-08T19:18:00+00:00
C00677,Yasmin,Santos,yasmin.santos677@example.com,Pasig,Bronze,2023-02-25T00:00:00+00:00,2024-05-14T12:38:00+00:00
C00678,Julia,Flores,julia.flores678@example.com,Taguig,Platinum,2023-05-07T00:00:00+00:00,2024-08-02T14:00:00+00:00
C00679,Diego,Cruz,diego.cruz679@example.com,Parañaque,Bronze,2023-12-04T00:00:00+00:00,2025-07-26T17:25:00+00:00
C00680,Carla,Cruz,carla.cruz680@example.com,Parañaque,Gold,2023-03-09T00:00:00+00:00,2026-02-26T22:06:00+00:00
C00681,Ella,Flores,ella.flores681@example.com,Makati,Silver,2023-01-17T00:00:00+00:00,2024-03-03T21:21:00+00:00
C00682,Ramon,Reyes,ramon.reyes682@example.com,Manila,Gold,2023-10-20T00:00:00+00:00,2025-07-10T11:03:00+00:00
C00683,Queenie,Dela Cruz,queenie.delacruz683@example.com,Parañaque,Platinum,2023-07-15T00:00:00+00:00,2025-06-05T15:42:00+00:00
C00684,Hannah,Dela Cruz,hannah.delacruz684@example.com,Mandaluyong,Bronze,2023-06-16T00:00:00+00:00,2024-04-09T16:58:00+00:00
C00685,Paolo,Navarro,paolo.navarro685@example.com,Manila,Silver,2023-12-28T00:00:00+00:00,2025-06-22T09:20:00+00:00
C00686,Ana,Fernandez,ana.fernandez686@example.com,Manila,Gold,2023-01-22T00:00:00+00:00,2025-01-22T13:16:00+00:00
C00687,Ramon,Reyes,ramon.reyes687@example.com,Caloocan,Bronze,2023-10-11T00:00:00+00:00,2024-04-07T00:15:00+00:00
C00688,Tomas,Tan,tomas.tan688@example.com,Mandaluyong,Silver,2023-01-13T00:00:00+00:00,2024-08-21T11:00:00+00:00
C00689,Ana,Fernandez,ana.fernandez689@example.com,Pasig,Gold,2023-08-28T00:00:00+00:00,2025-05-04T08:23:00+00:00
C00690,Ana,Bautista,ana.bautista690@example.com,Caloocan,Gold,2023-11-02T00:00:00+00:00,2025-09-21T19:17:00+00:00
C00691,Uma,Bautista,uma.bautista691@example.com,Manila,Silver,2023-06-17T00:00:00+00:00,2026-01-13T14:31:00+00:00
C00692,Francis,Garcia,francis.garcia692@example.com,Makati,Bronze,2023-05-13T00:00:00+00:00,2025-05-02T18:31:00+00:00
C00693,Victor,Mercado,victor.mercado693@example.com,Manila,Bronze,2023-03-07T00:00:00+00:00,2026-04-11T21:03:00+00:00
C00694,Ben,Fernandez,ben.fernandez694@example.com,Taguig,Silver,2023-05-03T00:00:00+00:00,2024-09-24T15:18:00+00:00
C00695,Uma,Mendoza,uma.mendoza695@example.com,Marikina,Bronze,2023-08-11T00:00:00+00:00,2025-02-11T13:50:00+00:00
C00696,Diego,Ramos,diego.ramos696@example.com,Marikina,Bronze,2023-05-28T00:00:00+00:00,2025-05-22T01:01:00+00:00
C00697,Hannah,Mendoza,hannah.mendoza697@example.com,Quezon City,Gold,2023-01-20T00:00:00+00:00,2026-03-23T02:55:00+00:00
C00698,Victor,Torres,victor.torres698@example.com,Manila,Gold,2023-11-21T00:00:00+00:00,2024-06-27T02:18:00+00:00
C00699,Kevin,Reyes,kevin.reyes699@example.com,Parañaque,Silver,2023-04-10T00:00:00+00:00,2025-11-08T00:23:00+00:00
C00700,Ramon,Mercado,ramon.mercado700@example.com,Pasay,Silver,2023-05-02T00:00:00+00:00,2025-06-28T20:36:00+00:00
C00701,Uma,Torres,uma.torres701@example.com,Taguig,Platinum,2023-03-11T00:00:00+00:00,2025-11-21T17:53:00+00:00
C00702,Nina,Navarro,nina.navarro702@example.com,Marikina,Bronze,2023-10-20T00:00:00+00:00,2025-07-26T00:28:00+00:00
C00703,Kevin,Dela Cruz,kevin.delacruz703@example.com,Manila,Silver,2023-09-27T00:00:00+00:00,2024-08-21T14:35:00+00:00
C00704,Xavier,Mercado,xavier.mercado704@example.com,Parañaque,Bronze,2023-10-20T00:00:00+00:00,2026-04-16T07:37:00+00:00
C00705,Oscar,Mendoza,oscar.mendoza705@example.com,Mandaluyong,Gold,2023-10-14T00:00:00+00:00,2025-08-19T03:55:00+00:00
C00706,Uma,Navarro,uma.navarro706@example.com,Pasig,Bronze,2023-08-06T00:00:00+00:00,2024-07-10T16:31:00+00:00
C00707,Ramon,Torres,ramon.torres707@example.com,Pasay,Bronze,2023-01-05T00:00:00+00:00,2024-11-17T14:56:00+00:00
C00708,Uma,Villanueva,uma.villanueva708@example.com,Manila,Bronze,2023-02-13T00:00:00+00:00,2025-10-27T22:26:00+00:00
C00709,Ella,Aquino,ella.aquino709@example.com,Mandaluyong,Silver,2023-08-02T00:00:00+00:00,2025-08-29T13:09:00+00:00
C00710,Marco,Cruz,marco.cruz710@example.com,Quezon City,Bronze,2023-10-26T00:00:00+00:00,2024-08-28T00:38:00+00:00
C00711,Kevin,Villanueva,kevin.villanueva711@example.com,Marikina,Bronze,2023-03-31T00:00:00+00:00,2025-03-07T02:42:00+00:00
C00712,Hannah,Flores,hannah.flores712@example.com,Makati,Silver,2023-03-26T00:00:00+00:00,2024-05-13T00:43:00+00:00
C00713,Julia,Diaz,julia.diaz713@example.com,Pasay,Bronze,2023-09-05T00:00:00+00:00,2024-06-11T16:47:00+00:00
C00714,Nina,Cruz,nina.cruz714@example.com,Taguig,Silver,2023-06-28T00:00:00+00:00,2024-08-03T21:10:00+00:00
C00715,Xavier,Aquino,xavier.aquino715@example.com,Taguig,Bronze,2023-05-23T00:00:00+00:00,2025-08-23T07:26:00+00:00
C00716,Ana,Santos,ana.santos716@example.com,Taguig,Bronze,2023-12-15T00:00:00+00:00,2026-02-21T13:17:00+00:00
C00717,Sofia,Garcia,sofia.garcia717@example.com,Marikina,Gold,2023-05-05T00:00:00+00:00,2025-06-29T16:16:00+00:00
C00718,Kevin,Navarro,kevin.navarro718@example.com,Taguig,Silver,2023-02-26T00:00:00+00:00,2024-11-04T18:01:00+00:00
C00719,Uma,Fernandez,uma.fernandez719@example.com,Marikina,Silver,2023-04-02T00:00:00+00:00,2025-11-10T01:22:00+00:00
C00720,Paolo,Tan,paolo.tan720@example.com,Pasig,Silver,2023-07-08T00:00:00+00:00,2025-05-23T13:42:00+00:00
C00721,Yasmin,Lim,yasmin.lim721@example.com,Parañaque,Silver,2023-12-30T00:00:00+00:00,2025-09-18T05:32:00+00:00
C00722,Ana,Fernandez,ana.fernandez722@example.com,Manila,Bronze,2023-08-29T00:00:00+00:00,2024-11-19T09:50:00+00:00
C00723,Zoe,Bautista,zoe.bautista723@example.com,Parañaque,Silver,2023-06-07T00:00:00+00:00,2025-10-01T15:18:00+00:00
C00724,Victor,Torres,victor.torres724@example.com,Marikina,Gold,2023-03-06T00:00:00+00:00,2025-07-31T20:19:00+00:00
C00725,Queenie,Castillo,queenie.castillo725@example.com,Pasay,Gold,2023-11-25T00:00:00+00:00,2024-11-25T03:26:00+00:00
C00726,Hannah,Fernandez,hannah.fernandez726@example.com,Mandaluyong,Bronze,2023-01-31T00:00:00+00:00,2025-05-12T07:57:00+00:00
C00727,Marco,Pascual,marco.pascual727@example.com,Pasig,Silver,2023-09-16T00:00:00+00:00,2024-05-03T23:47:00+00:00
C00728,Oscar,Mercado,oscar.mercado728@example.com,Taguig,Bronze,2023-08-13T00:00:00+00:00,2025-10-12T16:40:00+00:00
C00729,Carla,Lim,carla.lim729@example.com,Caloocan,Gold,2023-09-05T00:00:00+00:00,2025-03-02T17:29:00+00:00
C00730,Queenie,Mendoza,queenie.mendoza730@example.com,Marikina,Platinum,2023-06-19T00:00:00+00:00,2025-04-21T08:38:00+00:00
C00731,Kevin,Tan,kevin.tan731@example.com,Pasig,Bronze,2023-11-12T00:00:00+00:00,2025-10-04T17:28:00+00:00
C00732,Ella,Flores,ella.flores732@example.com,Pasig,Gold,2023-04-27T00:00:00+00:00,2025-08-21T17:31:00+00:00
C00733,Uma,Tan,uma.tan733@example.com,Manila,Bronze,2023-02-28T00:00:00+00:00,2024-05-17T15:06:00+00:00
C00734,Marco,Navarro,marco.navarro734@example.com,Pasay,Bronze,2023-03-20T00:00:00+00:00,2024-09-12T16:41:00+00:00
C00735,Tomas,Fernandez,tomas.fernandez735@example.com,Parañaque,Silver,2023-03-25T00:00:00+00:00,2025-02-22T08:48:00+00:00
C00736,Zoe,Pascual,zoe.pascual736@example.com,Makati,Silver,2023-02-11T00:00:00+00:00,2024-10-21T21:02:00+00:00
C00737,Ella,Santos,ella.santos737@example.com,Quezon City,Bronze,2023-12-12T00:00:00+00:00,2024-10-27T09:10:00+00:00
C00738,Uma,Ramos,uma.ramos738@example.com,Taguig,Gold,2023-09-05T00:00:00+00:00,2024-12-19T01:35:00+00:00
C00739,Carla,Mendoza,carla.mendoza739@example.com,Caloocan,Gold,2023-05-12T00:00:00+00:00,2025-01-14T22:53:00+00:00
C00740,Wendy,Reyes,wendy.reyes740@example.com,Caloocan,Gold,2023-12-25T00:00:00+00:00,2024-04-08T20:19:00+00:00
C00741,Nina,Flores,nina.flores741@example.com,Mandaluyong,Bronze,2023-03-05T00:00:00+00:00,2024-09-05T05:38:00+00:00
C00742,Ben,Navarro,ben.navarro742@example.com,Quezon City,Bronze,2023-04-18T00:00:00+00:00,2025-06-16T08:37:00+00:00
C00743,Julia,Flores,julia.flores743@example.com,Parañaque,Silver,2023-07-25T00:00:00+00:00,2025-12-14T17:22:00+00:00
C00744,Zoe,Villanueva,zoe.villanueva744@example.com,Quezon City,Bronze,2023-03-24T00:00:00+00:00,2025-02-19T02:24:00+00:00
C00745,Kevin,Aquino,kevin.aquino745@example.com,Pasay,Bronze,2023-06-15T00:00:00+00:00,2025-03-19T18:38:00+00:00
C00746,Kevin,Mendoza,kevin.mendoza746@example.com,Pasay,Bronze,2023-12-19T00:00:00+00:00,2025-09-19T15:56:00+00:00
C00747,Ana,Lim,ana.lim747@example.com,Quezon City,Silver,2023-12-25T00:00:00+00:00,2025-05-21T21:52:00+00:00
C00748,Ana,Reyes,ana.reyes748@example.com,Marikina,Gold,2023-10-20T00:00:00+00:00,2024-07-18T13:26:00+00:00
C00749,Wendy,Reyes,wendy.reyes749@example.com,Pasig,Platinum,2023-02-18T00:00:00+00:00,2025-11-01T02:01:00+00:00
C00750,Grace,Flores,grace.flores750@example.com,Caloocan,Silver,2023-03-20T00:00:00+00:00,2024-11-22T17:24:00+00:00
C00751,Ivan,Tan,ivan.tan751@example.com,Manila,Bronze,2023-12-16T00:00:00+00:00,2025-05-28T12:54:00+00:00
C00752,Nina,Castillo,nina.castillo752@example.com,Taguig,Silver,2023-06-27T00:00:00+00:00,2024-10-26T05:06:00+00:00
C00753,Diego,Cruz,diego.cruz753@example.com,Taguig,Gold,2023-07-16T00:00:00+00:00,2024-07-01T03:24:00+00:00
C00754,Uma,Pascual,uma.pascual754@example.com,Taguig,Gold,2023-09-24T00:00:00+00:00,2024-04-04T01:40:00+00:00
C00755,Diego,Villanueva,diego.villanueva755@example.com,Manila,Bronze,2023-09-16T00:00:00+00:00,2025-04-11T10:54:00+00:00
C00756,Hannah,Mendoza,hannah.mendoza756@example.com,Quezon City,Gold,2023-11-15T00:00:00+00:00,2024-07-20T09:09:00+00:00
C00757,Queenie,Castillo,queenie.castillo757@example.com,Caloocan,Bronze,2023-04-02T00:00:00+00:00,2025-05-23T14:49:00+00:00
C00758,Ivan,Tan,ivan.tan758@example.com,Mandaluyong,Bronze,2023-09-12T00:00:00+00:00,2025-12-16T21:10:00+00:00
C00759,Uma,Bautista,uma.bautista759@example.com,Manila,Silver,2023-04-30T00:00:00+00:00,2025-07-16T07:45:00+00:00
C00760,Hannah,Garcia,hannah.garcia760@example.com,Taguig,Bronze,2023-12-31T00:00:00+00:00,2024-04-04T22:41:00+00:00
C00761,Marco,Navarro,marco.navarro761@example.com,Makati,Bronze,2023-12-15T00:00:00+00:00,2024-04-01T04:58:00+00:00
C00762,Francis,Ramos,francis.ramos762@example.com,Makati,Silver,2023-08-18T00:00:00+00:00,2025-10-27T22:03:00+00:00
C00763,Xavier,Garcia,xavier.garcia763@example.com,Pasay,Bronze,2023-10-21T00:00:00+00:00,2024-08-12T02:03:00+00:00
C00764,Oscar,Tan,oscar.tan764@example.com,Pasig,Silver,2023-03-28T00:00:00+00:00,2025-02-21T06:00:00+00:00
C00765,Marco,Fernandez,marco.fernandez765@example.com,Quezon City,Gold,2023-11-08T00:00:00+00:00,2024-11-19T00:05:00+00:00
C00766,Queenie,Lim,queenie.lim766@example.com,Marikina,Bronze,2023-10-27T00:00:00+00:00,2025-07-12T23:27:00+00:00
C00767,Oscar,Tan,oscar.tan767@example.com,Taguig,Bronze,2023-07-31T00:00:00+00:00,2026-04-11T07:01:00+00:00
C00768,Wendy,Villanueva,wendy.villanueva768@example.com,Quezon City,Silver,2023-04-05T00:00:00+00:00,2025-06-17T10:22:00+00:00
C00769,Yasmin,Tan,yasmin.tan769@example.com,Quezon City,Silver,2023-07-12T00:00:00+00:00,2025-10-15T03:49:00+00:00
C00770,Queenie,Ramos,queenie.ramos770@example.com,Pasay,Bronze,2023-10-21T00:00:00+00:00,2024-01-13T03:49:00+00:00
C00771,Xavier,Mercado,xavier.mercado771@example.com,Manila,Bronze,2023-04-24T00:00:00+00:00,2025-05-07T05:24:00+00:00
C00772,Ivan,Navarro,ivan.navarro772@example.com,Marikina,Silver,2023-07-31T00:00:00+00:00,2026-02-24T03:32:00+00:00
C00773,Queenie,Reyes,queenie.reyes773@example.com,Pasay,Silver,2023-06-09T00:00:00+00:00,2024-03-24T10:47:00+00:00
C00774,Ivan,Lim,ivan.lim774@example.com,Pasig,Bronze,2023-02-16T00:00:00+00:00,2025-01-14T06:48:00+00:00
C00775,Paolo,Garcia,paolo.garcia775@example.com,Pasay,Bronze,2023-10-19T00:00:00+00:00,2024-03-11T07:57:00+00:00
C00776,Ella,Reyes,ella.reyes776@example.com,Caloocan,Bronze,2023-03-09T00:00:00+00:00,2024-02-25T11:29:00+00:00
C00777,Zoe,Garcia,zoe.garcia777@example.com,Makati,Bronze,2023-07-20T00:00:00+00:00,2025-04-19T00:55:00+00:00
C00778,Paolo,Navarro,paolo.navarro778@example.com,Marikina,Bronze,2023-12-07T00:00:00+00:00,2024-03-05T12:06:00+00:00
C00779,Hannah,Mercado,hannah.mercado779@example.com,Mandaluyong,Silver,2023-04-14T00:00:00+00:00,2026-02-09T01:18:00+00:00
C00780,Grace,Bautista,grace.bautista780@example.com,Taguig,Bronze,2023-03-21T00:00:00+00:00,2026-04-16T12:51:00+00:00
C00781,Julia,Reyes,julia.reyes781@example.com,Mandaluyong,Bronze,2023-01-04T00:00:00+00:00,2026-01-06T13:42:00+00:00
C00782,Lara,Navarro,lara.navarro782@example.com,Caloocan,Platinum,2023-02-11T00:00:00+00:00,2025-04-30T07:20:00+00:00
C00783,Sofia,Bautista,sofia.bautista783@example.com,Quezon City,Bronze,2023-07-01T00:00:00+00:00,2024-11-20T17:20:00+00:00
C00784,Lara,Dela Cruz,lara.delacruz784@example.com,Mandaluyong,Bronze,2023-02-03T00:00:00+00:00,2026-01-14T12:35:00+00:00
C00785,Sofia,Flores,sofia.flores785@example.com,Quezon City,Gold,2023-02-13T00:00:00+00:00,2025-01-04T23:07:00+00:00
C00786,Xavier,Diaz,xavier.diaz786@example.com,Manila,Gold,2023-02-07T00:00:00+00:00,2024-05-14T05:31:00+00:00
C00787,Ana,Tan,ana.tan787@example.com,Quezon City,Silver,2023-03-06T00:00:00+00:00,2024-06-16T08:45:00+00:00
C00788,Zoe,Dela Cruz,zoe.delacruz788@example.com,Quezon City,Bronze,2023-02-16T00:00:00+00:00,2024-11-25T10:20:00+00:00
C00789,Zoe,Castillo,zoe.castillo789@example.com,Taguig,Silver,2023-06-12T00:00:00+00:00,2024-03-12T17:55:00+00:00
C00790,Ben,Lim,ben.lim790@example.com,Mandaluyong,Bronze,2023-05-02T00:00:00+00:00,2026-04-02T08:24:00+00:00
C00791,Lara,Torres,lara.torres791@example.com,Quezon City,Silver,2023-05-22T00:00:00+00:00,2025-09-27T05:25:00+00:00
C00792,Ana,Dela Cruz,ana.delacruz792@example.com,Makati,Bronze,2023-08-02T00:00:00+00:00,2025-07-07T17:10:00+00:00
C00793,Uma,Pascual,uma.pascual793@example.com,Quezon City,Bronze,2023-10-03T00:00:00+00:00,2024-12-19T15:50:00+00:00
C00794,Yasmin,Cruz,yasmin.cruz794@example.com,Mandaluyong,Silver,2023-06-22T00:00:00+00:00,2025-05-01T04:41:00+00:00
C00795,Wendy,Mercado,wendy.mercado795@example.com,Taguig,Silver,2023-07-29T00:00:00+00:00,2025-11-04T14:12:00+00:00
C00796,Ivan,Mendoza,ivan.mendoza796@example.com,Marikina,Silver,2023-06-23T00:00:00+00:00,2024-02-18T21:47:00+00:00
C00797,Ana,Dela Cruz,ana.delacruz797@example.com,Parañaque,Silver,2023-04-30T00:00:00+00:00,2025-08-15T09:11:00+00:00
C00798,Nina,Lim,nina.lim798@example.com,Caloocan,Bronze,2023-01-06T00:00:00+00:00,2026-04-20T16:48:00+00:00
C00799,Uma,Lim,uma.lim799@example.com,Marikina,Bronze,2023-04-30T00:00:00+00:00,2025-12-15T20:59:00+00:00
C00800,Yasmin,Diaz,yasmin.diaz800@example.com,Makati,Gold,2023-12-18T00:00:00+00:00,2026-01-14T23:55:00+00:00
C00801,Oscar,Mercado,oscar.mercado801@example.com,Parañaque,Bronze,2023-05-23T00:00:00+00:00,2026-02-05T19:20:00+00:00
C00802,Oscar,Ramos,oscar.ramos802@example.com,Manila,Silver,2023-03-28T00:00:00+00:00,2024-05-30T23:45:00+00:00
C00803,Uma,Ramos,uma.ramos803@example.com,Taguig,Gold,2023-12-03T00:00:00+00:00,2025-02-28T13:07:00+00:00
C00804,Nina,Santos,nina.santos804@example.com,Marikina,Bronze,2023-01-02T00:00:00+00:00,2025-09-16T04:41:00+00:00
C00805,Wendy,Diaz,wendy.diaz805@example.com,Pasig,Platinum,2023-09-01T00:00:00+00:00,2025-09-12T07:52:00+00:00
C00806,Ramon,Fernandez,ramon.fernandez806@example.com,Manila,Bronze,2023-02-11T00:00:00+00:00,2024-05-03T11:36:00+00:00
C00807,Sofia,Lim,sofia.lim807@example.com,Pasay,Silver,2023-12-11T00:00:00+00:00,2025-06-06T05:46:00+00:00
C00808,Kevin,Diaz,kevin.diaz808@example.com,Makati,Silver,2023-05-16T00:00:00+00:00,2025-10-07T04:36:00+00:00
C00809,Francis,Castillo,francis.castillo809@example.com,Mandaluyong,Bronze,2023-11-27T00:00:00+00:00,2024-01-03T21:42:00+00:00
C00810,Ben,Reyes,ben.reyes810@example.com,Marikina,Bronze,2023-04-14T00:00:00+00:00,2026-01-11T14:49:00+00:00
C00811,Ramon,Mendoza,ramon.mendoza811@example.com,Pasig,Platinum,2023-01-04T00:00:00+00:00,2024-08-31T22:42:00+00:00
C00812,Uma,Diaz,uma.diaz812@example.com,Mandaluyong,Silver,2023-04-22T00:00:00+00:00,2024-01-21T09:43:00+00:00
C00813,Diego,Mendoza,diego.mendoza813@example.com,Manila,Silver,2023-09-21T00:00:00+00:00,2026-01-22T11:22:00+00:00
C00814,Ella,Santos,ella.santos814@example.com,Mandaluyong,Silver,2023-09-29T00:00:00+00:00,2024-12-07T22:00:00+00:00
C00815,Ana,Lim,ana.lim815@example.com,Manila,Silver,2023-04-25T00:00:00+00:00,2025-02-15T02:38:00+00:00
C00816,Sofia,Flores,sofia.flores816@example.com,Parañaque,Bronze,2023-07-26T00:00:00+00:00,2026-03-29T21:29:00+00:00
C00817,Oscar,Bautista,oscar.bautista817@example.com,Quezon City,Bronze,2023-12-27T00:00:00+00:00,2024-04-24T11:47:00+00:00
C00818,Yasmin,Santos,yasmin.santos818@example.com,Parañaque,Gold,2023-02-25T00:00:00+00:00,2025-03-31T05:54:00+00:00
C00819,Wendy,Lim,wendy.lim819@example.com,Makati,Bronze,2023-12-25T00:00:00+00:00,2024-06-22T22:12:00+00:00
C00820,Lara,Aquino,lara.aquino820@example.com,Marikina,Bronze,2023-05-02T00:00:00+00:00,2024-08-24T12:35:00+00:00
C00821,Zoe,Dela Cruz,zoe.delacruz821@example.com,Taguig,Gold,2023-11-21T00:00:00+00:00,2024-06-02T21:21:00+00:00
C00822,Marco,Flores,marco.flores822@example.com,Quezon City,Silver,2023-07-24T00:00:00+00:00,2024-09-12T22:20:00+00:00
C00823,Ben,Aquino,ben.aquino823@example.com,Makati,Silver,2023-05-02T00:00:00+00:00,2025-10-08T23:41:00+00:00
C00824,Victor,Cruz,victor.cruz824@example.com,Marikina,Bronze,2023-05-08T00:00:00+00:00,2025-07-13T10:42:00+00:00
C00825,Zoe,Diaz,zoe.diaz825@example.com,Manila,Silver,2023-05-27T00:00:00+00:00,2024-12-28T06:30:00+00:00
C00826,Queenie,Flores,queenie.flores826@example.com,Manila,Silver,2023-08-22T00:00:00+00:00,2025-07-08T16:12:00+00:00
C00827,Zoe,Fernandez,zoe.fernandez827@example.com,Makati,Bronze,2023-08-22T00:00:00+00:00,2025-07-14T20:29:00+00:00
C00828,Zoe,Garcia,zoe.garcia828@example.com,Parañaque,Silver,2023-10-13T00:00:00+00:00,2025-05-05T04:59:00+00:00
C00829,Ana,Garcia,ana.garcia829@example.com,Makati,Bronze,2023-01-18T00:00:00+00:00,2024-11-23T06:07:00+00:00
C00830,Marco,Torres,marco.torres830@example.com,Quezon City,Bronze,2023-08-19T00:00:00+00:00,2025-05-09T15:10:00+00:00
C00831,Yasmin,Santos,yasmin.santos831@example.com,Caloocan,Silver,2023-07-17T00:00:00+00:00,2024-03-14T00:26:00+00:00
C00832,Wendy,Castillo,wendy.castillo832@example.com,Taguig,Bronze,2023-07-28T00:00:00+00:00,2024-04-03T13:33:00+00:00
C00833,Wendy,Garcia,wendy.garcia833@example.com,Caloocan,Silver,2023-08-04T00:00:00+00:00,2024-10-20T14:53:00+00:00
C00834,Yasmin,Dela Cruz,yasmin.delacruz834@example.com,Quezon City,Bronze,2023-09-18T00:00:00+00:00,2024-10-17T18:51:00+00:00
C00835,Kevin,Villanueva,kevin.villanueva835@example.com,Manila,Bronze,2023-04-09T00:00:00+00:00,2024-03-05T17:23:00+00:00
C00836,Carla,Mendoza,carla.mendoza836@example.com,Pasay,Gold,2023-01-29T00:00:00+00:00,2025-11-06T18:27:00+00:00
C00837,Tomas,Navarro,tomas.navarro837@example.com,Taguig,Silver,2023-06-17T00:00:00+00:00,2025-10-01T18:56:00+00:00
C00838,Diego,Villanueva,diego.villanueva838@example.com,Manila,Bronze,2023-08-22T00:00:00+00:00,2025-09-11T18:48:00+00:00
C00839,Yasmin,Tan,yasmin.tan839@example.com,Marikina,Silver,2023-10-20T00:00:00+00:00,2025-09-26T08:08:00+00:00
C00840,Ben,Castillo,ben.castillo840@example.com,Taguig,Silver,2023-03-11T00:00:00+00:00,2025-01-29T04:10:00+00:00
C00841,Lara,Villanueva,lara.villanueva841@example.com,Quezon City,Gold,2023-07-14T00:00:00+00:00,2025-08-27T07:12:00+00:00
C00842,Sofia,Tan,sofia.tan842@example.com,Makati,Bronze,2023-02-19T00:00:00+00:00,2025-05-31T22:57:00+00:00
C00843,Yasmin,Flores,yasmin.flores843@example.com,Taguig,Silver,2023-07-01T00:00:00+00:00,2024-07-12T02:06:00+00:00
C00844,Carla,Dela Cruz,carla.delacruz844@example.com,Pasay,Bronze,2023-01-26T00:00:00+00:00,2024-02-18T20:01:00+00:00
C00845,Lara,Mendoza,lara.mendoza845@example.com,Quezon City,Bronze,2023-03-23T00:00:00+00:00,2025-06-07T11:02:00+00:00
C00846,Marco,Tan,marco.tan846@example.com,Quezon City,Bronze,2023-07-04T00:00:00+00:00,2025-04-30T04:06:00+00:00
C00847,Kevin,Bautista,kevin.bautista847@example.com,Pasay,Bronze,2023-08-19T00:00:00+00:00,2025-03-11T21:25:00+00:00
C00848,Marco,Reyes,marco.reyes848@example.com,Pasig,Bronze,2023-05-04T00:00:00+00:00,2025-09-05T04:38:00+00:00
C00849,Ramon,Tan,ramon.tan849@example.com,Quezon City,Silver,2023-08-13T00:00:00+00:00,2026-01-19T16:50:00+00:00
C00850,Grace,Dela Cruz,grace.delacruz850@example.com,Marikina,Bronze,2023-12-26T00:00:00+00:00,2024-06-21T19:07:00+00:00
C00851,Ben,Mercado,ben.mercado851@example.com,Mandaluyong,Bronze,2023-02-02T00:00:00+00:00,2025-05-02T12:37:00+00:00
C00852,Queenie,Torres,queenie.torres852@example.com,Caloocan,Bronze,2023-03-07T00:00:00+00:00,2024-04-16T17:00:00+00:00
C00853,Ben,Pascual,ben.pascual853@example.com,Mandaluyong,Silver,2023-07-27T00:00:00+00:00,2025-05-28T20:47:00+00:00
C00854,Victor,Santos,victor.santos854@example.com,Pasay,Silver,2023-09-26T00:00:00+00:00,2026-03-31T16:32:00+00:00
C00855,Lara,Castillo,lara.castillo855@example.com,Quezon City,Gold,2023-08-10T00:00:00+00:00,2024-01-02T18:04:00+00:00
C00856,Sofia,Tan,sofia.tan856@example.com,Makati,Silver,2023-12-08T00:00:00+00:00,2025-09-09T12:23:00+00:00
C00857,Ana,Pascual,ana.pascual857@example.com,Quezon City,Bronze,2023-07-08T00:00:00+00:00,2025-05-12T05:21:00+00:00
C00858,Paolo,Torres,paolo.torres858@example.com,Makati,Bronze,2023-03-28T00:00:00+00:00,2026-01-28T17:51:00+00:00
C00859,Wendy,Cruz,wendy.cruz859@example.com,Pasig,Silver,2023-02-21T00:00:00+00:00,2024-05-27T21:53:00+00:00
C00860,Julia,Torres,julia.torres860@example.com,Caloocan,Gold,2023-04-19T00:00:00+00:00,2024-08-02T11:24:00+00:00
C00861,Sofia,Flores,sofia.flores861@example.com,Parañaque,Bronze,2023-07-22T00:00:00+00:00,2025-10-10T22:00:00+00:00
C00862,Tomas,Castillo,tomas.castillo862@example.com,Manila,Bronze,2023-09-21T00:00:00+00:00,2024-06-25T15:54:00+00:00
C00863,Oscar,Pascual,oscar.pascual863@example.com,Pasig,Bronze,2023-10-23T00:00:00+00:00,2024-08-07T08:55:00+00:00
C00864,Lara,Pascual,lara.pascual864@example.com,Pasig,Bronze,2023-02-05T00:00:00+00:00,2025-11-09T05:47:00+00:00
C00865,Kevin,Ramos,kevin.ramos865@example.com,Quezon City,Bronze,2023-12-23T00:00:00+00:00,2025-03-06T04:02:00+00:00
C00866,Oscar,Bautista,oscar.bautista866@example.com,Manila,Gold,2023-02-05T00:00:00+00:00,2025-05-27T09:58:00+00:00
C00867,Oscar,Lim,oscar.lim867@example.com,Pasay,Platinum,2023-09-02T00:00:00+00:00,2024-08-26T12:55:00+00:00
C00868,Nina,Pascual,nina.pascual868@example.com,Marikina,Gold,2023-07-27T00:00:00+00:00,2026-04-25T08:39:00+00:00
C00869,Hannah,Pascual,hannah.pascual869@example.com,Pasig,Bronze,2023-09-13T00:00:00+00:00,2025-10-21T10:49:00+00:00
C00870,Ivan,Ramos,ivan.ramos870@example.com,Taguig,Bronze,2023-04-03T00:00:00+00:00,2024-08-21T16:10:00+00:00
C00871,Carla,Cruz,carla.cruz871@example.com,Quezon City,Silver,2023-06-08T00:00:00+00:00,2024-12-02T18:38:00+00:00
C00872,Ben,Tan,ben.tan872@example.com,Marikina,Silver,2023-09-09T00:00:00+00:00,2024-05-26T20:19:00+00:00
C00873,Wendy,Garcia,wendy.garcia873@example.com,Mandaluyong,Silver,2023-05-08T00:00:00+00:00,2026-03-21T16:45:00+00:00
C00874,Yasmin,Torres,yasmin.torres874@example.com,Pasay,Silver,2023-12-13T00:00:00+00:00,2024-12-19T22:48:00+00:00
C00875,Julia,Dela Cruz,julia.delacruz875@example.com,Taguig,Gold,2023-02-04T00:00:00+00:00,2026-02-22T03:42:00+00:00
C00876,Ana,Castillo,ana.castillo876@example.com,Caloocan,Silver,2023-01-02T00:00:00+00:00,2025-10-03T20:38:00+00:00
C00877,Lara,Pascual,lara.pascual877@example.com,Taguig,Bronze,2023-02-13T00:00:00+00:00,2025-10-22T17:37:00+00:00
C00878,Carla,Cruz,carla.cruz878@example.com,Pasig,Gold,2023-04-03T00:00:00+00:00,2026-04-27T22:53:00+00:00
C00879,Hannah,Mercado,hannah.mercado879@example.com,Taguig,Platinum,2023-05-28T00:00:00+00:00,2024-08-02T03:35:00+00:00
C00880,Francis,Diaz,francis.diaz880@example.com,Pasay,Gold,2023-07-05T00:00:00+00:00,2025-02-27T21:37:00+00:00
C00881,Wendy,Dela Cruz,wendy.delacruz881@example.com,Taguig,Bronze,2023-04-17T00:00:00+00:00,2024-10-24T20:39:00+00:00
C00882,Xavier,Castillo,xavier.castillo882@example.com,Parañaque,Bronze,2023-04-09T00:00:00+00:00,2025-10-28T18:29:00+00:00
C00883,Uma,Garcia,uma.garcia883@example.com,Makati,Bronze,2023-07-16T00:00:00+00:00,2024-11-20T22:19:00+00:00
C00884,Queenie,Santos,queenie.santos884@example.com,Pasig,Silver,2023-09-15T00:00:00+00:00,2024-02-01T08:30:00+00:00
C00885,Carla,Mercado,carla.mercado885@example.com,Pasig,Bronze,2023-02-11T00:00:00+00:00,2026-03-02T11:58:00+00:00
C00886,Sofia,Diaz,sofia.diaz886@example.com,Marikina,Gold,2023-12-20T00:00:00+00:00,2026-04-21T13:59:00+00:00
C00887,Yasmin,Bautista,yasmin.bautista887@example.com,Caloocan,Silver,2023-12-25T00:00:00+00:00,2025-08-02T02:52:00+00:00
C00888,Diego,Garcia,diego.garcia888@example.com,Pasig,Bronze,2023-01-30T00:00:00+00:00,2024-10-16T16:53:00+00:00
C00889,Paolo,Garcia,paolo.garcia889@example.com,Caloocan,Bronze,2023-03-30T00:00:00+00:00,2024-04-12T21:37:00+00:00
C00890,Zoe,Lim,zoe.lim890@example.com,Pasay,Gold,2023-12-12T00:00:00+00:00,2026-01-17T10:21:00+00:00
C00891,Queenie,Bautista,queenie.bautista891@example.com,Parañaque,Silver,2023-04-05T00:00:00+00:00,2025-09-03T19:19:00+00:00
C00892,Ivan,Ramos,ivan.ramos892@example.com,Makati,Silver,2023-10-21T00:00:00+00:00,2024-11-29T21:19:00+00:00
C00893,Marco,Reyes,marco.reyes893@example.com,Makati,Bronze,2023-05-23T00:00:00+00:00,2025-11-04T09:10:00+00:00
C00894,Ben,Aquino,ben.aquino894@example.com,Makati,Silver,2023-12-29T00:00:00+00:00,2024-01-31T18:12:00+00:00
C00895,Kevin,Fernandez,kevin.fernandez895@example.com,Parañaque,Silver,2023-05-09T00:00:00+00:00,2026-04-19T14:41:00+00:00
C00896,Xavier,Castillo,xavier.castillo896@example.com,Parañaque,Bronze,2023-03-29T00:00:00+00:00,2024-12-02T22:29:00+00:00
C00897,Ramon,Garcia,ramon.garcia897@example.com,Caloocan,Bronze,2023-07-08T00:00:00+00:00,2025-05-04T19:53:00+00:00
C00898,Lara,Ramos,lara.ramos898@example.com,Caloocan,Bronze,2023-11-12T00:00:00+00:00,2024-06-02T08:30:00+00:00
C00899,Queenie,Pascual,queenie.pascual899@example.com,Pasig,Silver,2023-11-21T00:00:00+00:00,2026-04-23T11:25:00+00:00
C00900,Diego,Diaz,diego.diaz900@example.com,Marikina,Gold,2023-11-09T00:00:00+00:00,2024-05-11T12:12:00+00:00
C00901,Nina,Diaz,nina.diaz901@example.com,Pasay,Silver,2023-07-26T00:00:00+00:00,2026-04-18T13:51:00+00:00
C00902,Julia,Cruz,julia.cruz902@example.com,Marikina,Silver,2023-12-15T00:00:00+00:00,2024-02-25T00:05:00+00:00
C00903,Yasmin,Garcia,yasmin.garcia903@example.com,Taguig,Bronze,2023-12-09T00:00:00+00:00,2025-08-01T08:49:00+00:00
C00904,Zoe,Ramos,zoe.ramos904@example.com,Makati,Gold,2023-11-13T00:00:00+00:00,2025-09-11T00:44:00+00:00
C00905,Julia,Navarro,julia.navarro905@example.com,Mandaluyong,Silver,2023-06-03T00:00:00+00:00,2024-07-22T18:21:00+00:00
C00906,Tomas,Mendoza,tomas.mendoza906@example.com,Quezon City,Silver,2023-02-16T00:00:00+00:00,2024-04-14T04:13:00+00:00
C00907,Queenie,Lim,queenie.lim907@example.com,Caloocan,Silver,2023-05-04T00:00:00+00:00,2025-03-08T15:33:00+00:00
C00908,Diego,Dela Cruz,diego.delacruz908@example.com,Quezon City,Silver,2023-12-16T00:00:00+00:00,2024-08-07T03:52:00+00:00
C00909,Tomas,Ramos,tomas.ramos909@example.com,Mandaluyong,Bronze,2023-08-08T00:00:00+00:00,2025-07-09T08:37:00+00:00
C00910,Xavier,Reyes,xavier.reyes910@example.com,Pasig,Silver,2023-08-16T00:00:00+00:00,2026-01-12T20:02:00+00:00
C00911,Xavier,Mendoza,xavier.mendoza911@example.com,Quezon City,Silver,2023-12-25T00:00:00+00:00,2024-01-28T13:22:00+00:00
C00912,Wendy,Mercado,wendy.mercado912@example.com,Pasay,Silver,2023-05-19T00:00:00+00:00,2025-07-03T03:48:00+00:00
C00913,Tomas,Fernandez,tomas.fernandez913@example.com,Parañaque,Bronze,2023-05-31T00:00:00+00:00,2025-01-14T19:06:00+00:00
C00914,Wendy,Castillo,wendy.castillo914@example.com,Manila,Bronze,2023-12-30T00:00:00+00:00,2024-06-24T19:08:00+00:00
C00915,Marco,Tan,marco.tan915@example.com,Quezon City,Silver,2023-06-07T00:00:00+00:00,2025-06-16T04:10:00+00:00
C00916,Kevin,Flores,kevin.flores916@example.com,Pasay,Gold,2023-01-01T00:00:00+00:00,2026-03-22T09:01:00+00:00
C00917,Yasmin,Bautista,yasmin.bautista917@example.com,Caloocan,Silver,2023-11-07T00:00:00+00:00,2024-11-04T15:05:00+00:00
C00918,Victor,Cruz,victor.cruz918@example.com,Pasig,Gold,2023-07-12T00:00:00+00:00,2026-02-06T08:23:00+00:00
C00919,Ben,Santos,ben.santos919@example.com,Parañaque,Gold,2023-01-13T00:00:00+00:00,2025-04-21T23:20:00+00:00
C00920,Zoe,Castillo,zoe.castillo920@example.com,Marikina,Bronze,2023-01-17T00:00:00+00:00,2025-07-01T06:27:00+00:00
C00921,Tomas,Bautista,tomas.bautista921@example.com,Caloocan,Silver,2023-10-09T00:00:00+00:00,2025-02-20T05:28:00+00:00
C00922,Paolo,Torres,paolo.torres922@example.com,Pasig,Bronze,2023-06-18T00:00:00+00:00,2025-05-01T20:01:00+00:00
C00923,Ben,Mendoza,ben.mendoza923@example.com,Mandaluyong,Silver,2023-06-20T00:00:00+00:00,2024-04-30T05:31:00+00:00
C00924,Queenie,Mendoza,queenie.mendoza924@example.com,Taguig,Bronze,2023-12-13T00:00:00+00:00,2026-04-29T13:51:00+00:00
C00925,Lara,Cruz,lara.cruz925@example.com,Marikina,Gold,2023-09-16T00:00:00+00:00,2025-11-22T22:39:00+00:00
C00926,Sofia,Reyes,sofia.reyes926@example.com,Quezon City,Silver,2023-09-11T00:00:00+00:00,2024-07-28T07:15:00+00:00
C00927,Grace,Bautista,grace.bautista927@example.com,Pasig,Silver,2023-07-26T00:00:00+00:00,2025-07-14T13:48:00+00:00
C00928,Uma,Mendoza,uma.mendoza928@example.com,Parañaque,Bronze,2023-10-15T00:00:00+00:00,2024-08-27T01:31:00+00:00
C00929,Ana,Bautista,ana.bautista929@example.com,Pasay,Silver,2023-09-30T00:00:00+00:00,2025-12-21T11:49:00+00:00
C00930,Sofia,Lim,sofia.lim930@example.com,Taguig,Bronze,2023-05-08T00:00:00+00:00,2026-01-17T09:22:00+00:00
C00931,Nina,Castillo,nina.castillo931@example.com,Manila,Gold,2023-04-20T00:00:00+00:00,2024-02-22T14:51:00+00:00
C00932,Lara,Cruz,lara.cruz932@example.com,Parañaque,Gold,2023-11-20T00:00:00+00:00,2024-03-09T10:36:00+00:00
C00933,Sofia,Dela Cruz,sofia.delacruz933@example.com,Caloocan,Bronze,2023-01-08T00:00:00+00:00,2024-06-23T01:10:00+00:00
C00934,Lara,Villanueva,lara.villanueva934@example.com,Makati,Gold,2023-05-25T00:00:00+00:00,2024-12-29T04:43:00+00:00
C00935,Marco,Ramos,marco.ramos935@example.com,Pasay,Bronze,2023-12-17T00:00:00+00:00,2024-02-14T04:48:00+00:00
C00936,Victor,Dela Cruz,victor.delacruz936@example.com,Parañaque,Bronze,2023-05-27T00:00:00+00:00,2025-04-25T03:09:00+00:00
C00937,Ramon,Fernandez,ramon.fernandez937@example.com,Pasig,Silver,2023-08-11T00:00:00+00:00,2024-12-10T02:03:00+00:00
C00938,Nina,Ramos,nina.ramos938@example.com,Taguig,Gold,2023-11-11T00:00:00+00:00,2026-03-11T23:36:00+00:00
C00939,Marco,Aquino,marco.aquino939@example.com,Quezon City,Silver,2023-10-04T00:00:00+00:00,2024-12-08T00:50:00+00:00
C00940,Oscar,Garcia,oscar.garcia940@example.com,Mandaluyong,Bronze,2023-08-23T00:00:00+00:00,2024-07-11T11:13:00+00:00
C00941,Sofia,Mercado,sofia.mercado941@example.com,Mandaluyong,Gold,2023-04-02T00:00:00+00:00,2024-09-30T08:22:00+00:00
C00942,Queenie,Santos,queenie.santos942@example.com,Manila,Gold,2023-03-08T00:00:00+00:00,2026-02-12T15:16:00+00:00
C00943,Ivan,Lim,ivan.lim943@example.com,Marikina,Silver,2023-06-07T00:00:00+00:00,2024-01-28T17:46:00+00:00
C00944,Yasmin,Mercado,yasmin.mercado944@example.com,Manila,Gold,2023-08-01T00:00:00+00:00,2024-04-20T17:25:00+00:00
C00945,Ana,Lim,ana.lim945@example.com,Mandaluyong,Bronze,2023-11-07T00:00:00+00:00,2024-07-18T12:59:00+00:00
C00946,Grace,Flores,grace.flores946@example.com,Taguig,Bronze,2023-07-15T00:00:00+00:00,2024-11-24T15:34:00+00:00
C00947,Carla,Torres,carla.torres947@example.com,Parañaque,Bronze,2023-10-13T00:00:00+00:00,2025-03-14T15:46:00+00:00
C00948,Yasmin,Cruz,yasmin.cruz948@example.com,Manila,Bronze,2023-09-11T00:00:00+00:00,2025-08-09T17:28:00+00:00
C00949,Ella,Garcia,ella.garcia949@example.com,Pasay,Silver,2023-09-24T00:00:00+00:00,2025-08-01T11:23:00+00:00
C00950,Hannah,Cruz,hannah.cruz950@example.com,Taguig,Silver,2023-05-10T00:00:00+00:00,2024-09-23T10:28:00+00:00
C00951,Diego,Cruz,diego.cruz951@example.com,Quezon City,Bronze,2023-10-14T00:00:00+00:00,2024-03-17T11:13:00+00:00
C00952,Ben,Mercado,ben.mercado952@example.com,Pasay,Gold,2023-06-21T00:00:00+00:00,2024-09-19T03:30:00+00:00
C00953,Yasmin,Torres,yasmin.torres953@example.com,Pasay,Bronze,2023-10-18T00:00:00+00:00,2024-08-13T14:14:00+00:00
C00954,Julia,Tan,julia.tan954@example.com,Caloocan,Gold,2023-08-16T00:00:00+00:00,2026-03-19T04:03:00+00:00
C00955,Uma,Cruz,uma.cruz955@example.com,Parañaque,Bronze,2023-09-25T00:00:00+00:00,2025-08-13T18:46:00+00:00
C00956,Lara,Santos,lara.santos956@example.com,Marikina,Silver,2023-02-17T00:00:00+00:00,2024-04-05T17:23:00+00:00
C00957,Wendy,Tan,wendy.tan957@example.com,Manila,Silver,2023-06-30T00:00:00+00:00,2025-10-04T17:50:00+00:00
C00958,Queenie,Lim,queenie.lim958@example.com,Mandaluyong,Silver,2023-09-29T00:00:00+00:00,2025-01-14T21:37:00+00:00
C00959,Queenie,Villanueva,queenie.villanueva959@example.com,Makati,Bronze,2023-04-26T00:00:00+00:00,2024-06-14T06:30:00+00:00
C00960,Hannah,Cruz,hannah.cruz960@example.com,Makati,Bronze,2023-06-10T00:00:00+00:00,2024-06-22T20:32:00+00:00
C00961,Ana,Torres,ana.torres961@example.com,Pasay,Bronze,2023-07-17T00:00:00+00:00,2024-06-09T21:52:00+00:00
C00962,Kevin,Mendoza,kevin.mendoza962@example.com,Pasig,Silver,2023-03-04T00:00:00+00:00,2025-03-09T17:52:00+00:00
C00963,Ella,Diaz,ella.diaz963@example.com,Parañaque,Bronze,2023-02-17T00:00:00+00:00,2025-06-13T12:11:00+00:00
C00964,Sofia,Cruz,sofia.cruz964@example.com,Pasay,Platinum,2023-02-21T00:00:00+00:00,2024-09-18T16:34:00+00:00
C00965,Nina,Bautista,nina.bautista965@example.com,Quezon City,Silver,2023-08-03T00:00:00+00:00,2025-08-26T18:55:00+00:00
C00966,Paolo,Ramos,paolo.ramos966@example.com,Parañaque,Bronze,2023-10-14T00:00:00+00:00,2024-02-07T08:11:00+00:00
C00967,Hannah,Mendoza,hannah.mendoza967@example.com,Pasay,Gold,2023-09-15T00:00:00+00:00,2025-12-21T19:26:00+00:00
C00968,Diego,Mendoza,diego.mendoza968@example.com,Parañaque,Silver,2023-01-07T00:00:00+00:00,2024-02-13T14:51:00+00:00
C00969,Tomas,Fernandez,tomas.fernandez969@example.com,Pasay,Silver,2023-08-20T00:00:00+00:00,2024-11-23T21:50:00+00:00
C00970,Sofia,Villanueva,sofia.villanueva970@example.com,Pasay,Gold,2023-11-19T00:00:00+00:00,2024-08-29T00:26:00+00:00
C00971,Uma,Castillo,uma.castillo971@example.com,Quezon City,Gold,2023-01-11T00:00:00+00:00,2026-01-19T17:53:00+00:00
C00972,Wendy,Mercado,wendy.mercado972@example.com,Caloocan,Silver,2023-11-23T00:00:00+00:00,2025-10-27T11:39:00+00:00
C00973,Diego,Ramos,diego.ramos973@example.com,Makati,Silver,2023-12-17T00:00:00+00:00,2026-01-15T04:01:00+00:00
C00974,Lara,Ramos,lara.ramos974@example.com,Parañaque,Bronze,2023-08-29T00:00:00+00:00,2024-01-15T04:51:00+00:00
C00975,Kevin,Mercado,kevin.mercado975@example.com,Mandaluyong,Silver,2023-11-14T00:00:00+00:00,2024-01-14T17:03:00+00:00
C00976,Ana,Diaz,ana.diaz976@example.com,Makati,Silver,2023-10-22T00:00:00+00:00,2024-03-05T00:18:00+00:00
C00977,Tomas,Ramos,tomas.ramos977@example.com,Pasig,Gold,2023-03-24T00:00:00+00:00,2025-07-13T22:05:00+00:00
C00978,Julia,Navarro,julia.navarro978@example.com,Pasig,Bronze,2023-07-17T00:00:00+00:00,2024-08-13T03:21:00+00:00
C00979,Francis,Castillo,francis.castillo979@example.com,Taguig,Silver,2023-04-05T00:00:00+00:00,2024-06-22T05:48:00+00:00
C00980,Zoe,Diaz,zoe.diaz980@example.com,Mandaluyong,Silver,2023-07-02T00:00:00+00:00,2025-12-10T20:42:00+00:00
C00981,Lara,Villanueva,lara.villanueva981@example.com,Marikina,Silver,2023-06-02T00:00:00+00:00,2025-07-12T01:06:00+00:00
C00982,Julia,Lim,julia.lim982@example.com,Makati,Gold,2023-06-26T00:00:00+00:00,2024-08-27T05:38:00+00:00
C00983,Ivan,Flores,ivan.flores983@example.com,Marikina,Silver,2023-07-01T00:00:00+00:00,2025-04-03T07:41:00+00:00
C00984,Oscar,Santos,oscar.santos984@example.com,Parañaque,Bronze,2023-02-23T00:00:00+00:00,2026-03-02T02:49:00+00:00
C00985,Xavier,Santos,xavier.santos985@example.com,Manila,Bronze,2023-03-16T00:00:00+00:00,2024-09-07T03:22:00+00:00
C00986,Zoe,Torres,zoe.torres986@example.com,Manila,Bronze,2023-02-11T00:00:00+00:00,2025-08-31T01:01:00+00:00
C00987,Uma,Pascual,uma.pascual987@example.com,Pasig,Bronze,2023-09-08T00:00:00+00:00,2025-08-06T08:33:00+00:00
C00988,Carla,Villanueva,carla.villanueva988@example.com,Mandaluyong,Bronze,2023-08-15T00:00:00+00:00,2025-12-27T04:41:00+00:00
C00989,Wendy,Lim,wendy.lim989@example.com,Pasay,Bronze,2023-12-15T00:00:00+00:00,2026-02-13T15:52:00+00:00
C00990,Wendy,Diaz,wendy.diaz990@example.com,Parañaque,Bronze,2023-02-14T00:00:00+00:00,2025-06-09T05:20:00+00:00
C00991,Queenie,Lim,queenie.lim991@example.com,Caloocan,Silver,2023-07-07T00:00:00+00:00,2026-04-28T22:52:00+00:00
C00992,Paolo,Cruz,paolo.cruz992@example.com,Mandaluyong,Bronze,2023-01-29T00:00:00+00:00,2026-02-15T20:50:00+00:00
C00993,Zoe,Navarro,zoe.navarro993@example.com,Pasay,Silver,2023-12-18T00:00:00+00:00,2024-06-04T03:14:00+00:00
C00994,Carla,Pascual,carla.pascual994@example.com,Quezon City,Bronze,2023-01-26T00:00:00+00:00,2025-01-18T11:19:00+00:00
C00995,Oscar,Lim,oscar.lim995@example.com,Manila,Silver,2023-11-06T00:00:00+00:00,2024-03-16T01:52:00+00:00
C00996,Francis,Cruz,francis.cruz996@example.com,Manila,Bronze,2023-07-02T00:00:00+00:00,2024-01-06T09:57:00+00:00
C00997,Diego,Mendoza,diego.mendoza997@example.com,Makati,Gold,2023-07-16T00:00:00+00:00,2025-08-22T13:00:00+00:00
C00998,Yasmin,Torres,yasmin.torres998@example.com,Caloocan,Silver,2023-03-19T00:00:00+00:00,2024-03-24T15:29:00+00:00
C00999,Nina,Torres,nina.torres999@example.com,Caloocan,Bronze,2023-06-17T00:00:00+00:00,2025-12-23T18:50:00+00:00
C01000,Wendy,Reyes,wendy.reyes1000@example.com,Mandaluyong,Bronze,2023-05-29T00:00:00+00:00,2024-04-22T19:44:00+00:00
C01001,Ben,Cruz,ben.cruz1001@example.com,Mandaluyong,Bronze,2023-12-28T00:00:00+00:00,2024-08-06T16:02:00+00:00
C01002,Ben,Santos,ben.santos1002@example.com,Caloocan,Silver,2023-03-25T00:00:00+00:00,2026-02-05T02:42:00+00:00
C01003,Lara,Mercado,lara.mercado1003@example.com,Marikina,Gold,2023-03-12T00:00:00+00:00,2024-08-19T08:54:00+00:00
C01004,Ben,Santos,ben.santos1004@example.com,Quezon City,Silver,2023-07-14T00:00:00+00:00,2025-12-05T11:58:00+00:00
C01005,Ella,Flores,ella.flores1005@example.com,Pasay,Bronze,2023-01-29T00:00:00+00:00,2024-04-18T06:02:00+00:00
C01006,Diego,Mercado,diego.mercado1006@example.com,Taguig,Bronze,2023-08-25T00:00:00+00:00,2025-08-03T08:38:00+00:00
C01007,Lara,Reyes,lara.reyes1007@example.com,Taguig,Bronze,2023-01-30T00:00:00+00:00,2025-01-07T03:20:00+00:00
C01008,Tomas,Navarro,tomas.navarro1008@example.com,Mandaluyong,Silver,2023-01-23T00:00:00+00:00,2024-06-24T20:08:00+00:00
C01009,Yasmin,Mendoza,yasmin.mendoza1009@example.com,Pasig,Bronze,2023-05-14T00:00:00+00:00,2024-04-17T12:30:00+00:00
C01010,Grace,Garcia,grace.garcia1010@example.com,Taguig,Gold,2023-08-01T00:00:00+00:00,2026-04-01T22:37:00+00:00
C01011,Tomas,Aquino,tomas.aquino1011@example.com,Makati,Bronze,2023-07-14T00:00:00+00:00,2024-06-15T14:38:00+00:00
C01012,Zoe,Castillo,zoe.castillo1012@example.com,Caloocan,Bronze,2023-08-16T00:00:00+00:00,2024-05-08T06:03:00+00:00
C01013,Nina,Fernandez,nina.fernandez1013@example.com,Taguig,Silver,2023-03-18T00:00:00+00:00,2024-08-02T13:02:00+00:00
C01014,Carla,Villanueva,carla.villanueva1014@example.com,Pasay,Bronze,2023-03-11T00:00:00+00:00,2024-03-02T16:18:00+00:00
C01015,Ana,Dela Cruz,ana.delacruz1015@example.com,Manila,Silver,2023-10-15T00:00:00+00:00,2024-09-18T09:27:00+00:00
C01016,Lara,Tan,lara.tan1016@example.com,Marikina,Bronze,2023-02-22T00:00:00+00:00,2025-05-02T22:26:00+00:00
C01017,Ben,Aquino,ben.aquino1017@example.com,Pasig,Bronze,2023-12-07T00:00:00+00:00,2026-03-31T06:35:00+00:00
C01018,Ana,Aquino,ana.aquino1018@example.com,Caloocan,Bronze,2023-02-01T00:00:00+00:00,2024-03-20T23:15:00+00:00
C01019,Francis,Ramos,francis.ramos1019@example.com,Marikina,Gold,2023-08-21T00:00:00+00:00,2024-05-06T09:01:00+00:00
C01020,Marco,Flores,marco.flores1020@example.com,Marikina,Silver,2023-05-10T00:00:00+00:00,2025-09-09T15:37:00+00:00
C01021,Francis,Aquino,francis.aquino1021@example.com,Makati,Gold,2023-07-06T00:00:00+00:00,2025-12-29T23:35:00+00:00
C01022,Wendy,Santos,wendy.santos1022@example.com,Quezon City,Silver,2023-07-05T00:00:00+00:00,2026-03-16T00:58:00+00:00
C01023,Grace,Aquino,grace.aquino1023@example.com,Manila,Bronze,2023-11-25T00:00:00+00:00,2024-09-27T14:26:00+00:00
C01024,Ana,Navarro,ana.navarro1024@example.com,Manila,Bronze,2023-08-08T00:00:00+00:00,2024-08-24T01:57:00+00:00
C01025,Queenie,Bautista,queenie.bautista1025@example.com,Pasay,Silver,2023-07-06T00:00:00+00:00,2024-10-18T20:25:00+00:00
C01026,Xavier,Bautista,xavier.bautista1026@example.com,Caloocan,Gold,2023-10-09T00:00:00+00:00,2025-03-23T11:32:00+00:00
C01027,Julia,Cruz,julia.cruz1027@example.com,Mandaluyong,Bronze,2023-10-02T00:00:00+00:00,2024-11-30T13:57:00+00:00
C01028,Xavier,Torres,xavier.torres1028@example.com,Caloocan,Bronze,2023-08-03T00:00:00+00:00,2024-05-22T20:52:00+00:00
C01029,Victor,Ramos,victor.ramos1029@example.com,Mandaluyong,Bronze,2023-08-05T00:00:00+00:00,2024-06-05T10:19:00+00:00
C01030,Tomas,Aquino,tomas.aquino1030@example.com,Makati,Gold,2023-03-29T00:00:00+00:00,2024-09-26T02:32:00+00:00
C01031,Wendy,Ramos,wendy.ramos1031@example.com,Pasay,Bronze,2023-12-25T00:00:00+00:00,2024-02-27T06:41:00+00:00
C01032,Wendy,Dela Cruz,wendy.delacruz1032@example.com,Quezon City,Bronze,2023-06-09T00:00:00+00:00,2024-06-06T22:03:00+00:00
C01033,Francis,Castillo,francis.castillo1033@example.com,Manila,Silver,2023-05-03T00:00:00+00:00,2026-03-05T21:00:00+00:00
C01034,Carla,Tan,carla.tan1034@example.com,Parañaque,Gold,2023-03-31T00:00:00+00:00,2025-03-12T20:36:00+00:00
C01035,Xavier,Torres,xavier.torres1035@example.com,Manila,Bronze,2023-12-24T00:00:00+00:00,2024-04-05T19:36:00+00:00
C01036,Queenie,Tan,queenie.tan1036@example.com,Taguig,Gold,2023-08-19T00:00:00+00:00,2024-03-04T16:03:00+00:00
C01037,Hannah,Garcia,hannah.garcia1037@example.com,Makati,Silver,2023-02-11T00:00:00+00:00,2025-10-13T17:37:00+00:00
C01038,Paolo,Mendoza,paolo.mendoza1038@example.com,Quezon City,Silver,2023-06-04T00:00:00+00:00,2024-12-30T05:28:00+00:00
C01039,Yasmin,Castillo,yasmin.castillo1039@example.com,Caloocan,Bronze,2023-07-13T00:00:00+00:00,2025-10-12T20:23:00+00:00
C01040,Wendy,Bautista,wendy.bautista1040@example.com,Marikina,Silver,2023-01-07T00:00:00+00:00,2025-03-05T11:16:00+00:00
C01041,Nina,Torres,nina.torres1041@example.com,Pasay,Bronze,2023-06-27T00:00:00+00:00,2024-12-20T11:29:00+00:00
C01042,Diego,Navarro,diego.navarro1042@example.com,Marikina,Gold,2023-10-16T00:00:00+00:00,2025-07-02T03:54:00+00:00
C01043,Kevin,Garcia,kevin.garcia1043@example.com,Manila,Silver,2023-01-20T00:00:00+00:00,2025-10-14T23:51:00+00:00
C01044,Carla,Fernandez,carla.fernandez1044@example.com,Caloocan,Bronze,2023-08-16T00:00:00+00:00,2024-02-11T17:05:00+00:00
C01045,Zoe,Pascual,zoe.pascual1045@example.com,Pasig,Silver,2023-08-29T00:00:00+00:00,2024-08-19T02:51:00+00:00
C01046,Yasmin,Castillo,yasmin.castillo1046@example.com,Pasig,Bronze,2023-03-01T00:00:00+00:00,2024-01-09T03:27:00+00:00
C01047,Ivan,Tan,ivan.tan1047@example.com,Pasay,Bronze,2023-05-11T00:00:00+00:00,2026-01-18T14:40:00+00:00
C01048,Sofia,Diaz,sofia.diaz1048@example.com,Pasay,Bronze,2023-03-18T00:00:00+00:00,2025-10-25T16:05:00+00:00
C01049,Tomas,Mendoza,tomas.mendoza1049@example.com,Mandaluyong,Silver,2023-03-05T00:00:00+00:00,2024-05-15T06:33:00+00:00
C01050,Lara,Cruz,lara.cruz1050@example.com,Caloocan,Silver,2023-03-01T00:00:00+00:00,2025-12-14T17:54:00+00:00
C01051,Xavier,Lim,xavier.lim1051@example.com,Caloocan,Gold,2023-09-06T00:00:00+00:00,2024-06-28T08:33:00+00:00
C01052,Carla,Flores,carla.flores1052@example.com,Pasay,Gold,2023-04-12T00:00:00+00:00,2024-02-14T00:41:00+00:00
C01053,Yasmin,Flores,yasmin.flores1053@example.com,Mandaluyong,Silver,2023-10-15T00:00:00+00:00,2024-08-15T21:16:00+00:00
C01054,Kevin,Ramos,kevin.ramos1054@example.com,Parañaque,Bronze,2023-12-31T00:00:00+00:00,2024-09-14T04:31:00+00:00
C01055,Ben,Fernandez,ben.fernandez1055@example.com,Manila,Bronze,2023-04-25T00:00:00+00:00,2025-06-30T14:37:00+00:00
C01056,Lara,Navarro,lara.navarro1056@example.com,Taguig,Gold,2023-02-13T00:00:00+00:00,2025-04-26T21:26:00+00:00
C01057,Diego,Aquino,diego.aquino1057@example.com,Manila,Silver,2023-03-02T00:00:00+00:00,2024-11-12T17:05:00+00:00
C01058,Julia,Mendoza,julia.mendoza1058@example.com,Pasay,Silver,2023-05-25T00:00:00+00:00,2025-02-07T23:40:00+00:00
C01059,Victor,Dela Cruz,victor.delacruz1059@example.com,Pasay,Silver,2023-07-12T00:00:00+00:00,2024-11-21T09:52:00+00:00
C01060,Victor,Dela Cruz,victor.delacruz1060@example.com,Marikina,Bronze,2023-02-18T00:00:00+00:00,2025-12-07T00:02:00+00:00
C01061,Sofia,Reyes,sofia.reyes1061@example.com,Mandaluyong,Bronze,2023-02-17T00:00:00+00:00,2025-01-19T22:23:00+00:00
C01062,Yasmin,Aquino,yasmin.aquino1062@example.com,Caloocan,Silver,2023-03-23T00:00:00+00:00,2025-09-03T20:03:00+00:00
C01063,Yasmin,Mercado,yasmin.mercado1063@example.com,Pasay,Silver,2023-07-07T00:00:00+00:00,2024-07-10T11:30:00+00:00
C01064,Carla,Ramos,carla.ramos1064@example.com,Marikina,Silver,2023-01-02T00:00:00+00:00,2025-05-04T21:14:00+00:00
C01065,Diego,Castillo,diego.castillo1065@example.com,Makati,Silver,2023-01-15T00:00:00+00:00,2025-12-24T20:55:00+00:00
C01066,Diego,Aquino,diego.aquino1066@example.com,Marikina,Silver,2023-06-12T00:00:00+00:00,2024-02-02T15:56:00+00:00
C01067,Ramon,Dela Cruz,ramon.delacruz1067@example.com,Mandaluyong,Bronze,2023-08-18T00:00:00+00:00,2024-10-17T07:00:00+00:00
C01068,Ivan,Mendoza,ivan.mendoza1068@example.com,Pasig,Gold,2023-02-16T00:00:00+00:00,2025-02-05T00:34:00+00:00
C01069,Queenie,Lim,queenie.lim1069@example.com,Marikina,Bronze,2023-06-26T00:00:00+00:00,2025-06-06T06:18:00+00:00
C01070,Wendy,Fernandez,wendy.fernandez1070@example.com,Pasig,Gold,2023-10-03T00:00:00+00:00,2025-08-26T02:09:00+00:00
C01071,Sofia,Fernandez,sofia.fernandez1071@example.com,Quezon City,Gold,2023-09-06T00:00:00+00:00,2024-10-09T07:56:00+00:00
C01072,Tomas,Mendoza,tomas.mendoza1072@example.com,Pasay,Bronze,2023-12-31T00:00:00+00:00,2024-11-06T05:03:00+00:00
C01073,Queenie,Fernandez,queenie.fernandez1073@example.com,Taguig,Gold,2023-06-01T00:00:00+00:00,2025-12-22T12:34:00+00:00
C01074,Uma,Reyes,uma.reyes1074@example.com,Taguig,Bronze,2023-04-23T00:00:00+00:00,2025-05-18T17:31:00+00:00
C01075,Yasmin,Santos,yasmin.santos1075@example.com,Parañaque,Gold,2023-03-11T00:00:00+00:00,2024-12-30T15:09:00+00:00
C01076,Victor,Dela Cruz,victor.delacruz1076@example.com,Pasay,Bronze,2023-09-17T00:00:00+00:00,2025-07-16T13:59:00+00:00
C01077,Ana,Dela Cruz,ana.delacruz1077@example.com,Pasay,Bronze,2023-02-07T00:00:00+00:00,2024-12-14T15:05:00+00:00
C01078,Nina,Lim,nina.lim1078@example.com,Pasay,Gold,2023-12-17T00:00:00+00:00,2024-11-16T02:15:00+00:00
C01079,Ella,Bautista,ella.bautista1079@example.com,Pasig,Bronze,2023-01-13T00:00:00+00:00,2026-02-05T09:11:00+00:00
C01080,Lara,Garcia,lara.garcia1080@example.com,Mandaluyong,Silver,2023-07-29T00:00:00+00:00,2025-06-26T19:49:00+00:00
C01081,Uma,Aquino,uma.aquino1081@example.com,Pasay,Gold,2023-10-05T00:00:00+00:00,2025-08-15T12:53:00+00:00
C01082,Zoe,Mendoza,zoe.mendoza1082@example.com,Quezon City,Bronze,2023-08-10T00:00:00+00:00,2024-03-10T12:36:00+00:00
C01083,Ben,Pascual,ben.pascual1083@example.com,Makati,Silver,2023-05-04T00:00:00+00:00,2024-04-03T10:51:00+00:00
C01084,Grace,Tan,grace.tan1084@example.com,Marikina,Silver,2023-06-09T00:00:00+00:00,2025-01-19T03:08:00+00:00
C01085,Ivan,Flores,ivan.flores1085@example.com,Makati,Gold,2023-07-15T00:00:00+00:00,2025-11-05T21:12:00+00:00
C01086,Tomas,Ramos,tomas.ramos1086@example.com,Parañaque,Bronze,2023-09-04T00:00:00+00:00,2025-04-20T20:19:00+00:00
C01087,Hannah,Pascual,hannah.pascual1087@example.com,Taguig,Gold,2023-04-13T00:00:00+00:00,2026-02-26T17:01:00+00:00
C01088,Carla,Ramos,carla.ramos1088@example.com,Pasig,Silver,2023-07-28T00:00:00+00:00,2024-06-01T11:51:00+00:00
C01089,Ana,Lim,ana.lim1089@example.com,Pasay,Bronze,2023-03-07T00:00:00+00:00,2025-12-08T04:07:00+00:00
C01090,Victor,Garcia,victor.garcia1090@example.com,Manila,Silver,2023-04-22T00:00:00+00:00,2024-04-17T05:13:00+00:00
C01091,Paolo,Garcia,paolo.garcia1091@example.com,Mandaluyong,Gold,2023-01-07T00:00:00+00:00,2025-01-19T01:10:00+00:00
C01092,Ramon,Navarro,ramon.navarro1092@example.com,Mandaluyong,Bronze,2023-04-20T00:00:00+00:00,2024-08-13T19:58:00+00:00
C01093,Nina,Cruz,nina.cruz1093@example.com,Pasay,Bronze,2023-12-06T00:00:00+00:00,2025-06-28T03:05:00+00:00
C01094,Diego,Mercado,diego.mercado1094@example.com,Quezon City,Gold,2023-05-22T00:00:00+00:00,2024-03-23T18:10:00+00:00
C01095,Ramon,Reyes,ramon.reyes1095@example.com,Pasig,Bronze,2023-03-14T00:00:00+00:00,2025-04-21T21:53:00+00:00
C01096,Lara,Castillo,lara.castillo1096@example.com,Caloocan,Bronze,2023-08-10T00:00:00+00:00,2024-06-19T17:23:00+00:00
C01097,Hannah,Aquino,hannah.aquino1097@example.com,Parañaque,Bronze,2023-06-23T00:00:00+00:00,2024-10-23T02:48:00+00:00
C01098,Carla,Santos,carla.santos1098@example.com,Pasig,Bronze,2023-10-20T00:00:00+00:00,2025-07-06T04:43:00+00:00
C01099,Sofia,Santos,sofia.santos1099@example.com,Marikina,Bronze,2023-09-13T00:00:00+00:00,2025-10-03T04:50:00+00:00
C01100,Marco,Lim,marco.lim1100@example.com,Pasig,Bronze,2023-08-03T00:00:00+00:00,2026-03-24T03:19:00+00:00
C01101,Ana,Tan,ana.tan1101@example.com,Caloocan,Bronze,2023-09-20T00:00:00+00:00,2024-12-10T10:32:00+00:00
C01102,Ivan,Fernandez,ivan.fernandez1102@example.com,Caloocan,Platinum,2023-08-07T00:00:00+00:00,2024-08-25T02:51:00+00:00
C01103,Queenie,Torres,queenie.torres1103@example.com,Parañaque,Silver,2023-11-30T00:00:00+00:00,2024-01-31T10:54:00+00:00
C01104,Zoe,Mendoza,zoe.mendoza1104@example.com,Pasay,Silver,2023-10-21T00:00:00+00:00,2024-09-16T01:18:00+00:00
C01105,Francis,Mendoza,francis.mendoza1105@example.com,Pasay,Gold,2023-10-12T00:00:00+00:00,2024-08-04T10:30:00+00:00
C01106,Grace,Lim,grace.lim1106@example.com,Parañaque,Silver,2023-12-23T00:00:00+00:00,2024-07-12T11:48:00+00:00
C01107,Sofia,Fernandez,sofia.fernandez1107@example.com,Pasig,Silver,2023-06-17T00:00:00+00:00,2025-02-11T03:11:00+00:00
C01108,Xavier,Torres,xavier.torres1108@example.com,Quezon City,Gold,2023-08-08T00:00:00+00:00,2026-03-28T12:26:00+00:00
C01109,Kevin,Villanueva,kevin.villanueva1109@example.com,Marikina,Bronze,2023-02-03T00:00:00+00:00,2024-08-30T15:00:00+00:00
C01110,Tomas,Mercado,tomas.mercado1110@example.com,Caloocan,Platinum,2023-09-01T00:00:00+00:00,2024-03-22T03:06:00+00:00
C01111,Ramon,Torres,ramon.torres1111@example.com,Marikina,Silver,2023-07-28T00:00:00+00:00,2026-03-24T02:44:00+00:00
C01112,Grace,Pascual,grace.pascual1112@example.com,Pasig,Platinum,2023-10-28T00:00:00+00:00,2025-05-02T08:30:00+00:00
C01113,Paolo,Garcia,paolo.garcia1113@example.com,Manila,Silver,2023-07-17T00:00:00+00:00,2024-12-04T19:10:00+00:00
C01114,Francis,Villanueva,francis.villanueva1114@example.com,Taguig,Bronze,2023-07-23T00:00:00+00:00,2025-10-22T22:17:00+00:00
C01115,Zoe,Ramos,zoe.ramos1115@example.com,Manila,Bronze,2023-08-23T00:00:00+00:00,2025-05-10T03:39:00+00:00
C01116,Grace,Dela Cruz,grace.delacruz1116@example.com,Pasig,Bronze,2023-10-16T00:00:00+00:00,2025-11-17T14:14:00+00:00
C01117,Yasmin,Bautista,yasmin.bautista1117@example.com,Makati,Bronze,2023-04-18T00:00:00+00:00,2025-07-09T06:24:00+00:00
C01118,Yasmin,Castillo,yasmin.castillo1118@example.com,Quezon City,Bronze,2023-10-12T00:00:00+00:00,2024-10-03T08:51:00+00:00
C01119,Uma,Flores,uma.flores1119@example.com,Makati,Bronze,2023-11-24T00:00:00+00:00,2024-01-22T10:59:00+00:00
C01120,Queenie,Reyes,queenie.reyes1120@example.com,Makati,Gold,2023-04-14T00:00:00+00:00,2024-07-02T04:32:00+00:00
C01121,Nina,Bautista,nina.bautista1121@example.com,Manila,Silver,2023-03-10T00:00:00+00:00,2024-12-03T09:10:00+00:00
C01122,Yasmin,Reyes,yasmin.reyes1122@example.com,Quezon City,Bronze,2023-03-25T00:00:00+00:00,2024-02-11T13:26:00+00:00
C01123,Uma,Flores,uma.flores1123@example.com,Taguig,Silver,2023-06-25T00:00:00+00:00,2025-10-30T14:38:00+00:00
C01124,Nina,Villanueva,nina.villanueva1124@example.com,Mandaluyong,Bronze,2023-01-19T00:00:00+00:00,2025-06-18T03:55:00+00:00
C01125,Francis,Castillo,francis.castillo1125@example.com,Pasay,Gold,2023-03-20T00:00:00+00:00,2024-02-24T00:50:00+00:00
C01126,Uma,Pascual,uma.pascual1126@example.com,Parañaque,Bronze,2023-07-18T00:00:00+00:00,2025-10-20T23:52:00+00:00
C01127,Uma,Flores,uma.flores1127@example.com,Makati,Silver,2023-02-03T00:00:00+00:00,2024-12-23T17:19:00+00:00
C01128,Francis,Castillo,francis.castillo1128@example.com,Marikina,Bronze,2023-12-04T00:00:00+00:00,2025-04-27T11:53:00+00:00
C01129,Ella,Diaz,ella.diaz1129@example.com,Manila,Bronze,2023-09-22T00:00:00+00:00,2024-01-26T08:56:00+00:00
C01130,Paolo,Castillo,paolo.castillo1130@example.com,Quezon City,Silver,2023-03-18T00:00:00+00:00,2026-03-23T06:10:00+00:00
C01131,Ivan,Ramos,ivan.ramos1131@example.com,Pasig,Gold,2023-07-21T00:00:00+00:00,2025-02-28T22:38:00+00:00
C01132,Zoe,Mercado,zoe.mercado1132@example.com,Pasig,Silver,2023-12-14T00:00:00+00:00,2025-03-13T05:47:00+00:00
C01133,Uma,Pascual,uma.pascual1133@example.com,Pasay,Silver,2023-05-23T00:00:00+00:00,2024-10-18T18:03:00+00:00
C01134,Nina,Navarro,nina.navarro1134@example.com,Pasig,Bronze,2023-12-18T00:00:00+00:00,2025-02-27T21:06:00+00:00
C01135,Yasmin,Pascual,yasmin.pascual1135@example.com,Pasay,Bronze,2023-08-28T00:00:00+00:00,2025-12-27T15:17:00+00:00
C01136,Ana,Pascual,ana.pascual1136@example.com,Makati,Gold,2023-07-21T00:00:00+00:00,2024-08-05T04:50:00+00:00
C01137,Xavier,Bautista,xavier.bautista1137@example.com,Caloocan,Bronze,2023-02-10T00:00:00+00:00,2024-05-27T13:22:00+00:00
C01138,Kevin,Castillo,kevin.castillo1138@example.com,Pasay,Bronze,2023-07-08T00:00:00+00:00,2026-04-14T18:48:00+00:00
C01139,Diego,Flores,diego.flores1139@example.com,Quezon City,Silver,2023-05-08T00:00:00+00:00,2024-02-20T06:41:00+00:00
C01140,Uma,Cruz,uma.cruz1140@example.com,Pasay,Platinum,2023-01-30T00:00:00+00:00,2026-04-24T09:54:00+00:00
C01141,Queenie,Navarro,queenie.navarro1141@example.com,Taguig,Silver,2023-09-26T00:00:00+00:00,2025-08-17T05:30:00+00:00
C01142,Paolo,Torres,paolo.torres1142@example.com,Taguig,Bronze,2023-12-03T00:00:00+00:00,2025-09-30T16:24:00+00:00
C01143,Victor,Fernandez,victor.fernandez1143@example.com,Makati,Bronze,2023-05-03T00:00:00+00:00,2025-06-02T22:39:00+00:00
C01144,Hannah,Tan,hannah.tan1144@example.com,Quezon City,Silver,2023-09-18T00:00:00+00:00,2025-02-28T14:32:00+00:00
C01145,Ella,Mercado,ella.mercado1145@example.com,Pasay,Gold,2023-09-26T00:00:00+00:00,2024-02-27T06:16:00+00:00
C01146,Yasmin,Castillo,yasmin.castillo1146@example.com,Taguig,Bronze,2023-02-27T00:00:00+00:00,2025-07-07T11:50:00+00:00
C01147,Victor,Flores,victor.flores1147@example.com,Pasay,Silver,2023-03-01T00:00:00+00:00,2025-11-30T07:20:00+00:00
C01148,Lara,Castillo,lara.castillo1148@example.com,Makati,Gold,2023-02-28T00:00:00+00:00,2026-03-07T12:12:00+00:00
C01149,Marco,Cruz,marco.cruz1149@example.com,Manila,Gold,2023-12-24T00:00:00+00:00,2024-03-21T05:37:00+00:00
C01150,Lara,Tan,lara.tan1150@example.com,Mandaluyong,Bronze,2023-12-12T00:00:00+00:00,2024-04-12T23:31:00+00:00
C01151,Carla,Flores,carla.flores1151@example.com,Marikina,Bronze,2023-01-31T00:00:00+00:00,2026-01-31T02:33:00+00:00
C01152,Lara,Fernandez,lara.fernandez1152@example.com,Caloocan,Bronze,2023-02-12T00:00:00+00:00,2024-01-11T05:42:00+00:00
C01153,Wendy,Aquino,wendy.aquino1153@example.com,Pasay,Bronze,2023-10-07T00:00:00+00:00,2026-03-12T04:15:00+00:00
C01154,Ana,Fernandez,ana.fernandez1154@example.com,Mandaluyong,Bronze,2023-09-23T00:00:00+00:00,2024-11-12T07:10:00+00:00
C01155,Queenie,Ramos,queenie.ramos1155@example.com,Pasay,Bronze,2023-09-16T00:00:00+00:00,2025-04-16T10:51:00+00:00
C01156,Kevin,Pascual,kevin.pascual1156@example.com,Pasig,Bronze,2023-05-24T00:00:00+00:00,2024-02-15T00:01:00+00:00
C01157,Wendy,Garcia,wendy.garcia1157@example.com,Makati,Gold,2023-05-16T00:00:00+00:00,2024-10-15T23:54:00+00:00
C01158,Marco,Diaz,marco.diaz1158@example.com,Makati,Silver,2023-07-07T00:00:00+00:00,2024-02-12T10:49:00+00:00
C01159,Victor,Ramos,victor.ramos1159@example.com,Caloocan,Bronze,2023-03-21T00:00:00+00:00,2026-01-11T05:34:00+00:00
C01160,Ella,Bautista,ella.bautista1160@example.com,Taguig,Bronze,2023-06-06T00:00:00+00:00,2024-10-03T19:20:00+00:00
C01161,Grace,Mendoza,grace.mendoza1161@example.com,Mandaluyong,Silver,2023-10-11T00:00:00+00:00,2025-01-20T03:41:00+00:00
C01162,Oscar,Fernandez,oscar.fernandez1162@example.com,Mandaluyong,Bronze,2023-11-17T00:00:00+00:00,2025-08-09T14:42:00+00:00
C01163,Nina,Ramos,nina.ramos1163@example.com,Pasay,Silver,2023-03-30T00:00:00+00:00,2024-03-15T18:51:00+00:00
C01164,Francis,Tan,francis.tan1164@example.com,Marikina,Silver,2023-08-17T00:00:00+00:00,2025-11-18T11:20:00+00:00
C01165,Ben,Garcia,ben.garcia1165@example.com,Makati,Bronze,2023-08-18T00:00:00+00:00,2024-01-19T10:47:00+00:00
C01166,Xavier,Mercado,xavier.mercado1166@example.com,Makati,Platinum,2023-08-21T00:00:00+00:00,2025-08-25T10:20:00+00:00
C01167,Ramon,Diaz,ramon.diaz1167@example.com,Taguig,Gold,2023-02-01T00:00:00+00:00,2024-12-27T23:34:00+00:00
C01168,Tomas,Torres,tomas.torres1168@example.com,Quezon City,Silver,2023-08-12T00:00:00+00:00,2025-07-03T12:20:00+00:00
C01169,Ana,Pascual,ana.pascual1169@example.com,Mandaluyong,Silver,2023-02-06T00:00:00+00:00,2025-12-03T02:01:00+00:00
C01170,Tomas,Lim,tomas.lim1170@example.com,Taguig,Platinum,2023-08-16T00:00:00+00:00,2024-09-18T14:54:00+00:00
C01171,Uma,Flores,uma.flores1171@example.com,Parañaque,Gold,2023-07-14T00:00:00+00:00,2025-07-16T01:17:00+00:00
C01172,Kevin,Diaz,kevin.diaz1172@example.com,Quezon City,Silver,2023-05-14T00:00:00+00:00,2025-09-10T02:19:00+00:00
C01173,Oscar,Diaz,oscar.diaz1173@example.com,Pasay,Gold,2023-05-27T00:00:00+00:00,2025-06-16T13:33:00+00:00
C01174,Sofia,Mercado,sofia.mercado1174@example.com,Parañaque,Bronze,2023-06-19T00:00:00+00:00,2025-01-13T02:54:00+00:00
C01175,Diego,Navarro,diego.navarro1175@example.com,Mandaluyong,Silver,2023-06-19T00:00:00+00:00,2025-09-17T08:17:00+00:00
C01176,Hannah,Reyes,hannah.reyes1176@example.com,Taguig,Bronze,2023-06-11T00:00:00+00:00,2025-11-07T15:01:00+00:00
C01177,Lara,Lim,lara.lim1177@example.com,Marikina,Bronze,2023-11-30T00:00:00+00:00,2024-09-29T19:16:00+00:00
C01178,Wendy,Lim,wendy.lim1178@example.com,Makati,Silver,2024-01-01T00:00:00+00:00,2025-10-31T19:10:00+00:00
C01179,Julia,Mercado,julia.mercado1179@example.com,Pasig,Gold,2023-10-05T00:00:00+00:00,2024-12-11T10:56:00+00:00
C01180,Paolo,Fernandez,paolo.fernandez1180@example.com,Manila,Silver,2023-09-17T00:00:00+00:00,2025-12-01T03:06:00+00:00
C01181,Julia,Lim,julia.lim1181@example.com,Makati,Gold,2023-01-29T00:00:00+00:00,2025-07-19T09:55:00+00:00
C01182,Ivan,Navarro,ivan.navarro1182@example.com,Quezon City,Bronze,2023-08-26T00:00:00+00:00,2024-12-20T17:03:00+00:00
C01183,Sofia,Pascual,sofia.pascual1183@example.com,Taguig,Gold,2023-06-22T00:00:00+00:00,2024-07-31T06:47:00+00:00
C01184,Queenie,Mercado,queenie.mercado1184@example.com,Mandaluyong,Platinum,2023-01-24T00:00:00+00:00,2025-02-16T20:44:00+00:00
C01185,Marco,Aquino,marco.aquino1185@example.com,Taguig,Bronze,2023-12-04T00:00:00+00:00,2024-08-12T17:04:00+00:00
C01186,Francis,Cruz,francis.cruz1186@example.com,Pasay,Bronze,2023-09-25T00:00:00+00:00,2026-03-22T06:30:00+00:00
C01187,Ella,Castillo,ella.castillo1187@example.com,Pasig,Gold,2023-10-20T00:00:00+00:00,2024-02-18T00:42:00+00:00
C01188,Victor,Santos,victor.santos1188@example.com,Manila,Gold,2023-06-30T00:00:00+00:00,2026-04-10T05:52:00+00:00
C01189,Victor,Reyes,victor.reyes1189@example.com,Parañaque,Gold,2023-03-23T00:00:00+00:00,2025-10-02T23:33:00+00:00
C01190,Lara,Lim,lara.lim1190@example.com,Quezon City,Bronze,2023-11-08T00:00:00+00:00,2025-03-08T22:27:00+00:00
C01191,Kevin,Navarro,kevin.navarro1191@example.com,Caloocan,Bronze,2023-01-25T00:00:00+00:00,2025-01-30T01:33:00+00:00
C01192,Zoe,Castillo,zoe.castillo1192@example.com,Caloocan,Bronze,2023-06-03T00:00:00+00:00,2024-12-28T21:40:00+00:00
C01193,Oscar,Mercado,oscar.mercado1193@example.com,Parañaque,Gold,2023-07-15T00:00:00+00:00,2025-02-21T21:13:00+00:00
C01194,Oscar,Reyes,oscar.reyes1194@example.com,Taguig,Bronze,2023-10-01T00:00:00+00:00,2024-03-11T02:52:00+00:00
C01195,Victor,Cruz,victor.cruz1195@example.com,Marikina,Platinum,2023-05-22T00:00:00+00:00,2025-07-31T23:28:00+00:00
C01196,Nina,Reyes,nina.reyes1196@example.com,Caloocan,Silver,2023-03-02T00:00:00+00:00,2024-03-23T21:37:00+00:00
C01197,Nina,Flores,nina.flores1197@example.com,Mandaluyong,Silver,2023-12-01T00:00:00+00:00,2026-03-12T12:33:00+00:00
C01198,Diego,Fernandez,diego.fernandez1198@example.com,Makati,Bronze,2023-01-29T00:00:00+00:00,2026-03-30T05:00:00+00:00
C01199,Kevin,Mercado,kevin.mercado1199@example.com,Marikina,Silver,2023-06-18T00:00:00+00:00,2024-05-24T01:42:00+00:00
C01200,Ivan,Navarro,ivan.navarro1200@example.com,Makati,Bronze,2023-10-17T00:00:00+00:00,2025-08-22T18:42:00+00:00
C01201,Tomas,Pascual,,Pasig,Bronze,2023-11-04T00:00:00+00:00,2025-10-05T08:53:00+00:00
C01202,Queenie,Bautista,queenie.bautista1202@example.com,Manila,Silver,2023-06-28T00:00:00+00:00,2024-02-09T03:53:00+00:00
C01203,Uma,Pascual,uma.pascual1203@example.com,Pasay,Silver,2023-07-23T00:00:00+00:00,2024-12-29T04:47:00+00:00
C01204,Carla,Torres,carla.torres1204@example.com,Caloocan,Bronze,2023-05-08T00:00:00+00:00,2024-08-17T02:37:00+00:00
C01205,Sofia,Mendoza,sofia.mendoza1205@example.com,Pasig,Gold,2023-10-13T00:00:00+00:00,2024-12-08T22:19:00+00:00
C01206,Francis,Mendoza,francis.mendoza1206@example.com,Pasay,Gold,2023-06-02T00:00:00+00:00,2024-11-08T03:04:00+00:00
C01207,Hannah,Fernandez,hannah.fernandez1207@example.com,Makati,Gold,2023-08-03T00:00:00+00:00,2024-02-11T07:15:00+00:00
C01208,Yasmin,Villanueva,yasmin.villanueva1208@example.com,Manila,Platinum,2023-11-07T00:00:00+00:00,2025-10-27T20:55:00+00:00
C01209,Oscar,Dela Cruz,oscar.delacruz1209@example.com,Pasay,Silver,2023-06-23T00:00:00+00:00,2024-11-01T12:43:00+00:00
C01210,Yasmin,Mendoza,yasmin.mendoza1210@example.com,Caloocan,Gold,2023-07-01T00:00:00+00:00,2025-08-01T14:56:00+00:00
C01211,Yasmin,Aquino,yasmin.aquino1211@example.com,Caloocan,Silver,2023-03-09T00:00:00+00:00,2024-10-10T13:09:00+00:00
C01212,Marco,Navarro,marco.navarro1212@example.com,Parañaque,Bronze,2023-12-26T00:00:00+00:00,2025-04-09T12:49:00+00:00
C01213,Victor,Navarro,victor.navarro1213@example.com,Caloocan,Bronze,2023-05-09T00:00:00+00:00,2024-11-15T09:34:00+00:00
C01214,Uma,Flores,uma.flores1214@example.com,Pasig,Bronze,2023-08-03T00:00:00+00:00,2025-10-27T11:05:00+00:00
C01215,Ella,Lim,ella.lim1215@example.com,Parañaque,Bronze,2023-03-13T00:00:00+00:00,2025-07-02T06:12:00+00:00
C01216,Paolo,Reyes,paolo.reyes1216@example.com,Caloocan,Silver,2023-09-21T00:00:00+00:00,2024-04-13T20:37:00+00:00
C01217,Ramon,Dela Cruz,ramon.delacruz1217@example.com,Quezon City,Silver,2023-10-07T00:00:00+00:00,2025-02-05T08:07:00+00:00
C01218,Ben,Diaz,ben.diaz1218@example.com,Marikina,Bronze,2023-02-04T00:00:00+00:00,2025-08-31T11:36:00+00:00
C01219,Julia,Mercado,julia.mercado1219@example.com,Mandaluyong,Silver,2023-04-19T00:00:00+00:00,2024-09-14T15:02:00+00:00
C01220,Ana,Torres,ana.torres1220@example.com,Pasay,Bronze,2023-07-27T00:00:00+00:00,2025-10-03T11:37:00+00:00
C01221,Nina,Flores,nina.flores1221@example.com,Pasay,Gold,2023-04-03T00:00:00+00:00,2024-10-27T13:21:00+00:00
C01222,Sofia,Tan,sofia.tan1222@example.com,Marikina,Silver,2023-12-02T00:00:00+00:00,2025-11-05T03:45:00+00:00
C01223,Queenie,Castillo,queenie.castillo1223@example.com,Pasig,Silver,2023-09-12T00:00:00+00:00,2024-06-30T04:15:00+00:00
C01224,Victor,Diaz,victor.diaz1224@example.com,Taguig,Bronze,2023-12-16T00:00:00+00:00,2025-05-23T14:14:00+00:00
C01225,Sofia,Garcia,sofia.garcia1225@example.com,Pasig,Gold,2023-11-21T00:00:00+00:00,2025-07-18T05:35:00+00:00
C01226,Julia,Diaz,julia.diaz1226@example.com,Makati,Bronze,2023-04-29T00:00:00+00:00,2025-07-30T01:11:00+00:00
C01227,Uma,Villanueva,uma.villanueva1227@example.com,Mandaluyong,Silver,2023-02-04T00:00:00+00:00,2024-12-03T22:33:00+00:00
C01228,Oscar,Castillo,oscar.castillo1228@example.com,Pasig,Bronze,2023-11-18T00:00:00+00:00,2024-09-16T12:39:00+00:00
C01229,Ivan,Castillo,ivan.castillo1229@example.com,Pasay,Bronze,2023-12-21T00:00:00+00:00,2025-04-23T17:36:00+00:00
C01230,Francis,Navarro,francis.navarro1230@example.com,Manila,Bronze,2023-03-08T00:00:00+00:00,2025-10-23T22:26:00+00:00
C01231,Uma,Castillo,uma.castillo1231@example.com,Caloocan,Bronze,2023-01-10T00:00:00+00:00,2024-06-21T08:12:00+00:00
C01232,Nina,Tan,nina.tan1232@example.com,Marikina,Bronze,2023-04-21T00:00:00+00:00,2026-02-14T15:07:00+00:00
C01233,Diego,Ramos,diego.ramos1233@example.com,Quezon City,Silver,2023-09-02T00:00:00+00:00,2024-03-10T08:57:00+00:00
C01234,Queenie,Navarro,queenie.navarro1234@example.com,Taguig,Gold,2023-12-05T00:00:00+00:00,2025-06-18T17:13:00+00:00
C01235,Ana,Pascual,ana.pascual1235@example.com,Taguig,Silver,2023-10-02T00:00:00+00:00,2024-12-15T10:36:00+00:00
C01236,Marco,Ramos,marco.ramos1236@example.com,Caloocan,Bronze,2023-08-28T00:00:00+00:00,2025-04-15T23:24:00+00:00
C01237,Carla,Pascual,carla.pascual1237@example.com,Mandaluyong,Bronze,2023-06-26T00:00:00+00:00,2025-07-12T05:30:00+00:00
C01238,Carla,Santos,carla.santos1238@example.com,Marikina,Silver,2023-11-30T00:00:00+00:00,2024-10-11T14:16:00+00:00
C01239,Victor,Reyes,victor.reyes1239@example.com,Pasig,Bronze,2023-11-15T00:00:00+00:00,2024-06-21T14:16:00+00:00
C01240,Francis,Cruz,francis.cruz1240@example.com,Quezon City,Silver,2023-11-27T00:00:00+00:00,2024-09-14T18:32:00+00:00
C01241,Ramon,Santos,ramon.santos1241@example.com,Caloocan,Bronze,2023-03-26T00:00:00+00:00,2026-02-12T03:30:00+00:00
C01242,Ana,Fernandez,ana.fernandez1242@example.com,Marikina,Bronze,2023-07-09T00:00:00+00:00,2024-10-23T23:22:00+00:00
C01243,Francis,Fernandez,francis.fernandez1243@example.com,Pasay,Gold,2023-05-12T00:00:00+00:00,2025-07-22T18:36:00+00:00
C01244,Carla,Dela Cruz,carla.delacruz1244@example.com,Makati,Bronze,2023-01-07T00:00:00+00:00,2025-01-25T21:02:00+00:00
C01245,Uma,Navarro,uma.navarro1245@example.com,Makati,Bronze,2023-12-15T00:00:00+00:00,2026-01-28T14:43:00+00:00
C01246,Wendy,Santos,wendy.santos1246@example.com,Caloocan,Gold,2023-04-10T00:00:00+00:00,2025-10-21T19:03:00+00:00
C01247,Ivan,Mercado,ivan.mercado1247@example.com,Taguig,Bronze,2023-05-12T00:00:00+00:00,2025-10-03T19:58:00+00:00
C01248,Ella,Dela Cruz,ella.delacruz1248@example.com,Makati,Bronze,2023-12-20T00:00:00+00:00,2025-12-30T13:16:00+00:00
C01249,Nina,Castillo,nina.castillo1249@example.com,Pasig,Bronze,2023-11-21T00:00:00+00:00,2024-09-14T20:12:00+00:00
C01250,Queenie,Villanueva,queenie.villanueva1250@example.com,Makati,Bronze,2023-03-13T00:00:00+00:00,2025-04-09T03:18:00+00:00
C01251,Xavier,Castillo,xavier.castillo1251@example.com,Marikina,Gold,2023-05-04T00:00:00+00:00,2024-07-16T10:05:00+00:00
C01252,Paolo,Dela Cruz,paolo.delacruz1252@example.com,Makati,Gold,2023-04-27T00:00:00+00:00,2025-11-07T17:55:00+00:00
C01253,Sofia,Diaz,sofia.diaz1253@example.com,Parañaque,Silver,2023-06-03T00:00:00+00:00,2025-12-23T14:37:00+00:00
C01254,Carla,Pascual,carla.pascual1254@example.com,Taguig,Bronze,2023-12-12T00:00:00+00:00,2024-08-25T18:20:00+00:00
C01255,Ben,Dela Cruz,ben.delacruz1255@example.com,Pasay,Bronze,2023-07-04T00:00:00+00:00,2025-11-08T10:16:00+00:00
C01256,Tomas,Torres,tomas.torres1256@example.com,Mandaluyong,Gold,2023-12-16T00:00:00+00:00,2025-03-27T00:26:00+00:00
C01257,Lara,Garcia,lara.garcia1257@example.com,Pasig,Bronze,2023-11-10T00:00:00+00:00,2024-06-04T17:15:00+00:00
C01258,Marco,Garcia,marco.garcia1258@example.com,Mandaluyong,Silver,2023-08-08T00:00:00+00:00,2024-06-13T21:23:00+00:00
C01259,Ana,Navarro,ana.navarro1259@example.com,Mandaluyong,Silver,2023-12-15T00:00:00+00:00,2026-01-05T08:11:00+00:00
C01260,Grace,Aquino,grace.aquino1260@example.com,Pasig,Gold,2023-07-13T00:00:00+00:00,2024-05-10T17:19:00+00:00
C01261,Oscar,Torres,oscar.torres1261@example.com,Manila,Silver,2023-07-31T00:00:00+00:00,2025-07-18T16:44:00+00:00
C01262,Oscar,Lim,oscar.lim1262@example.com,Mandaluyong,Silver,2023-09-25T00:00:00+00:00,2024-05-03T21:35:00+00:00
C01263,Marco,Dela Cruz,marco.delacruz1263@example.com,Marikina,Gold,2023-09-29T00:00:00+00:00,2024-08-16T06:54:00+00:00
C01264,Hannah,Dela Cruz,hannah.delacruz1264@example.com,Pasay,Platinum,2023-05-10T00:00:00+00:00,2024-10-27T22:12:00+00:00
C01265,Ivan,Villanueva,ivan.villanueva1265@example.com,Makati,Platinum,2023-11-06T00:00:00+00:00,2026-04-27T08:27:00+00:00
C01266,Diego,Reyes,diego.reyes1266@example.com,Pasay,Bronze,2023-04-13T00:00:00+00:00,2024-12-09T01:04:00+00:00
C01267,Zoe,Cruz,zoe.cruz1267@example.com,Marikina,Gold,2023-03-26T00:00:00+00:00,2024-02-12T01:12:00+00:00
C01268,Ella,Aquino,ella.aquino1268@example.com,Taguig,Silver,2023-05-22T00:00:00+00:00,2024-02-08T17:32:00+00:00
C01269,Ramon,Reyes,ramon.reyes1269@example.com,Caloocan,Gold,2023-02-25T00:00:00+00:00,2024-12-17T07:17:00+00:00
C01270,Nina,Castillo,nina.castillo1270@example.com,Mandaluyong,Gold,2023-07-22T00:00:00+00:00,2024-07-01T22:19:00+00:00
C01271,Carla,Dela Cruz,carla.delacruz1271@example.com,Parañaque,Bronze,2023-06-03T00:00:00+00:00,2025-05-31T03:57:00+00:00
C01272,Xavier,Dela Cruz,xavier.delacruz1272@example.com,Quezon City,Gold,2023-05-14T00:00:00+00:00,2024-10-30T06:40:00+00:00
C01273,Zoe,Aquino,zoe.aquino1273@example.com,Mandaluyong,Silver,2023-07-15T00:00:00+00:00,2026-03-24T20:52:00+00:00
C01274,Ben,Garcia,ben.garcia1274@example.com,Parañaque,Silver,2023-02-22T00:00:00+00:00,2024-10-11T23:30:00+00:00
C01275,Queenie,Mendoza,queenie.mendoza1275@example.com,Pasig,Bronze,2023-10-08T00:00:00+00:00,2026-03-29T22:46:00+00:00
C01276,Grace,Bautista,grace.bautista1276@example.com,Pasig,Bronze,2023-09-10T00:00:00+00:00,2025-01-26T19:41:00+00:00
C01277,Francis,Santos,francis.santos1277@example.com,Marikina,Silver,2023-11-20T00:00:00+00:00,2024-08-27T12:14:00+00:00
C01278,Marco,Garcia,marco.garcia1278@example.com,Quezon City,Gold,2023-07-23T00:00:00+00:00,2026-02-21T12:18:00+00:00
C01279,Paolo,Fernandez,paolo.fernandez1279@example.com,Mandaluyong,Bronze,2023-06-26T00:00:00+00:00,2025-05-12T00:06:00+00:00
C01280,Diego,Navarro,diego.navarro1280@example.com,Manila,Gold,2023-04-08T00:00:00+00:00,2026-04-07T03:57:00+00:00
C01281,Ben,Torres,ben.torres1281@example.com,Pasig,Silver,2023-08-20T00:00:00+00:00,2025-12-30T12:53:00+00:00
C01282,Hannah,Fernandez,hannah.fernandez1282@example.com,Makati,Silver,2023-09-11T00:00:00+00:00,2025-06-04T09:14:00+00:00
C01283,Diego,Pascual,diego.pascual1283@example.com,Taguig,Bronze,2023-08-28T00:00:00+00:00,2025-05-21T18:21:00+00:00
C01284,Diego,Flores,diego.flores1284@example.com,Mandaluyong,Silver,2023-08-29T00:00:00+00:00,2025-04-15T13:16:00+00:00
C01285,Sofia,Fernandez,sofia.fernandez1285@example.com,Manila,Gold,2023-12-05T00:00:00+00:00,2024-10-20T18:19:00+00:00
C01286,Diego,Pascual,diego.pascual1286@example.com,Pasay,Bronze,2023-06-27T00:00:00+00:00,2024-02-11T05:47:00+00:00
C01287,Oscar,Castillo,oscar.castillo1287@example.com,Caloocan,Bronze,2023-09-03T00:00:00+00:00,2024-09-09T18:12:00+00:00
C01288,Oscar,Bautista,oscar.bautista1288@example.com,Pasay,Bronze,2023-08-16T00:00:00+00:00,2024-07-19T07:20:00+00:00
C01289,Francis,Lim,francis.lim1289@example.com,Mandaluyong,Bronze,2023-09-06T00:00:00+00:00,2024-05-25T22:14:00+00:00
C01290,Ana,Bautista,ana.bautista1290@example.com,Makati,Bronze,2023-03-28T00:00:00+00:00,2024-03-12T10:19:00+00:00
C01291,Oscar,Mendoza,oscar.mendoza1291@example.com,Caloocan,Gold,2023-01-07T00:00:00+00:00,2024-07-13T20:59:00+00:00
C01292,Marco,Castillo,marco.castillo1292@example.com,Pasig,Bronze,2023-03-02T00:00:00+00:00,2025-04-01T17:14:00+00:00
C01293,Julia,Mercado,julia.mercado1293@example.com,Mandaluyong,Gold,2023-09-30T00:00:00+00:00,2024-01-06T15:51:00+00:00
C01294,Sofia,Reyes,sofia.reyes1294@example.com,Pasig,Silver,2023-08-13T00:00:00+00:00,2026-02-11T01:50:00+00:00
C01295,Ben,Mercado,ben.mercado1295@example.com,Mandaluyong,Gold,2023-03-14T00:00:00+00:00,2025-01-17T03:20:00+00:00
C01296,Grace,Cruz,grace.cruz1296@example.com,Mandaluyong,Bronze,2023-12-21T00:00:00+00:00,2026-04-25T15:45:00+00:00
C01297,Ivan,Mercado,ivan.mercado1297@example.com,Taguig,Bronze,2023-12-09T00:00:00+00:00,2024-02-22T07:52:00+00:00
C01298,Marco,Diaz,marco.diaz1298@example.com,Mandaluyong,Bronze,2023-08-25T00:00:00+00:00,2025-10-24T03:11:00+00:00
C01299,Paolo,Villanueva,paolo.villanueva1299@example.com,Parañaque,Gold,2023-03-23T00:00:00+00:00,2024-04-15T23:50:00+00:00
C01300,Ella,Navarro,ella.navarro1300@example.com,Makati,Bronze,2023-12-08T00:00:00+00:00,2025-07-10T18:37:00+00:00
C01301,Xavier,Diaz,xavier.diaz1301@example.com,Mandaluyong,Silver,2023-01-26T00:00:00+00:00,2025-03-31T12:49:00+00:00
C01302,Grace,Mendoza,grace.mendoza1302@example.com,Parañaque,Bronze,2023-12-19T00:00:00+00:00,2024-04-10T19:46:00+00:00
C01303,Ramon,Garcia,ramon.garcia1303@example.com,Manila,Platinum,2023-03-02T00:00:00+00:00,2024-02-24T01:06:00+00:00
C01304,Ramon,Villanueva,ramon.villanueva1304@example.com,Quezon City,Bronze,2023-12-06T00:00:00+00:00,2024-12-28T19:16:00+00:00
C01305,Marco,Santos,marco.santos1305@example.com,Makati,Bronze,2023-12-26T00:00:00+00:00,2024-03-29T15:50:00+00:00
C01306,Ella,Cruz,ella.cruz1306@example.com,Pasig,Bronze,2023-09-15T00:00:00+00:00,2026-02-13T07:51:00+00:00
C01307,Carla,Pascual,carla.pascual1307@example.com,Caloocan,Bronze,2023-05-16T00:00:00+00:00,2025-08-30T18:54:00+00:00
C01308,Diego,Garcia,diego.garcia1308@example.com,Quezon City,Bronze,2023-12-10T00:00:00+00:00,2025-10-07T00:39:00+00:00
C01309,Nina,Tan,nina.tan1309@example.com,Parañaque,Silver,2023-06-10T00:00:00+00:00,2024-07-26T08:06:00+00:00
C01310,Uma,Castillo,uma.castillo1310@example.com,Pasig,Gold,2023-02-02T00:00:00+00:00,2025-07-25T14:30:00+00:00
C01311,Uma,Pascual,uma.pascual1311@example.com,Parañaque,Gold,2023-03-24T00:00:00+00:00,2024-07-20T09:29:00+00:00
C01312,Queenie,Torres,queenie.torres1312@example.com,Mandaluyong,Silver,2023-02-05T00:00:00+00:00,2024-12-10T07:42:00+00:00
C01313,Tomas,Navarro,tomas.navarro1313@example.com,Parañaque,Silver,2023-12-03T00:00:00+00:00,2024-05-07T15:56:00+00:00
C01314,Yasmin,Castillo,yasmin.castillo1314@example.com,Taguig,Bronze,2023-02-27T00:00:00+00:00,2024-04-29T13:53:00+00:00
C01315,Tomas,Pascual,tomas.pascual1315@example.com,Manila,Silver,2023-07-08T00:00:00+00:00,2024-03-26T22:42:00+00:00
C01316,Oscar,Ramos,oscar.ramos1316@example.com,Makati,Silver,2023-05-14T00:00:00+00:00,2025-03-11T00:54:00+00:00
C01317,Hannah,Flores,hannah.flores1317@example.com,Makati,Bronze,2023-11-03T00:00:00+00:00,2025-04-14T17:53:00+00:00
C01318,Ivan,Diaz,ivan.diaz1318@example.com,Pasay,Bronze,2023-08-23T00:00:00+00:00,2026-02-11T21:46:00+00:00
C01319,Ben,Ramos,ben.ramos1319@example.com,Taguig,Silver,2023-07-22T00:00:00+00:00,2024-12-25T19:53:00+00:00
C01320,Carla,Mercado,carla.mercado1320@example.com,Manila,Gold,2023-01-11T00:00:00+00:00,2025-11-12T20:54:00+00:00
C01321,Marco,Navarro,marco.navarro1321@example.com,Quezon City,Platinum,2023-05-20T00:00:00+00:00,2024-05-07T19:58:00+00:00
C01322,Ben,Lim,ben.lim1322@example.com,Makati,Gold,2023-04-07T00:00:00+00:00,2026-01-03T02:44:00+00:00
C01323,Queenie,Santos,queenie.santos1323@example.com,Makati,Bronze,2023-11-08T00:00:00+00:00,2024-02-13T15:55:00+00:00
C01324,Tomas,Mendoza,tomas.mendoza1324@example.com,Quezon City,Gold,2023-08-06T00:00:00+00:00,2024-11-16T00:30:00+00:00
C01325,Marco,Bautista,marco.bautista1325@example.com,Caloocan,Bronze,2023-08-21T00:00:00+00:00,2026-01-14T02:42:00+00:00
C01326,Paolo,Santos,paolo.santos1326@example.com,Marikina,Silver,2023-09-17T00:00:00+00:00,2025-05-28T03:24:00+00:00
C01327,Ella,Lim,ella.lim1327@example.com,Caloocan,Bronze,2023-02-04T00:00:00+00:00,2025-09-07T11:57:00+00:00
C01328,Tomas,Flores,tomas.flores1328@example.com,Marikina,Silver,2023-08-26T00:00:00+00:00,2025-04-04T23:32:00+00:00
C01329,Paolo,Aquino,paolo.aquino1329@example.com,Quezon City,Gold,2023-06-29T00:00:00+00:00,2024-01-30T07:34:00+00:00
C01330,Wendy,Flores,wendy.flores1330@example.com,Makati,Bronze,2023-05-09T00:00:00+00:00,2026-02-18T21:10:00+00:00
C01331,Ben,Mendoza,ben.mendoza1331@example.com,Taguig,Gold,2023-06-19T00:00:00+00:00,2024-09-23T21:05:00+00:00
C01332,Marco,Aquino,marco.aquino1332@example.com,Parañaque,Bronze,2023-01-29T00:00:00+00:00,2025-04-15T21:04:00+00:00
C01333,Nina,Santos,nina.santos1333@example.com,Pasig,Bronze,2023-11-25T00:00:00+00:00,2025-01-01T22:32:00+00:00
C01334,Ella,Torres,ella.torres1334@example.com,Manila,Bronze,2023-06-25T00:00:00+00:00,2024-05-08T17:52:00+00:00
C01335,Ramon,Fernandez,ramon.fernandez1335@example.com,Pasig,Bronze,2023-08-15T00:00:00+00:00,2025-10-16T02:39:00+00:00
C01336,Grace,Fernandez,grace.fernandez1336@example.com,Taguig,Silver,2023-05-12T00:00:00+00:00,2024-10-29T21:41:00+00:00
C01337,Carla,Reyes,carla.reyes1337@example.com,Pasig,Bronze,2023-02-18T00:00:00+00:00,2025-03-21T16:41:00+00:00
C01338,Zoe,Tan,zoe.tan1338@example.com,Makati,Bronze,2023-10-23T00:00:00+00:00,2026-04-09T11:08:00+00:00
C01339,Zoe,Torres,zoe.torres1339@example.com,Pasay,Silver,2023-03-11T00:00:00+00:00,2025-03-09T23:28:00+00:00
C01340,Victor,Navarro,victor.navarro1340@example.com,Mandaluyong,Gold,2023-11-07T00:00:00+00:00,2024-10-10T23:52:00+00:00
C01341,Ella,Fernandez,ella.fernandez1341@example.com,Makati,Bronze,2023-02-07T00:00:00+00:00,2024-01-08T12:51:00+00:00
C01342,Kevin,Santos,kevin.santos1342@example.com,Parañaque,Bronze,2023-12-02T00:00:00+00:00,2025-07-09T17:47:00+00:00
C01343,Ben,Garcia,ben.garcia1343@example.com,Marikina,Bronze,2023-07-29T00:00:00+00:00,2025-06-18T20:11:00+00:00
C01344,Kevin,Villanueva,kevin.villanueva1344@example.com,Pasig,Gold,2023-04-19T00:00:00+00:00,2025-03-20T11:41:00+00:00
C01345,Ivan,Torres,ivan.torres1345@example.com,Quezon City,Bronze,2023-08-19T00:00:00+00:00,2025-04-18T03:43:00+00:00
C01346,Uma,Santos,uma.santos1346@example.com,Quezon City,Gold,2023-11-24T00:00:00+00:00,2024-06-06T19:45:00+00:00
C01347,Ana,Castillo,ana.castillo1347@example.com,Taguig,Silver,2023-01-31T00:00:00+00:00,2024-03-27T18:24:00+00:00
C01348,Ivan,Torres,ivan.torres1348@example.com,Pasig,Bronze,2023-06-19T00:00:00+00:00,2025-02-19T19:55:00+00:00
C01349,Yasmin,Lim,yasmin.lim1349@example.com,Marikina,Silver,2023-10-27T00:00:00+00:00,2025-09-30T10:44:00+00:00
C01350,Carla,Santos,carla.santos1350@example.com,Pasay,Bronze,2023-05-27T00:00:00+00:00,2025-01-23T14:51:00+00:00
C01351,Paolo,Torres,paolo.torres1351@example.com,Taguig,Silver,2023-08-24T00:00:00+00:00,2025-06-13T17:57:00+00:00
C01352,Paolo,Bautista,paolo.bautista1352@example.com,Parañaque,Silver,2023-09-12T00:00:00+00:00,2025-02-02T13:04:00+00:00
C01353,Lara,Bautista,lara.bautista1353@example.com,Quezon City,Bronze,2023-11-01T00:00:00+00:00,2025-07-11T23:14:00+00:00
C01354,Paolo,Flores,paolo.flores1354@example.com,Pasay,Bronze,2023-12-02T00:00:00+00:00,2025-01-24T17:44:00+00:00
C01355,Oscar,Torres,oscar.torres1355@example.com,Parañaque,Gold,2023-11-23T00:00:00+00:00,2025-06-08T10:50:00+00:00
C01356,Francis,Lim,francis.lim1356@example.com,Caloocan,Bronze,2023-03-27T00:00:00+00:00,2024-11-30T20:29:00+00:00
C01357,Queenie,Ramos,queenie.ramos1357@example.com,Marikina,Bronze,2023-08-11T00:00:00+00:00,2024-07-15T11:33:00+00:00
C01358,Francis,Castillo,francis.castillo1358@example.com,Quezon City,Gold,2023-10-20T00:00:00+00:00,2025-10-27T14:49:00+00:00
C01359,Tomas,Navarro,tomas.navarro1359@example.com,Manila,Silver,2023-04-29T00:00:00+00:00,2024-11-03T20:50:00+00:00
C01360,Marco,Torres,marco.torres1360@example.com,Pasay,Bronze,2023-12-30T00:00:00+00:00,2024-10-28T14:13:00+00:00
C01361,Grace,Mendoza,grace.mendoza1361@example.com,Makati,Platinum,2023-09-11T00:00:00+00:00,2024-10-31T05:17:00+00:00
C01362,Ben,Aquino,ben.aquino1362@example.com,Mandaluyong,Bronze,2023-09-07T00:00:00+00:00,2025-07-23T10:56:00+00:00
C01363,Julia,Garcia,julia.garcia1363@example.com,Pasig,Silver,2023-02-27T00:00:00+00:00,2025-09-06T02:01:00+00:00
C01364,Wendy,Lim,wendy.lim1364@example.com,Mandaluyong,Bronze,2023-08-29T00:00:00+00:00,2025-07-18T10:48:00+00:00
C01365,Zoe,Dela Cruz,zoe.delacruz1365@example.com,Pasay,Bronze,2023-11-01T00:00:00+00:00,2024-02-08T01:53:00+00:00
C01366,Xavier,Villanueva,xavier.villanueva1366@example.com,Caloocan,Silver,2023-04-22T00:00:00+00:00,2025-05-15T01:24:00+00:00
C01367,Wendy,Santos,wendy.santos1367@example.com,Pasay,Gold,2023-12-23T00:00:00+00:00,2025-10-25T14:33:00+00:00
C01368,Ramon,Castillo,ramon.castillo1368@example.com,Marikina,Silver,2023-08-26T00:00:00+00:00,2026-04-14T13:21:00+00:00
C01369,Ivan,Santos,ivan.santos1369@example.com,Parañaque,Bronze,2023-10-21T00:00:00+00:00,2024-04-08T08:24:00+00:00
C01370,Lara,Fernandez,lara.fernandez1370@example.com,Pasay,Gold,2023-09-19T00:00:00+00:00,2025-04-13T11:39:00+00:00
C01371,Julia,Diaz,julia.diaz1371@example.com,Pasig,Bronze,2023-05-06T00:00:00+00:00,2025-09-21T01:35:00+00:00
C01372,Grace,Santos,grace.santos1372@example.com,Pasig,Gold,2023-07-26T00:00:00+00:00,2026-01-31T00:30:00+00:00
C01373,Grace,Tan,grace.tan1373@example.com,Makati,Bronze,2023-05-29T00:00:00+00:00,2025-10-11T03:17:00+00:00
C01374,Nina,Diaz,nina.diaz1374@example.com,Quezon City,Bronze,2023-01-27T00:00:00+00:00,2024-06-26T09:50:00+00:00
C01375,Marco,Fernandez,marco.fernandez1375@example.com,Parañaque,Platinum,2023-10-03T00:00:00+00:00,2025-03-24T17:56:00+00:00
C01376,Xavier,Mercado,xavier.mercado1376@example.com,Makati,Silver,2023-04-25T00:00:00+00:00,2026-03-05T07:43:00+00:00
C01377,Kevin,Reyes,kevin.reyes1377@example.com,Parañaque,Bronze,2023-06-13T00:00:00+00:00,2024-01-05T10:50:00+00:00
C01378,Uma,Bautista,uma.bautista1378@example.com,Quezon City,Bronze,2023-01-12T00:00:00+00:00,2024-04-01T03:24:00+00:00
C01379,Tomas,Cruz,tomas.cruz1379@example.com,Parañaque,Gold,2023-07-15T00:00:00+00:00,2026-02-11T23:13:00+00:00
C01380,Nina,Mendoza,nina.mendoza1380@example.com,Taguig,Silver,2023-01-19T00:00:00+00:00,2025-07-19T06:33:00+00:00
C01381,Tomas,Dela Cruz,tomas.delacruz1381@example.com,Caloocan,Bronze,2023-08-05T00:00:00+00:00,2024-11-30T06:39:00+00:00
C01382,Yasmin,Fernandez,yasmin.fernandez1382@example.com,Caloocan,Gold,2023-11-30T00:00:00+00:00,2025-06-04T22:00:00+00:00
C01383,Ben,Garcia,ben.garcia1383@example.com,Parañaque,Gold,2023-05-15T00:00:00+00:00,2024-12-05T06:31:00+00:00
C01384,Ivan,Pascual,ivan.pascual1384@example.com,Caloocan,Silver,2023-07-16T00:00:00+00:00,2024-03-01T07:25:00+00:00
C01385,Diego,Dela Cruz,diego.delacruz1385@example.com,Pasig,Gold,2023-08-06T00:00:00+00:00,2024-12-14T17:48:00+00:00
C01386,Oscar,Castillo,oscar.castillo1386@example.com,Taguig,Gold,2023-09-12T00:00:00+00:00,2025-01-24T14:32:00+00:00
C01387,Diego,Dela Cruz,diego.delacruz1387@example.com,Marikina,Silver,2023-10-23T00:00:00+00:00,2026-02-20T23:55:00+00:00
C01388,Kevin,Castillo,kevin.castillo1388@example.com,Manila,Bronze,2023-03-22T00:00:00+00:00,2024-03-13T00:53:00+00:00
C01389,Ivan,Tan,ivan.tan1389@example.com,Pasay,Gold,2023-12-10T00:00:00+00:00,2026-04-04T18:50:00+00:00
C01390,Francis,Navarro,francis.navarro1390@example.com,Mandaluyong,Bronze,2023-01-09T00:00:00+00:00,2026-01-09T20:55:00+00:00
C01391,Sofia,Navarro,sofia.navarro1391@example.com,Mandaluyong,Gold,2023-06-27T00:00:00+00:00,2024-11-18T18:53:00+00:00
C01392,Lara,Lim,lara.lim1392@example.com,Parañaque,Bronze,2023-12-06T00:00:00+00:00,2025-11-12T21:28:00+00:00
C01393,Ben,Ramos,ben.ramos1393@example.com,Mandaluyong,Bronze,2023-01-25T00:00:00+00:00,2025-11-09T01:26:00+00:00
C01394,Paolo,Torres,paolo.torres1394@example.com,Pasig,Bronze,2023-05-08T00:00:00+00:00,2024-05-28T08:38:00+00:00
C01395,Ramon,Aquino,ramon.aquino1395@example.com,Manila,Silver,2023-03-03T00:00:00+00:00,2025-09-25T08:00:00+00:00
C01396,Ben,Dela Cruz,ben.delacruz1396@example.com,Pasay,Silver,2023-11-10T00:00:00+00:00,2024-04-01T09:32:00+00:00
C01397,Uma,Flores,uma.flores1397@example.com,Taguig,Silver,2023-03-18T00:00:00+00:00,2024-11-20T07:38:00+00:00
C01398,Kevin,Bautista,kevin.bautista1398@example.com,Pasay,Silver,2023-09-07T00:00:00+00:00,2025-03-31T10:35:00+00:00
C01399,Lara,Diaz,lara.diaz1399@example.com,Taguig,Bronze,2023-12-01T00:00:00+00:00,2026-03-30T16:50:00+00:00
C01400,Uma,Torres,uma.torres1400@example.com,Manila,Bronze,2023-06-28T00:00:00+00:00,2025-04-09T00:30:00+00:00
C01401,Xavier,Fernandez,xavier.fernandez1401@example.com,Taguig,Bronze,2023-09-11T00:00:00+00:00,2025-04-22T09:30:00+00:00
C01402,Lara,Diaz,lara.diaz1402@example.com,Taguig,Bronze,2023-11-20T00:00:00+00:00,2024-05-03T11:11:00+00:00
C01403,Yasmin,Pascual,yasmin.pascual1403@example.com,Pasig,Bronze,2023-06-26T00:00:00+00:00,2025-10-23T09:10:00+00:00
C01404,Ella,Pascual,ella.pascual1404@example.com,Pasig,Bronze,2023-10-27T00:00:00+00:00,2024-08-28T04:00:00+00:00
C01405,Queenie,Navarro,queenie.navarro1405@example.com,Mandaluyong,Silver,2023-10-31T00:00:00+00:00,2024-09-28T23:37:00+00:00
C01406,Ben,Navarro,ben.navarro1406@example.com,Manila,Silver,2023-01-26T00:00:00+00:00,2024-12-16T09:34:00+00:00
C01407,Ivan,Tan,ivan.tan1407@example.com,Taguig,Bronze,2023-01-11T00:00:00+00:00,2025-03-06T03:23:00+00:00
C01408,Sofia,Tan,sofia.tan1408@example.com,Taguig,Silver,2023-05-02T00:00:00+00:00,2025-08-13T22:14:00+00:00
C01409,Marco,Mercado,marco.mercado1409@example.com,Pasig,Gold,2023-12-27T00:00:00+00:00,2025-10-02T16:03:00+00:00
C01410,Marco,Santos,marco.santos1410@example.com,Quezon City,Platinum,2023-08-05T00:00:00+00:00,2025-01-12T14:58:00+00:00
C01411,Victor,Santos,victor.santos1411@example.com,Pasig,Bronze,2023-05-04T00:00:00+00:00,2025-01-01T14:22:00+00:00
C01412,Ramon,Lim,ramon.lim1412@example.com,Mandaluyong,Bronze,2023-01-19T00:00:00+00:00,2025-11-06T05:40:00+00:00
C01413,Victor,Lim,victor.lim1413@example.com,Makati,Gold,2023-10-24T00:00:00+00:00,2025-04-02T04:46:00+00:00
C01414,Tomas,Fernandez,tomas.fernandez1414@example.com,Mandaluyong,Bronze,2023-05-08T00:00:00+00:00,2025-07-14T23:27:00+00:00
C01415,Oscar,Mendoza,oscar.mendoza1415@example.com,Mandaluyong,Silver,2023-02-01T00:00:00+00:00,2026-04-29T12:02:00+00:00
C01416,Marco,Torres,marco.torres1416@example.com,Marikina,Gold,2023-04-04T00:00:00+00:00,2026-02-09T01:20:00+00:00
C01417,Ana,Santos,ana.santos1417@example.com,Parañaque,Bronze,2023-09-03T00:00:00+00:00,2025-08-20T06:21:00+00:00
C01418,Xavier,Mendoza,xavier.mendoza1418@example.com,Mandaluyong,Bronze,2023-09-12T00:00:00+00:00,2024-08-30T23:13:00+00:00
C01419,Hannah,Flores,hannah.flores1419@example.com,Taguig,Bronze,2023-04-12T00:00:00+00:00,2025-02-11T14:00:00+00:00
C01420,Lara,Diaz,lara.diaz1420@example.com,Pasig,Silver,2023-09-11T00:00:00+00:00,2025-08-07T08:06:00+00:00
C01421,Marco,Fernandez,marco.fernandez1421@example.com,Quezon City,Silver,2023-07-11T00:00:00+00:00,2024-08-08T21:14:00+00:00
C01422,Yasmin,Tan,yasmin.tan1422@example.com,Mandaluyong,Bronze,2023-09-21T00:00:00+00:00,2026-04-28T08:11:00+00:00
C01423,Kevin,Pascual,kevin.pascual1423@example.com,Marikina,Silver,2023-05-23T00:00:00+00:00,2025-02-01T21:02:00+00:00
C01424,Nina,Tan,nina.tan1424@example.com,Caloocan,Silver,2023-08-11T00:00:00+00:00,2026-02-21T04:57:00+00:00
C01425,Wendy,Reyes,wendy.reyes1425@example.com,Quezon City,Bronze,2023-01-30T00:00:00+00:00,2025-08-30T09:43:00+00:00
C01426,Ana,Aquino,ana.aquino1426@example.com,Parañaque,Platinum,2023-06-23T00:00:00+00:00,2024-09-18T20:23:00+00:00
C01427,Ben,Mercado,ben.mercado1427@example.com,Pasig,Bronze,2023-08-07T00:00:00+00:00,2025-11-18T18:20:00+00:00
C01428,Julia,Mendoza,julia.mendoza1428@example.com,Parañaque,Gold,2023-04-26T00:00:00+00:00,2025-05-20T04:33:00+00:00
C01429,Tomas,Cruz,tomas.cruz1429@example.com,Marikina,Gold,2023-02-18T00:00:00+00:00,2025-10-19T07:23:00+00:00
C01430,Marco,Mercado,marco.mercado1430@example.com,Caloocan,Bronze,2023-09-21T00:00:00+00:00,2024-09-27T12:58:00+00:00
C01431,Ben,Dela Cruz,ben.delacruz1431@example.com,Caloocan,Silver,2023-10-31T00:00:00+00:00,2024-02-13T11:33:00+00:00
C01432,Ana,Villanueva,ana.villanueva1432@example.com,Taguig,Bronze,2023-02-28T00:00:00+00:00,2024-03-19T07:37:00+00:00
C01433,Wendy,Santos,wendy.santos1433@example.com,Taguig,Silver,2023-03-09T00:00:00+00:00,2026-04-13T16:07:00+00:00
C01434,Ivan,Fernandez,ivan.fernandez1434@example.com,Manila,Bronze,2023-05-03T00:00:00+00:00,2026-02-05T19:59:00+00:00
C01435,Ben,Aquino,ben.aquino1435@example.com,Pasig,Bronze,2023-05-31T00:00:00+00:00,2025-04-29T20:51:00+00:00
C01436,Kevin,Torres,kevin.torres1436@example.com,Parañaque,Bronze,2023-04-04T00:00:00+00:00,2024-03-10T16:40:00+00:00
C01437,Nina,Pascual,nina.pascual1437@example.com,Mandaluyong,Platinum,2023-12-10T00:00:00+00:00,2025-04-03T12:29:00+00:00
C01438,Ben,Fernandez,ben.fernandez1438@example.com,Caloocan,Bronze,2023-04-26T00:00:00+00:00,2024-04-09T21:49:00+00:00
C01439,Yasmin,Cruz,yasmin.cruz1439@example.com,Makati,Silver,2023-07-18T00:00:00+00:00,2026-01-08T07:56:00+00:00
C01440,Paolo,Castillo,paolo.castillo1440@example.com,Caloocan,Silver,2023-11-12T00:00:00+00:00,2024-04-20T05:59:00+00:00
C01441,Lara,Lim,lara.lim1441@example.com,Marikina,Bronze,2023-06-30T00:00:00+00:00,2024-12-25T23:43:00+00:00
C01442,Ivan,Villanueva,ivan.villanueva1442@example.com,Pasig,Bronze,2023-05-16T00:00:00+00:00,2024-02-09T17:03:00+00:00
C01443,Kevin,Flores,kevin.flores1443@example.com,Makati,Bronze,2023-01-16T00:00:00+00:00,2025-07-29T11:52:00+00:00
C01444,Ella,Reyes,ella.reyes1444@example.com,Makati,Bronze,2023-04-29T00:00:00+00:00,2025-07-28T04:52:00+00:00
C01445,Lara,Navarro,lara.navarro1445@example.com,Caloocan,Bronze,2023-03-27T00:00:00+00:00,2025-09-29T14:42:00+00:00
C01446,Grace,Garcia,grace.garcia1446@example.com,Quezon City,Silver,2023-04-18T00:00:00+00:00,2025-11-10T22:19:00+00:00
C01447,Uma,Mendoza,uma.mendoza1447@example.com,Parañaque,Bronze,2023-02-23T00:00:00+00:00,2024-05-16T03:57:00+00:00
C01448,Yasmin,Mendoza,yasmin.mendoza1448@example.com,Manila,Bronze,2023-03-26T00:00:00+00:00,2024-01-13T12:49:00+00:00
C01449,Sofia,Castillo,sofia.castillo1449@example.com,Taguig,Bronze,2023-01-21T00:00:00+00:00,2024-07-17T15:39:00+00:00
C01450,Carla,Castillo,carla.castillo1450@example.com,Quezon City,Gold,2023-04-30T00:00:00+00:00,2024-09-16T12:11:00+00:00
C01451,Francis,Garcia,francis.garcia1451@example.com,Pasay,Gold,2023-12-19T00:00:00+00:00,2025-03-12T09:11:00+00:00
C01452,Diego,Bautista,diego.bautista1452@example.com,Mandaluyong,Bronze,2023-09-18T00:00:00+00:00,2026-02-20T07:01:00+00:00
C01453,Ivan,Ramos,ivan.ramos1453@example.com,Taguig,Silver,2023-03-25T00:00:00+00:00,2025-10-22T23:02:00+00:00
C01454,Tomas,Santos,tomas.santos1454@example.com,Quezon City,Bronze,2023-12-09T00:00:00+00:00,2025-11-10T21:37:00+00:00
C01455,Ben,Navarro,ben.navarro1455@example.com,Makati,Silver,2023-05-17T00:00:00+00:00,2024-09-13T19:35:00+00:00
C01456,Carla,Tan,carla.tan1456@example.com,Marikina,Silver,2023-06-13T00:00:00+00:00,2024-09-28T16:36:00+00:00
C01457,Paolo,Pascual,paolo.pascual1457@example.com,Pasig,Bronze,2023-01-04T00:00:00+00:00,2026-01-27T21:03:00+00:00
C01458,Wendy,Cruz,wendy.cruz1458@example.com,Taguig,Gold,2023-01-02T00:00:00+00:00,2024-01-09T15:10:00+00:00
C01459,Tomas,Tan,tomas.tan1459@example.com,Manila,Bronze,2023-03-07T00:00:00+00:00,2025-09-18T10:36:00+00:00
C01460,Uma,Navarro,uma.navarro1460@example.com,Makati,Bronze,2023-03-01T00:00:00+00:00,2024-09-24T18:48:00+00:00
C01461,Tomas,Bautista,tomas.bautista1461@example.com,Taguig,Bronze,2023-04-13T00:00:00+00:00,2026-02-12T20:29:00+00:00
C01462,Queenie,Tan,queenie.tan1462@example.com,Mandaluyong,Gold,2023-02-13T00:00:00+00:00,2024-03-01T00:56:00+00:00
C01463,Zoe,Aquino,zoe.aquino1463@example.com,Pasay,Silver,2023-06-26T00:00:00+00:00,2025-10-22T20:48:00+00:00
C01464,Ivan,Pascual,ivan.pascual1464@example.com,Pasig,Bronze,2023-05-16T00:00:00+00:00,2024-01-14T16:22:00+00:00
C01465,Nina,Lim,nina.lim1465@example.com,Taguig,Bronze,2023-12-26T00:00:00+00:00,2025-05-21T21:49:00+00:00
C01466,Marco,Dela Cruz,marco.delacruz1466@example.com,Manila,Bronze,2023-08-17T00:00:00+00:00,2026-04-24T22:10:00+00:00
C01467,Ivan,Fernandez,ivan.fernandez1467@example.com,Parañaque,Gold,2023-03-22T00:00:00+00:00,2024-12-29T22:11:00+00:00
C01468,Francis,Garcia,francis.garcia1468@example.com,Parañaque,Silver,2023-03-30T00:00:00+00:00,2025-09-04T11:41:00+00:00
C01469,Kevin,Santos,kevin.santos1469@example.com,Quezon City,Silver,2023-04-04T00:00:00+00:00,2024-09-01T15:38:00+00:00
C01470,Queenie,Castillo,queenie.castillo1470@example.com,Caloocan,Silver,2023-04-23T00:00:00+00:00,2025-04-05T05:56:00+00:00
C01471,Carla,Mendoza,carla.mendoza1471@example.com,Pasig,Silver,2023-01-26T00:00:00+00:00,2024-07-31T01:13:00+00:00
C01472,Marco,Lim,marco.lim1472@example.com,Quezon City,Gold,2023-01-09T00:00:00+00:00,2025-09-15T17:03:00+00:00
C01473,Ella,Torres,ella.torres1473@example.com,Mandaluyong,Gold,2023-04-11T00:00:00+00:00,2024-03-07T16:10:00+00:00
C01474,Zoe,Villanueva,zoe.villanueva1474@example.com,Pasig,Silver,2023-10-15T00:00:00+00:00,2024-03-08T18:56:00+00:00
C01475,Ivan,Ramos,ivan.ramos1475@example.com,Makati,Bronze,2023-01-17T00:00:00+00:00,2025-05-14T08:05:00+00:00
C01476,Tomas,Ramos,tomas.ramos1476@example.com,Quezon City,Gold,2023-10-28T00:00:00+00:00,2024-02-26T12:31:00+00:00
C01477,Grace,Diaz,grace.diaz1477@example.com,Pasay,Bronze,2023-12-20T00:00:00+00:00,2025-11-13T22:34:00+00:00
C01478,Ivan,Dela Cruz,ivan.delacruz1478@example.com,Makati,Bronze,2023-05-20T00:00:00+00:00,2025-09-07T03:41:00+00:00
C01479,Lara,Reyes,lara.reyes1479@example.com,Mandaluyong,Bronze,2023-05-13T00:00:00+00:00,2024-03-17T16:41:00+00:00
C01480,Victor,Torres,victor.torres1480@example.com,Manila,Bronze,2023-06-24T00:00:00+00:00,2026-01-30T22:16:00+00:00
C01481,Marco,Reyes,marco.reyes1481@example.com,Mandaluyong,Silver,2023-10-29T00:00:00+00:00,2024-10-04T23:07:00+00:00
C01482,Nina,Reyes,nina.reyes1482@example.com,Quezon City,Silver,2023-01-25T00:00:00+00:00,2025-12-15T09:10:00+00:00
C01483,Diego,Santos,diego.santos1483@example.com,Parañaque,Silver,2023-02-18T00:00:00+00:00,2025-12-27T01:04:00+00:00
C01484,Lara,Pascual,lara.pascual1484@example.com,Caloocan,Silver,2023-08-18T00:00:00+00:00,2024-07-19T09:37:00+00:00
C01485,Uma,Fernandez,uma.fernandez1485@example.com,Taguig,Bronze,2023-01-21T00:00:00+00:00,2025-08-19T20:57:00+00:00
C01486,Francis,Torres,francis.torres1486@example.com,Quezon City,Silver,2023-05-17T00:00:00+00:00,2026-02-03T10:41:00+00:00
C01487,Diego,Mendoza,diego.mendoza1487@example.com,Pasig,Silver,2023-04-16T00:00:00+00:00,2024-01-26T03:03:00+00:00
C01488,Paolo,Diaz,paolo.diaz1488@example.com,Makati,Silver,2023-06-07T00:00:00+00:00,2026-04-11T11:21:00+00:00
C01489,Hannah,Ramos,hannah.ramos1489@example.com,Quezon City,Bronze,2023-11-30T00:00:00+00:00,2025-04-06T10:02:00+00:00
C01490,Ana,Flores,ana.flores1490@example.com,Pasay,Gold,2023-02-04T00:00:00+00:00,2025-11-03T21:51:00+00:00
C01491,Paolo,Mendoza,paolo.mendoza1491@example.com,Mandaluyong,Silver,2023-08-02T00:00:00+00:00,2025-11-30T02:16:00+00:00
C01492,Ramon,Flores,ramon.flores1492@example.com,Taguig,Gold,2023-10-10T00:00:00+00:00,2024-04-26T05:47:00+00:00
C01493,Uma,Castillo,uma.castillo1493@example.com,Marikina,Bronze,2023-01-03T00:00:00+00:00,2025-07-28T20:16:00+00:00
C01494,Kevin,Dela Cruz,kevin.delacruz1494@example.com,Manila,Silver,2023-07-23T00:00:00+00:00,2026-04-13T01:18:00+00:00
C01495,Ana,Fernandez,ana.fernandez1495@example.com,Parañaque,Silver,2023-12-07T00:00:00+00:00,2024-07-20T20:12:00+00:00
C01496,Yasmin,Tan,yasmin.tan1496@example.com,Mandaluyong,Gold,2023-02-10T00:00:00+00:00,2024-07-19T15:50:00+00:00
C01497,Francis,Navarro,francis.navarro1497@example.com,Pasig,Gold,2023-07-06T00:00:00+00:00,2025-10-10T07:51:00+00:00
C01498,Paolo,Lim,paolo.lim1498@example.com,Pasig,Bronze,2023-02-13T00:00:00+00:00,2026-03-31T23:58:00+00:00
C01499,Ben,Fernandez,ben.fernandez1499@example.com,Marikina,Bronze,2023-09-07T00:00:00+00:00,2024-07-16T00:09:00+00:00
C01500,Francis,Diaz,francis.diaz1500@example.com,Manila,Bronze,2023-01-28T00:00:00+00:00,2024-06-10T10:11:00+00:00
C01501,Grace,Dela Cruz,grace.delacruz1501@example.com,Caloocan,Bronze,2023-04-08T00:00:00+00:00,2026-03-20T19:43:00+00:00
C01502,Ivan,Santos,ivan.santos1502@example.com,Quezon City,Bronze,2023-02-24T00:00:00+00:00,2026-04-22T09:48:00+00:00
C01503,Sofia,Mendoza,sofia.mendoza1503@example.com,Parañaque,Bronze,2023-10-01T00:00:00+00:00,2025-10-26T20:29:00+00:00
C01504,Paolo,Ramos,paolo.ramos1504@example.com,Pasay,Silver,2023-04-16T00:00:00+00:00,2026-04-19T18:31:00+00:00
C01505,Wendy,Navarro,wendy.navarro1505@example.com,Makati,Gold,2023-08-13T00:00:00+00:00,2025-04-06T17:01:00+00:00
C01506,Francis,Diaz,francis.diaz1506@example.com,Pasay,Silver,2023-03-04T00:00:00+00:00,2026-03-19T19:35:00+00:00
C01507,Ana,Mendoza,ana.mendoza1507@example.com,Parañaque,Gold,2023-12-28T00:00:00+00:00,2024-09-30T19:44:00+00:00
C01508,Paolo,Reyes,paolo.reyes1508@example.com,Parañaque,Gold,2023-06-07T00:00:00+00:00,2026-03-03T11:12:00+00:00
C01509,Ben,Mendoza,ben.mendoza1509@example.com,Taguig,Bronze,2023-10-24T00:00:00+00:00,2024-09-11T06:49:00+00:00
C01510,Kevin,Pascual,kevin.pascual1510@example.com,Parañaque,Bronze,2023-04-27T00:00:00+00:00,2025-08-26T03:57:00+00:00
C01511,Oscar,Castillo,oscar.castillo1511@example.com,Pasay,Silver,2023-07-07T00:00:00+00:00,2025-07-20T12:42:00+00:00
C01512,Francis,Mendoza,francis.mendoza1512@example.com,Parañaque,Bronze,2023-11-13T00:00:00+00:00,2024-05-16T07:04:00+00:00
C01513,Ivan,Pascual,ivan.pascual1513@example.com,Mandaluyong,Bronze,2023-11-10T00:00:00+00:00,2025-03-09T11:20:00+00:00
C01514,Tomas,Cruz,tomas.cruz1514@example.com,Makati,Silver,2023-12-17T00:00:00+00:00,2026-01-23T13:19:00+00:00
C01515,Ramon,Flores,ramon.flores1515@example.com,Manila,Bronze,2023-07-18T00:00:00+00:00,2024-04-15T03:17:00+00:00
C01516,Lara,Garcia,lara.garcia1516@example.com,Makati,Bronze,2023-01-09T00:00:00+00:00,2025-11-11T12:41:00+00:00
C01517,Julia,Villanueva,julia.villanueva1517@example.com,Pasig,Bronze,2023-03-23T00:00:00+00:00,2025-09-18T16:07:00+00:00
C01518,Xavier,Tan,xavier.tan1518@example.com,Quezon City,Silver,2023-10-31T00:00:00+00:00,2025-07-20T22:16:00+00:00
C01519,Uma,Diaz,uma.diaz1519@example.com,Mandaluyong,Bronze,2023-01-03T00:00:00+00:00,2025-01-03T16:51:00+00:00
C01520,Kevin,Mercado,kevin.mercado1520@example.com,Caloocan,Silver,2023-01-28T00:00:00+00:00,2024-03-30T16:02:00+00:00
C01521,Carla,Cruz,carla.cruz1521@example.com,Pasig,Silver,2023-11-22T00:00:00+00:00,2025-07-21T03:15:00+00:00
C01522,Grace,Lim,grace.lim1522@example.com,Pasig,Gold,2023-12-08T00:00:00+00:00,2024-03-12T22:28:00+00:00
C01523,Tomas,Torres,tomas.torres1523@example.com,Marikina,Gold,2023-04-27T00:00:00+00:00,2024-09-03T14:16:00+00:00
C01524,Uma,Santos,uma.santos1524@example.com,Makati,Bronze,2023-12-14T00:00:00+00:00,2024-03-09T04:46:00+00:00
C01525,Tomas,Flores,tomas.flores1525@example.com,Pasay,Gold,2023-03-02T00:00:00+00:00,2025-02-25T00:07:00+00:00
C01526,Ramon,Tan,ramon.tan1526@example.com,Mandaluyong,Bronze,2023-06-07T00:00:00+00:00,2024-08-24T00:15:00+00:00
C01527,Carla,Santos,carla.santos1527@example.com,Quezon City,Silver,2023-01-04T00:00:00+00:00,2026-02-06T01:39:00+00:00
C01528,Kevin,Mercado,kevin.mercado1528@example.com,Taguig,Silver,2023-09-01T00:00:00+00:00,2026-01-09T13:16:00+00:00
C01529,Marco,Diaz,marco.diaz1529@example.com,Pasig,Bronze,2023-12-01T00:00:00+00:00,2025-11-05T16:34:00+00:00
C01530,Xavier,Dela Cruz,xavier.delacruz1530@example.com,Mandaluyong,Bronze,2023-08-02T00:00:00+00:00,2026-02-17T04:40:00+00:00
C01531,Diego,Cruz,diego.cruz1531@example.com,Pasay,Silver,2023-07-13T00:00:00+00:00,2026-04-23T14:24:00+00:00
C01532,Queenie,Cruz,queenie.cruz1532@example.com,Parañaque,Bronze,2023-08-16T00:00:00+00:00,2025-11-05T02:56:00+00:00
C01533,Kevin,Castillo,kevin.castillo1533@example.com,Caloocan,Silver,2023-05-19T00:00:00+00:00,2024-01-06T18:55:00+00:00
C01534,Yasmin,Reyes,yasmin.reyes1534@example.com,Pasay,Gold,2023-12-06T00:00:00+00:00,2024-07-29T05:28:00+00:00
C01535,Nina,Ramos,nina.ramos1535@example.com,Pasig,Bronze,2023-09-07T00:00:00+00:00,2026-03-26T02:52:00+00:00
C01536,Nina,Villanueva,nina.villanueva1536@example.com,Marikina,Silver,2023-12-25T00:00:00+00:00,2026-02-06T10:09:00+00:00
C01537,Grace,Aquino,grace.aquino1537@example.com,Taguig,Bronze,2023-11-17T00:00:00+00:00,2026-02-03T08:09:00+00:00
C01538,Marco,Flores,marco.flores1538@example.com,Quezon City,Bronze,2023-05-17T00:00:00+00:00,2024-04-05T09:19:00+00:00
C01539,Oscar,Santos,oscar.santos1539@example.com,Pasay,Gold,2023-12-07T00:00:00+00:00,2024-11-06T02:17:00+00:00
C01540,Carla,Mercado,carla.mercado1540@example.com,Marikina,Silver,2023-12-03T00:00:00+00:00,2024-08-08T04:15:00+00:00
C01541,Ben,Navarro,ben.navarro1541@example.com,Taguig,Silver,2023-03-16T00:00:00+00:00,2026-02-19T10:22:00+00:00
C01542,Tomas,Torres,tomas.torres1542@example.com,Makati,Bronze,2023-02-14T00:00:00+00:00,2024-11-17T04:17:00+00:00
C01543,Ramon,Lim,ramon.lim1543@example.com,Makati,Silver,2023-02-05T00:00:00+00:00,2024-08-03T15:17:00+00:00
C01544,Lara,Cruz,lara.cruz1544@example.com,Manila,Bronze,2023-09-17T00:00:00+00:00,2025-11-03T06:21:00+00:00
C01545,Ben,Reyes,ben.reyes1545@example.com,Parañaque,Bronze,2023-03-10T00:00:00+00:00,2025-06-20T16:36:00+00:00
C01546,Xavier,Castillo,xavier.castillo1546@example.com,Quezon City,Silver,2023-01-07T00:00:00+00:00,2024-09-12T22:05:00+00:00
C01547,Diego,Santos,diego.santos1547@example.com,Taguig,Bronze,2023-11-09T00:00:00+00:00,2025-09-24T17:23:00+00:00
C01548,Francis,Villanueva,francis.villanueva1548@example.com,Pasig,Bronze,2023-10-06T00:00:00+00:00,2024-12-08T06:12:00+00:00
C01549,Carla,Santos,carla.santos1549@example.com,Makati,Bronze,2023-04-14T00:00:00+00:00,2024-12-20T01:43:00+00:00
C01550,Zoe,Torres,zoe.torres1550@example.com,Parañaque,Silver,2023-01-25T00:00:00+00:00,2025-01-11T02:32:00+00:00
C01551,Diego,Reyes,diego.reyes1551@example.com,Pasay,Gold,2023-03-06T00:00:00+00:00,2024-08-06T01:28:00+00:00
C01552,Julia,Ramos,julia.ramos1552@example.com,Caloocan,Silver,2023-12-11T00:00:00+00:00,2024-07-13T23:36:00+00:00
C01553,Carla,Aquino,carla.aquino1553@example.com,Mandaluyong,Bronze,2023-08-19T00:00:00+00:00,2024-10-11T09:47:00+00:00
C01554,Francis,Ramos,francis.ramos1554@example.com,Marikina,Silver,2023-05-14T00:00:00+00:00,2026-03-15T13:27:00+00:00
C01555,Ana,Ramos,ana.ramos1555@example.com,Marikina,Silver,2023-09-04T00:00:00+00:00,2025-11-14T23:36:00+00:00
C01556,Oscar,Aquino,oscar.aquino1556@example.com,Pasay,Gold,2023-02-23T00:00:00+00:00,2024-12-15T23:33:00+00:00
C01557,Tomas,Fernandez,tomas.fernandez1557@example.com,Taguig,Bronze,2023-09-01T00:00:00+00:00,2024-06-15T09:11:00+00:00
C01558,Julia,Dela Cruz,julia.delacruz1558@example.com,Quezon City,Silver,2023-01-25T00:00:00+00:00,2024-03-19T13:46:00+00:00
C01559,Carla,Bautista,carla.bautista1559@example.com,Pasay,Gold,2023-05-24T00:00:00+00:00,2024-03-13T01:29:00+00:00
C01560,Sofia,Pascual,sofia.pascual1560@example.com,Pasay,Gold,2023-01-16T00:00:00+00:00,2026-04-04T15:53:00+00:00
C01561,Victor,Bautista,victor.bautista1561@example.com,Parañaque,Silver,2023-09-20T00:00:00+00:00,2025-05-10T22:13:00+00:00
C01562,Queenie,Mercado,queenie.mercado1562@example.com,Makati,Silver,2023-01-19T00:00:00+00:00,2025-11-16T13:12:00+00:00
C01563,Kevin,Dela Cruz,kevin.delacruz1563@example.com,Taguig,Silver,2023-02-08T00:00:00+00:00,2024-09-19T09:36:00+00:00
C01564,Lara,Bautista,lara.bautista1564@example.com,Quezon City,Silver,2023-09-02T00:00:00+00:00,2024-02-27T12:29:00+00:00
C01565,Ben,Castillo,ben.castillo1565@example.com,Caloocan,Bronze,2023-08-20T00:00:00+00:00,2024-10-26T23:28:00+00:00
C01566,Ella,Bautista,ella.bautista1566@example.com,Parañaque,Bronze,2023-06-16T00:00:00+00:00,2025-08-31T12:45:00+00:00
C01567,Victor,Aquino,victor.aquino1567@example.com,Pasig,Gold,2023-07-04T00:00:00+00:00,2025-01-30T22:50:00+00:00
C01568,Xavier,Cruz,xavier.cruz1568@example.com,Mandaluyong,Silver,2023-04-18T00:00:00+00:00,2024-05-14T16:33:00+00:00
C01569,Marco,Villanueva,marco.villanueva1569@example.com,Pasay,Platinum,2023-04-14T00:00:00+00:00,2024-01-18T06:04:00+00:00
C01570,Yasmin,Bautista,yasmin.bautista1570@example.com,Pasay,Silver,2023-05-29T00:00:00+00:00,2025-10-31T14:34:00+00:00
C01571,Sofia,Mercado,sofia.mercado1571@example.com,Makati,Bronze,2023-03-17T00:00:00+00:00,2025-09-18T04:00:00+00:00
C01572,Uma,Dela Cruz,uma.delacruz1572@example.com,Parañaque,Silver,2023-04-15T00:00:00+00:00,2026-01-11T11:41:00+00:00
C01573,Ana,Reyes,ana.reyes1573@example.com,Marikina,Gold,2023-07-13T00:00:00+00:00,2024-11-11T21:09:00+00:00
C01574,Queenie,Aquino,queenie.aquino1574@example.com,Mandaluyong,Bronze,2023-11-17T00:00:00+00:00,2026-04-19T18:33:00+00:00
C01575,Ella,Torres,ella.torres1575@example.com,Makati,Silver,2023-09-03T00:00:00+00:00,2026-02-12T22:06:00+00:00
C01576,Yasmin,Cruz,yasmin.cruz1576@example.com,Mandaluyong,Gold,2023-04-08T00:00:00+00:00,2026-03-15T19:09:00+00:00
C01577,Uma,Ramos,uma.ramos1577@example.com,Quezon City,Bronze,2023-04-09T00:00:00+00:00,2024-02-11T16:50:00+00:00
C01578,Ben,Reyes,ben.reyes1578@example.com,Pasay,Bronze,2023-01-02T00:00:00+00:00,2025-05-21T18:11:00+00:00
C01579,Tomas,Navarro,tomas.navarro1579@example.com,Makati,Silver,2023-08-06T00:00:00+00:00,2025-04-06T18:48:00+00:00
C01580,Tomas,Pascual,tomas.pascual1580@example.com,Caloocan,Gold,2023-10-12T00:00:00+00:00,2024-07-06T00:33:00+00:00
C01581,Ben,Fernandez,ben.fernandez1581@example.com,Manila,Bronze,2023-08-20T00:00:00+00:00,2024-04-09T04:37:00+00:00
C01582,Yasmin,Flores,yasmin.flores1582@example.com,Taguig,Bronze,2023-08-30T00:00:00+00:00,2024-06-12T00:54:00+00:00
C01583,Ivan,Lim,ivan.lim1583@example.com,Parañaque,Silver,2023-11-03T00:00:00+00:00,2026-01-31T13:11:00+00:00
C01584,Grace,Pascual,grace.pascual1584@example.com,Manila,Bronze,2023-10-31T00:00:00+00:00,2025-08-26T10:29:00+00:00
C01585,Wendy,Tan,wendy.tan1585@example.com,Makati,Silver,2023-12-09T00:00:00+00:00,2024-02-09T00:59:00+00:00
C01586,Carla,Ramos,carla.ramos1586@example.com,Manila,Silver,2023-09-10T00:00:00+00:00,2024-12-03T07:49:00+00:00
C01587,Ivan,Pascual,ivan.pascual1587@example.com,Quezon City,Bronze,2023-01-08T00:00:00+00:00,2025-07-24T21:52:00+00:00
C01588,Ella,Dela Cruz,ella.delacruz1588@example.com,Taguig,Silver,2023-07-15T00:00:00+00:00,2025-06-13T12:41:00+00:00
C01589,Xavier,Diaz,xavier.diaz1589@example.com,Quezon City,Silver,2023-11-26T00:00:00+00:00,2024-04-14T11:57:00+00:00
C01590,Julia,Santos,julia.santos1590@example.com,Caloocan,Bronze,2023-08-01T00:00:00+00:00,2024-03-02T22:26:00+00:00
C01591,Sofia,Fernandez,sofia.fernandez1591@example.com,Manila,Gold,2023-06-16T00:00:00+00:00,2024-12-06T15:55:00+00:00
C01592,Wendy,Garcia,wendy.garcia1592@example.com,Parañaque,Gold,2023-09-08T00:00:00+00:00,2025-12-10T11:14:00+00:00
C01593,Ella,Torres,ella.torres1593@example.com,Marikina,Gold,2023-09-08T00:00:00+00:00,2024-06-25T14:09:00+00:00
C01594,Nina,Bautista,nina.bautista1594@example.com,Manila,Silver,2023-07-23T00:00:00+00:00,2024-06-23T20:37:00+00:00
C01595,Grace,Castillo,grace.castillo1595@example.com,Taguig,Bronze,2023-04-02T00:00:00+00:00,2024-08-30T22:28:00+00:00
C01596,Nina,Flores,nina.flores1596@example.com,Pasay,Silver,2023-07-26T00:00:00+00:00,2024-04-27T08:29:00+00:00
C01597,Julia,Santos,julia.santos1597@example.com,Makati,Bronze,2023-11-20T00:00:00+00:00,2025-10-08T21:14:00+00:00
C01598,Uma,Torres,uma.torres1598@example.com,Quezon City,Bronze,2023-01-16T00:00:00+00:00,2024-01-30T23:44:00+00:00
C01599,Julia,Villanueva,julia.villanueva1599@example.com,Marikina,Bronze,2023-10-12T00:00:00+00:00,2025-01-12T00:51:00+00:00
C01600,Ana,Bautista,ana.bautista1600@example.com,Manila,Bronze,2023-12-28T00:00:00+00:00,2024-12-09T15:16:00+00:00
C01601,Tomas,Aquino,tomas.aquino1601@example.com,Caloocan,Silver,2023-09-30T00:00:00+00:00,2024-06-30T01:17:00+00:00
C01602,Nina,Diaz,nina.diaz1602@example.com,Manila,Silver,2023-12-13T00:00:00+00:00,2025-02-24T14:50:00+00:00
C01603,Grace,Dela Cruz,grace.delacruz1603@example.com,Quezon City,Bronze,2023-10-24T00:00:00+00:00,2024-05-21T00:20:00+00:00
C01604,Hannah,Mendoza,hannah.mendoza1604@example.com,Mandaluyong,Bronze,2023-03-26T00:00:00+00:00,2025-02-02T18:42:00+00:00
C01605,Xavier,Cruz,xavier.cruz1605@example.com,Caloocan,Bronze,2023-05-07T00:00:00+00:00,2024-12-06T03:16:00+00:00
C01606,Nina,Garcia,nina.garcia1606@example.com,Marikina,Bronze,2023-05-08T00:00:00+00:00,2026-04-24T16:09:00+00:00
C01607,Ramon,Villanueva,ramon.villanueva1607@example.com,Manila,Bronze,2023-02-05T00:00:00+00:00,2024-03-14T14:39:00+00:00
C01608,Lara,Torres,lara.torres1608@example.com,Pasay,Platinum,2023-08-01T00:00:00+00:00,2026-02-21T14:21:00+00:00
C01609,Kevin,Fernandez,kevin.fernandez1609@example.com,Manila,Gold,2023-01-26T00:00:00+00:00,2026-01-30T09:04:00+00:00
C01610,Francis,Reyes,francis.reyes1610@example.com,Pasig,Silver,2023-12-25T00:00:00+00:00,2024-04-08T00:26:00+00:00
C01611,Ana,Lim,ana.lim1611@example.com,Pasig,Silver,2023-09-25T00:00:00+00:00,2024-07-27T04:40:00+00:00
C01612,Ivan,Reyes,ivan.reyes1612@example.com,Parañaque,Silver,2023-03-04T00:00:00+00:00,2025-03-30T10:22:00+00:00
C01613,Diego,Santos,diego.santos1613@example.com,Quezon City,Gold,2023-12-29T00:00:00+00:00,2026-02-08T23:42:00+00:00
C01614,Diego,Aquino,diego.aquino1614@example.com,Taguig,Silver,2023-05-16T00:00:00+00:00,2024-01-24T19:36:00+00:00
C01615,Queenie,Torres,queenie.torres1615@example.com,Pasig,Bronze,2023-01-05T00:00:00+00:00,2025-03-22T18:16:00+00:00
C01616,Marco,Flores,marco.flores1616@example.com,Mandaluyong,Silver,2023-06-26T00:00:00+00:00,2025-10-05T20:54:00+00:00
C01617,Xavier,Pascual,xavier.pascual1617@example.com,Quezon City,Silver,2023-06-16T00:00:00+00:00,2024-12-07T22:01:00+00:00
C01618,Diego,Pascual,diego.pascual1618@example.com,Quezon City,Silver,2023-01-18T00:00:00+00:00,2025-11-25T08:34:00+00:00
C01619,Xavier,Pascual,xavier.pascual1619@example.com,Pasig,Bronze,2023-07-10T00:00:00+00:00,2024-08-04T05:27:00+00:00
C01620,Oscar,Diaz,oscar.diaz1620@example.com,Manila,Bronze,2023-11-02T00:00:00+00:00,2025-02-18T21:47:00+00:00
C01621,Tomas,Mercado,tomas.mercado1621@example.com,Caloocan,Bronze,2023-11-06T00:00:00+00:00,2025-02-18T19:33:00+00:00
C01622,Queenie,Torres,queenie.torres1622@example.com,Parañaque,Bronze,2023-07-19T00:00:00+00:00,2024-11-20T03:42:00+00:00
C01623,Queenie,Reyes,queenie.reyes1623@example.com,Caloocan,Silver,2023-09-13T00:00:00+00:00,2024-10-10T14:44:00+00:00
C01624,Oscar,Reyes,oscar.reyes1624@example.com,Mandaluyong,Silver,2023-12-04T00:00:00+00:00,2024-04-14T17:13:00+00:00
C01625,Oscar,Bautista,oscar.bautista1625@example.com,Manila,Silver,2023-10-25T00:00:00+00:00,2024-11-03T10:00:00+00:00
C01626,Grace,Bautista,grace.bautista1626@example.com,Parañaque,Bronze,2023-08-05T00:00:00+00:00,2026-03-24T08:33:00+00:00
C01627,Tomas,Aquino,tomas.aquino1627@example.com,Quezon City,Gold,2023-04-11T00:00:00+00:00,2026-03-27T03:54:00+00:00
C01628,Yasmin,Ramos,yasmin.ramos1628@example.com,Quezon City,Silver,2023-12-14T00:00:00+00:00,2024-04-17T10:38:00+00:00
C01629,Julia,Navarro,julia.navarro1629@example.com,Mandaluyong,Bronze,2023-12-06T00:00:00+00:00,2026-02-15T01:10:00+00:00
C01630,Oscar,Torres,oscar.torres1630@example.com,Manila,Bronze,2023-12-05T00:00:00+00:00,2025-10-14T22:49:00+00:00
C01631,Wendy,Bautista,wendy.bautista1631@example.com,Mandaluyong,Bronze,2023-02-28T00:00:00+00:00,2024-11-06T01:23:00+00:00
C01632,Ramon,Pascual,ramon.pascual1632@example.com,Taguig,Gold,2023-02-08T00:00:00+00:00,2024-11-29T00:53:00+00:00
C01633,Francis,Bautista,francis.bautista1633@example.com,Mandaluyong,Bronze,2023-08-06T00:00:00+00:00,2025-02-26T21:35:00+00:00
C01634,Nina,Aquino,nina.aquino1634@example.com,Pasay,Gold,2023-11-19T00:00:00+00:00,2024-08-24T16:18:00+00:00
C01635,Nina,Aquino,nina.aquino1635@example.com,Pasay,Bronze,2023-11-12T00:00:00+00:00,2025-12-26T02:14:00+00:00
C01636,Wendy,Aquino,wendy.aquino1636@example.com,Marikina,Gold,2023-09-07T00:00:00+00:00,2024-02-21T22:24:00+00:00
C01637,Nina,Flores,nina.flores1637@example.com,Caloocan,Bronze,2023-03-02T00:00:00+00:00,2025-06-24T06:41:00+00:00
C01638,Diego,Dela Cruz,diego.delacruz1638@example.com,Mandaluyong,Bronze,2023-12-13T00:00:00+00:00,2026-02-24T11:18:00+00:00
C01639,Grace,Flores,grace.flores1639@example.com,Quezon City,Bronze,2023-05-27T00:00:00+00:00,2024-08-17T02:39:00+00:00
C01640,Kevin,Navarro,kevin.navarro1640@example.com,Marikina,Bronze,2023-10-28T00:00:00+00:00,2025-11-10T18:00:00+00:00
C01641,Francis,Mendoza,francis.mendoza1641@example.com,Taguig,Platinum,2023-11-11T00:00:00+00:00,2025-08-15T10:40:00+00:00
C01642,Ivan,Fernandez,ivan.fernandez1642@example.com,Marikina,Bronze,2023-05-21T00:00:00+00:00,2024-12-02T04:40:00+00:00
C01643,Ana,Aquino,ana.aquino1643@example.com,Pasig,Gold,2023-11-19T00:00:00+00:00,2025-11-12T06:23:00+00:00
C01644,Zoe,Garcia,zoe.garcia1644@example.com,Pasig,Silver,2023-03-19T00:00:00+00:00,2025-04-19T23:48:00+00:00
C01645,Ivan,Reyes,ivan.reyes1645@example.com,Makati,Gold,2023-09-02T00:00:00+00:00,2024-08-12T14:09:00+00:00
C01646,Lara,Ramos,lara.ramos1646@example.com,Taguig,Gold,2023-01-03T00:00:00+00:00,2024-01-01T09:20:00+00:00
C01647,Queenie,Ramos,queenie.ramos1647@example.com,Taguig,Silver,2023-10-04T00:00:00+00:00,2025-01-03T05:21:00+00:00
C01648,Marco,Mercado,marco.mercado1648@example.com,Taguig,Bronze,2023-02-01T00:00:00+00:00,2026-02-11T19:32:00+00:00
C01649,Kevin,Ramos,kevin.ramos1649@example.com,Taguig,Silver,2023-05-03T00:00:00+00:00,2026-01-07T11:47:00+00:00
C01650,Tomas,Torres,tomas.torres1650@example.com,Caloocan,Gold,2023-01-16T00:00:00+00:00,2025-09-27T09:15:00+00:00
C01651,Uma,Mercado,uma.mercado1651@example.com,Makati,Bronze,2023-07-18T00:00:00+00:00,2025-02-02T12:42:00+00:00
C01652,Ella,Flores,ella.flores1652@example.com,Parañaque,Silver,2023-12-12T00:00:00+00:00,2025-05-31T16:37:00+00:00
C01653,Yasmin,Mercado,yasmin.mercado1653@example.com,Caloocan,Gold,2023-03-16T00:00:00+00:00,2025-03-23T00:52:00+00:00
C01654,Zoe,Ramos,zoe.ramos1654@example.com,Makati,Silver,2023-12-14T00:00:00+00:00,2024-12-01T21:11:00+00:00
C01655,Zoe,Santos,zoe.santos1655@example.com,Marikina,Bronze,2023-10-01T00:00:00+00:00,2025-11-20T02:18:00+00:00
C01656,Ramon,Ramos,ramon.ramos1656@example.com,Pasay,Silver,2023-10-01T00:00:00+00:00,2024-04-07T16:50:00+00:00
C01657,Zoe,Mendoza,zoe.mendoza1657@example.com,Marikina,Bronze,2023-03-13T00:00:00+00:00,2024-05-29T20:25:00+00:00
C01658,Yasmin,Diaz,yasmin.diaz1658@example.com,Taguig,Silver,2023-04-17T00:00:00+00:00,2024-02-25T20:47:00+00:00
C01659,Ella,Santos,ella.santos1659@example.com,Makati,Bronze,2023-05-31T00:00:00+00:00,2026-01-08T03:06:00+00:00
C01660,Nina,Villanueva,nina.villanueva1660@example.com,Quezon City,Bronze,2023-06-26T00:00:00+00:00,2025-04-09T14:00:00+00:00
C01661,Carla,Garcia,carla.garcia1661@example.com,Marikina,Silver,2023-06-08T00:00:00+00:00,2024-08-15T00:27:00+00:00
C01662,Ana,Dela Cruz,ana.delacruz1662@example.com,Manila,Gold,2023-12-17T00:00:00+00:00,2024-04-13T12:30:00+00:00
C01663,Ramon,Ramos,ramon.ramos1663@example.com,Mandaluyong,Bronze,2023-07-30T00:00:00+00:00,2025-10-14T11:39:00+00:00
C01664,Yasmin,Lim,yasmin.lim1664@example.com,Makati,Silver,2023-12-12T00:00:00+00:00,2024-05-14T05:42:00+00:00
C01665,Queenie,Mendoza,queenie.mendoza1665@example.com,Pasay,Bronze,2023-10-31T00:00:00+00:00,2025-05-22T16:10:00+00:00
C01666,Uma,Garcia,uma.garcia1666@example.com,Marikina,Silver,2023-04-16T00:00:00+00:00,2024-10-24T17:54:00+00:00
C01667,Diego,Pascual,diego.pascual1667@example.com,Parañaque,Bronze,2023-09-04T00:00:00+00:00,2025-11-10T12:03:00+00:00
C01668,Carla,Pascual,carla.pascual1668@example.com,Pasay,Bronze,2023-05-25T00:00:00+00:00,2025-02-27T06:43:00+00:00
C01669,Ana,Castillo,ana.castillo1669@example.com,Manila,Silver,2023-11-09T00:00:00+00:00,2025-09-27T04:12:00+00:00
C01670,Xavier,Mercado,xavier.mercado1670@example.com,Parañaque,Bronze,2023-01-17T00:00:00+00:00,2024-01-28T02:01:00+00:00
C01671,Ella,Tan,ella.tan1671@example.com,Quezon City,Gold,2023-10-31T00:00:00+00:00,2024-04-28T17:06:00+00:00
C01672,Lara,Villanueva,lara.villanueva1672@example.com,Mandaluyong,Silver,2023-05-10T00:00:00+00:00,2024-09-01T21:03:00+00:00
C01673,Oscar,Fernandez,oscar.fernandez1673@example.com,Mandaluyong,Bronze,2023-04-03T00:00:00+00:00,2025-09-17T03:20:00+00:00
C01674,Nina,Flores,nina.flores1674@example.com,Quezon City,Silver,2023-09-06T00:00:00+00:00,2026-04-30T16:41:00+00:00
C01675,Diego,Lim,diego.lim1675@example.com,Pasay,Silver,2023-06-28T00:00:00+00:00,2024-05-22T03:12:00+00:00
C01676,Ben,Tan,ben.tan1676@example.com,Marikina,Silver,2023-05-03T00:00:00+00:00,2024-05-26T22:55:00+00:00
C01677,Wendy,Castillo,wendy.castillo1677@example.com,Taguig,Silver,2023-11-05T00:00:00+00:00,2024-10-29T22:51:00+00:00
C01678,Francis,Cruz,francis.cruz1678@example.com,Pasay,Platinum,2023-01-24T00:00:00+00:00,2025-02-23T22:24:00+00:00
C01679,Carla,Ramos,carla.ramos1679@example.com,Marikina,Gold,2023-05-09T00:00:00+00:00,2024-03-30T09:36:00+00:00
C01680,Ella,Pascual,ella.pascual1680@example.com,Mandaluyong,Silver,2023-02-08T00:00:00+00:00,2025-02-14T14:40:00+00:00
C01681,Uma,Diaz,uma.diaz1681@example.com,Taguig,Platinum,2023-09-23T00:00:00+00:00,2025-09-24T09:49:00+00:00
C01682,Ben,Ramos,ben.ramos1682@example.com,Marikina,Gold,2023-05-23T00:00:00+00:00,2026-04-01T06:30:00+00:00
C01683,Uma,Tan,uma.tan1683@example.com,Mandaluyong,Bronze,2023-09-15T00:00:00+00:00,2025-06-20T22:58:00+00:00
C01684,Yasmin,Navarro,yasmin.navarro1684@example.com,Pasig,Bronze,2023-08-15T00:00:00+00:00,2025-06-05T19:00:00+00:00
C01685,Ben,Garcia,ben.garcia1685@example.com,Makati,Bronze,2023-01-07T00:00:00+00:00,2024-03-11T12:38:00+00:00
C01686,Hannah,Flores,hannah.flores1686@example.com,Quezon City,Gold,2023-05-01T00:00:00+00:00,2024-10-22T18:05:00+00:00
C01687,Ivan,Bautista,ivan.bautista1687@example.com,Parañaque,Bronze,2023-12-02T00:00:00+00:00,2024-07-04T18:09:00+00:00
C01688,Francis,Mendoza,francis.mendoza1688@example.com,Pasay,Silver,2023-01-17T00:00:00+00:00,2024-03-24T15:47:00+00:00
C01689,Sofia,Lim,sofia.lim1689@example.com,Mandaluyong,Bronze,2023-05-03T00:00:00+00:00,2025-05-30T22:35:00+00:00
C01690,Queenie,Diaz,queenie.diaz1690@example.com,Manila,Gold,2023-05-28T00:00:00+00:00,2025-05-13T06:08:00+00:00
C01691,Ben,Aquino,ben.aquino1691@example.com,Quezon City,Bronze,2023-05-14T00:00:00+00:00,2025-05-05T05:04:00+00:00
C01692,Paolo,Torres,paolo.torres1692@example.com,Mandaluyong,Bronze,2023-06-21T00:00:00+00:00,2025-11-26T05:37:00+00:00
C01693,Paolo,Aquino,paolo.aquino1693@example.com,Taguig,Bronze,2023-07-14T00:00:00+00:00,2025-08-26T01:35:00+00:00
C01694,Ella,Santos,ella.santos1694@example.com,Caloocan,Bronze,2023-02-16T00:00:00+00:00,2024-05-25T03:54:00+00:00
C01695,Queenie,Diaz,queenie.diaz1695@example.com,Quezon City,Gold,2023-02-14T00:00:00+00:00,2024-02-07T20:29:00+00:00
C01696,Oscar,Villanueva,oscar.villanueva1696@example.com,Makati,Bronze,2023-06-06T00:00:00+00:00,2025-03-19T20:31:00+00:00
C01697,Hannah,Mercado,hannah.mercado1697@example.com,Marikina,Gold,2023-03-16T00:00:00+00:00,2024-12-12T05:18:00+00:00
C01698,Wendy,Reyes,wendy.reyes1698@example.com,Manila,Bronze,2023-07-05T00:00:00+00:00,2024-02-09T18:52:00+00:00
C01699,Julia,Lim,julia.lim1699@example.com,Marikina,Gold,2023-11-01T00:00:00+00:00,2024-04-23T21:58:00+00:00
C01700,Julia,Navarro,julia.navarro1700@example.com,Caloocan,Bronze,2023-07-12T00:00:00+00:00,2024-08-16T13:40:00+00:00
C01701,Zoe,Fernandez,zoe.fernandez1701@example.com,Taguig,Bronze,2023-10-02T00:00:00+00:00,2025-08-30T04:24:00+00:00
C01702,Ramon,Dela Cruz,ramon.delacruz1702@example.com,Makati,Gold,2023-08-01T00:00:00+00:00,2025-08-19T23:05:00+00:00
C01703,Sofia,Flores,sofia.flores1703@example.com,Quezon City,Bronze,2023-09-17T00:00:00+00:00,2025-04-18T04:56:00+00:00
C01704,Lara,Dela Cruz,lara.delacruz1704@example.com,Parañaque,Gold,2023-06-29T00:00:00+00:00,2024-06-16T18:56:00+00:00
C01705,Carla,Pascual,carla.pascual1705@example.com,Parañaque,Silver,2023-12-13T00:00:00+00:00,2025-07-14T06:40:00+00:00
C01706,Ella,Castillo,ella.castillo1706@example.com,Makati,Silver,2023-09-26T00:00:00+00:00,2026-02-02T17:37:00+00:00
C01707,Francis,Flores,francis.flores1707@example.com,Pasay,Bronze,2023-01-20T00:00:00+00:00,2025-07-27T18:07:00+00:00
C01708,Tomas,Navarro,tomas.navarro1708@example.com,Mandaluyong,Gold,2023-12-29T00:00:00+00:00,2024-08-30T00:48:00+00:00
C01709,Paolo,Flores,paolo.flores1709@example.com,Manila,Bronze,2023-07-29T00:00:00+00:00,2024-02-25T02:36:00+00:00
C01710,Sofia,Ramos,sofia.ramos1710@example.com,Quezon City,Silver,2023-05-04T00:00:00+00:00,2024-07-28T15:25:00+00:00
C01711,Xavier,Ramos,xavier.ramos1711@example.com,Quezon City,Bronze,2023-07-22T00:00:00+00:00,2024-08-31T09:35:00+00:00
C01712,Francis,Mercado,francis.mercado1712@example.com,Pasay,Silver,2023-06-16T00:00:00+00:00,2025-01-06T20:14:00+00:00
C01713,Hannah,Pascual,hannah.pascual1713@example.com,Pasig,Silver,2023-01-06T00:00:00+00:00,2024-10-07T08:36:00+00:00
C01714,Victor,Santos,victor.santos1714@example.com,Caloocan,Gold,2023-02-10T00:00:00+00:00,2024-05-10T08:31:00+00:00
C01715,Hannah,Mendoza,hannah.mendoza1715@example.com,Pasig,Bronze,2023-07-02T00:00:00+00:00,2025-07-14T05:32:00+00:00
C01716,Ramon,Cruz,ramon.cruz1716@example.com,Manila,Bronze,2023-06-15T00:00:00+00:00,2024-09-19T08:24:00+00:00
C01717,Tomas,Fernandez,tomas.fernandez1717@example.com,Caloocan,Bronze,2023-03-16T00:00:00+00:00,2026-03-10T16:22:00+00:00
C01718,Oscar,Reyes,oscar.reyes1718@example.com,Mandaluyong,Bronze,2023-08-06T00:00:00+00:00,2025-08-11T23:33:00+00:00
C01719,Xavier,Aquino,xavier.aquino1719@example.com,Marikina,Gold,2023-12-18T00:00:00+00:00,2024-04-30T05:36:00+00:00
C01720,Paolo,Lim,paolo.lim1720@example.com,Makati,Gold,2023-07-06T00:00:00+00:00,2024-11-09T16:53:00+00:00
C01721,Diego,Dela Cruz,diego.delacruz1721@example.com,Taguig,Silver,2023-01-12T00:00:00+00:00,2025-09-01T07:10:00+00:00
C01722,Julia,Flores,julia.flores1722@example.com,Marikina,Silver,2023-12-29T00:00:00+00:00,2025-09-17T23:14:00+00:00
C01723,Victor,Reyes,victor.reyes1723@example.com,Pasay,Gold,2023-07-21T00:00:00+00:00,2024-05-21T08:15:00+00:00
C01724,Ella,Dela Cruz,ella.delacruz1724@example.com,Pasig,Bronze,2023-04-19T00:00:00+00:00,2025-01-10T16:10:00+00:00
C01725,Ana,Bautista,ana.bautista1725@example.com,Taguig,Gold,2023-10-31T00:00:00+00:00,2025-02-06T06:13:00+00:00
C01726,Grace,Torres,grace.torres1726@example.com,Pasig,Bronze,2023-08-30T00:00:00+00:00,2026-02-04T18:16:00+00:00
C01727,Ella,Villanueva,ella.villanueva1727@example.com,Taguig,Bronze,2023-05-08T00:00:00+00:00,2025-11-07T08:31:00+00:00
C01728,Ivan,Tan,ivan.tan1728@example.com,Quezon City,Bronze,2023-08-26T00:00:00+00:00,2024-06-22T18:06:00+00:00
C01729,Yasmin,Castillo,yasmin.castillo1729@example.com,Pasig,Silver,2023-01-29T00:00:00+00:00,2026-02-13T08:36:00+00:00
C01730,Oscar,Bautista,oscar.bautista1730@example.com,Pasay,Silver,2023-04-19T00:00:00+00:00,2025-05-15T13:01:00+00:00
C01731,Ana,Navarro,ana.navarro1731@example.com,Parañaque,Silver,2023-11-29T00:00:00+00:00,2024-10-28T05:58:00+00:00
C01732,Uma,Mendoza,uma.mendoza1732@example.com,Quezon City,Bronze,2023-09-13T00:00:00+00:00,2025-02-11T20:20:00+00:00
C01733,Sofia,Castillo,sofia.castillo1733@example.com,Quezon City,Gold,2023-08-09T00:00:00+00:00,2025-11-29T23:53:00+00:00
C01734,Ramon,Fernandez,ramon.fernandez1734@example.com,Parañaque,Gold,2023-05-14T00:00:00+00:00,2025-09-08T23:27:00+00:00
C01735,Ivan,Diaz,ivan.diaz1735@example.com,Pasig,Bronze,2023-04-23T00:00:00+00:00,2024-03-14T11:02:00+00:00
C01736,Ben,Fernandez,ben.fernandez1736@example.com,Quezon City,Silver,2023-05-20T00:00:00+00:00,2025-02-02T14:15:00+00:00
C01737,Queenie,Villanueva,queenie.villanueva1737@example.com,Caloocan,Bronze,2023-12-04T00:00:00+00:00,2024-02-11T21:16:00+00:00
C01738,Grace,Mercado,grace.mercado1738@example.com,Taguig,Silver,2023-02-20T00:00:00+00:00,2024-10-12T03:46:00+00:00
C01739,Uma,Tan,uma.tan1739@example.com,Manila,Bronze,2023-08-06T00:00:00+00:00,2024-06-07T06:52:00+00:00
C01740,Tomas,Lim,tomas.lim1740@example.com,Parañaque,Silver,2023-12-06T00:00:00+00:00,2025-04-22T20:27:00+00:00
C01741,Lara,Bautista,lara.bautista1741@example.com,Taguig,Platinum,2023-01-25T00:00:00+00:00,2024-03-18T14:49:00+00:00
C01742,Diego,Flores,diego.flores1742@example.com,Quezon City,Bronze,2023-01-15T00:00:00+00:00,2024-12-28T07:02:00+00:00
C01743,Lara,Cruz,lara.cruz1743@example.com,Marikina,Silver,2023-04-23T00:00:00+00:00,2024-02-17T06:41:00+00:00
C01744,Grace,Fernandez,grace.fernandez1744@example.com,Caloocan,Bronze,2023-11-15T00:00:00+00:00,2025-05-23T18:48:00+00:00
C01745,Tomas,Mendoza,tomas.mendoza1745@example.com,Parañaque,Bronze,2023-07-21T00:00:00+00:00,2024-08-04T12:58:00+00:00
C01746,Uma,Tan,uma.tan1746@example.com,Pasig,Silver,2023-12-14T00:00:00+00:00,2024-05-04T02:07:00+00:00
C01747,Kevin,Mendoza,kevin.mendoza1747@example.com,Pasay,Silver,2024-01-01T00:00:00+00:00,2024-12-27T17:42:00+00:00
C01748,Francis,Reyes,francis.reyes1748@example.com,Pasig,Silver,2023-11-05T00:00:00+00:00,2024-01-03T05:36:00+00:00
C01749,Francis,Reyes,francis.reyes1749@example.com,Quezon City,Silver,2023-10-07T00:00:00+00:00,2025-01-26T21:20:00+00:00
C01750,Nina,Castillo,nina.castillo1750@example.com,Marikina,Silver,2023-08-29T00:00:00+00:00,2026-03-22T05:21:00+00:00
C01751,Zoe,Lim,zoe.lim1751@example.com,Caloocan,Silver,2023-08-06T00:00:00+00:00,2026-02-25T20:53:00+00:00
C01752,Oscar,Flores,oscar.flores1752@example.com,Marikina,Bronze,2023-05-15T00:00:00+00:00,2025-05-24T19:26:00+00:00
C01753,Diego,Ramos,diego.ramos1753@example.com,Caloocan,Silver,2023-04-30T00:00:00+00:00,2025-05-30T00:35:00+00:00
C01754,Ella,Navarro,ella.navarro1754@example.com,Manila,Gold,2023-09-20T00:00:00+00:00,2026-04-30T18:45:00+00:00
C01755,Queenie,Reyes,queenie.reyes1755@example.com,Pasig,Gold,2023-10-13T00:00:00+00:00,2024-06-01T03:57:00+00:00
C01756,Sofia,Dela Cruz,sofia.delacruz1756@example.com,Pasig,Silver,2023-05-08T00:00:00+00:00,2025-05-05T13:12:00+00:00
C01757,Queenie,Lim,queenie.lim1757@example.com,Taguig,Gold,2023-10-13T00:00:00+00:00,2024-03-03T09:06:00+00:00
C01758,Marco,Ramos,marco.ramos1758@example.com,Caloocan,Gold,2023-05-30T00:00:00+00:00,2025-06-15T01:58:00+00:00
C01759,Ana,Santos,ana.santos1759@example.com,Parañaque,Silver,2023-01-12T00:00:00+00:00,2025-11-01T02:55:00+00:00
C01760,Wendy,Torres,wendy.torres1760@example.com,Manila,Bronze,2023-03-16T00:00:00+00:00,2024-12-21T22:58:00+00:00
C01761,Yasmin,Cruz,yasmin.cruz1761@example.com,Caloocan,Bronze,2023-05-04T00:00:00+00:00,2025-09-04T07:47:00+00:00
C01762,Xavier,Diaz,xavier.diaz1762@example.com,Pasig,Gold,2023-07-17T00:00:00+00:00,2025-07-27T21:23:00+00:00
C01763,Uma,Mendoza,uma.mendoza1763@example.com,Makati,Silver,2023-06-23T00:00:00+00:00,2026-03-23T06:45:00+00:00
C01764,Queenie,Pascual,queenie.pascual1764@example.com,Quezon City,Bronze,2023-02-18T00:00:00+00:00,2025-04-14T12:57:00+00:00
C01765,Ella,Mercado,ella.mercado1765@example.com,Parañaque,Bronze,2023-07-09T00:00:00+00:00,2026-01-08T14:36:00+00:00
C01766,Carla,Garcia,carla.garcia1766@example.com,Taguig,Silver,2023-05-26T00:00:00+00:00,2026-04-22T11:26:00+00:00
C01767,Yasmin,Diaz,yasmin.diaz1767@example.com,Pasig,Bronze,2023-11-10T00:00:00+00:00,2024-01-12T00:02:00+00:00
C01768,Ben,Aquino,ben.aquino1768@example.com,Parañaque,Bronze,2023-05-16T00:00:00+00:00,2026-04-30T19:47:00+00:00
C01769,Ana,Ramos,ana.ramos1769@example.com,Makati,Silver,2023-08-23T00:00:00+00:00,2025-11-17T02:30:00+00:00
C01770,Xavier,Ramos,xavier.ramos1770@example.com,Pasig,Silver,2023-10-25T00:00:00+00:00,2024-05-01T02:04:00+00:00
C01771,Kevin,Mendoza,kevin.mendoza1771@example.com,Manila,Silver,2023-03-22T00:00:00+00:00,2024-10-08T17:20:00+00:00
C01772,Tomas,Fernandez,tomas.fernandez1772@example.com,Marikina,Bronze,2023-12-14T00:00:00+00:00,2025-10-05T10:31:00+00:00
C01773,Zoe,Diaz,zoe.diaz1773@example.com,Pasig,Bronze,2023-06-12T00:00:00+00:00,2024-05-20T06:46:00+00:00
C01774,Wendy,Aquino,wendy.aquino1774@example.com,Marikina,Silver,2023-11-28T00:00:00+00:00,2025-02-26T00:41:00+00:00
C01775,Carla,Torres,carla.torres1775@example.com,Manila,Bronze,2023-07-09T00:00:00+00:00,2025-01-14T11:35:00+00:00
C01776,Diego,Lim,diego.lim1776@example.com,Pasay,Gold,2023-08-07T00:00:00+00:00,2024-11-17T20:04:00+00:00
C01777,Victor,Pascual,victor.pascual1777@example.com,Parañaque,Silver,2023-08-09T00:00:00+00:00,2025-01-20T13:24:00+00:00
C01778,Diego,Reyes,diego.reyes1778@example.com,  manila  ,Bronze,2023-09-11T00:00:00+00:00,2025-09-22T07:46:00+00:00
C01779,Yasmin,Bautista,yasmin.bautista1779@example.com,Caloocan,Platinum,2023-05-31T00:00:00+00:00,2025-03-27T16:28:00+00:00
C01780,Lara,Lim,lara.lim1780@example.com,Parañaque,Silver,2023-07-14T00:00:00+00:00,2025-02-03T08:54:00+00:00
C01781,Queenie,Flores,queenie.flores1781@example.com,Quezon City,Platinum,2023-03-12T00:00:00+00:00,2025-10-01T20:29:00+00:00
C01782,Kevin,Ramos,kevin.ramos1782@example.com,Mandaluyong,Gold,2023-12-05T00:00:00+00:00,2026-01-01T00:32:00+00:00
C01783,Paolo,Mendoza,paolo.mendoza1783@example.com,Makati,Bronze,2023-09-22T00:00:00+00:00,2025-07-24T03:53:00+00:00
C01784,Ella,Mendoza,ella.mendoza1784@example.com,Makati,Silver,2023-06-09T00:00:00+00:00,2024-09-27T13:28:00+00:00
C01785,Diego,Navarro,diego.navarro1785@example.com,Caloocan,Silver,2023-01-27T00:00:00+00:00,2025-08-13T18:50:00+00:00
C01786,Julia,Fernandez,julia.fernandez1786@example.com,Mandaluyong,Bronze,2023-08-28T00:00:00+00:00,2025-09-13T13:37:00+00:00
C01787,Ramon,Diaz,ramon.diaz1787@example.com,Makati,Bronze,2023-06-15T00:00:00+00:00,2025-07-16T21:48:00+00:00
C01788,Ben,Pascual,ben.pascual1788@example.com,Mandaluyong,Bronze,2023-08-08T00:00:00+00:00,2024-08-15T18:26:00+00:00
C01789,Paolo,Reyes,paolo.reyes1789@example.com,Marikina,Bronze,2023-12-29T00:00:00+00:00,2026-01-02T04:13:00+00:00
C01790,Uma,Pascual,uma.pascual1790@example.com,Quezon City,Silver,2023-10-10T00:00:00+00:00,2025-10-21T14:09:00+00:00
C01791,Sofia,Santos,sofia.santos1791@example.com,Makati,Silver,2023-12-23T00:00:00+00:00,2024-06-20T13:45:00+00:00
C01792,Paolo,Garcia,paolo.garcia1792@example.com,Pasig,Silver,2023-11-12T00:00:00+00:00,2024-10-24T13:02:00+00:00
C01793,Ivan,Castillo,ivan.castillo1793@example.com,Mandaluyong,Silver,2023-11-11T00:00:00+00:00,2024-04-16T02:25:00+00:00
C01794,Ella,Lim,ella.lim1794@example.com,Parañaque,Silver,2023-05-03T00:00:00+00:00,2024-01-14T05:26:00+00:00
C01795,Paolo,Diaz,paolo.diaz1795@example.com,Manila,Gold,2023-11-07T00:00:00+00:00,2026-04-15T12:37:00+00:00
C01796,Julia,Navarro,julia.navarro1796@example.com,Marikina,Silver,2023-09-02T00:00:00+00:00,2024-04-13T23:58:00+00:00
C01797,Tomas,Fernandez,tomas.fernandez1797@example.com,Makati,Silver,2023-05-12T00:00:00+00:00,2025-02-14T05:26:00+00:00
C01798,Ben,Mendoza,ben.mendoza1798@example.com,Manila,Silver,2023-04-28T00:00:00+00:00,2025-01-02T03:56:00+00:00
C01799,Oscar,Dela Cruz,oscar.delacruz1799@example.com,Quezon City,Bronze,2023-08-29T00:00:00+00:00,2025-09-09T04:40:00+00:00
C01800,Ana,Lim,ana.lim1800@example.com,Quezon City,Bronze,2023-12-09T00:00:00+00:00,2025-02-14T13:45:00+00:00
C01801,Ella,Mercado,ella.mercado1801@example.com,Marikina,Gold,2023-02-09T00:00:00+00:00,2024-11-24T21:49:00+00:00
C01802,Ben,Lim,ben.lim1802@example.com,Manila,Silver,2023-09-26T00:00:00+00:00,2025-07-11T11:18:00+00:00
C01803,Nina,Aquino,nina.aquino1803@example.com,Manila,Gold,2023-03-05T00:00:00+00:00,2024-02-06T20:23:00+00:00
C01804,Paolo,Tan,paolo.tan1804@example.com,Taguig,Gold,2023-04-13T00:00:00+00:00,2025-01-06T19:33:00+00:00
C01805,Nina,Dela Cruz,nina.delacruz1805@example.com,Mandaluyong,Bronze,2023-05-13T00:00:00+00:00,2026-03-14T10:41:00+00:00
C01806,Nina,Bautista,nina.bautista1806@example.com,Parañaque,Bronze,2023-02-15T00:00:00+00:00,2024-08-31T22:34:00+00:00
C01807,Victor,Mercado,victor.mercado1807@example.com,Mandaluyong,Bronze,2023-05-23T00:00:00+00:00,2025-09-25T05:53:00+00:00
C01808,Oscar,Navarro,oscar.navarro1808@example.com,Mandaluyong,Gold,2023-03-29T00:00:00+00:00,2025-01-28T01:17:00+00:00
C01809,Kevin,Dela Cruz,kevin.delacruz1809@example.com,Parañaque,Silver,2023-07-20T00:00:00+00:00,2024-01-06T14:28:00+00:00
C01810,Julia,Torres,julia.torres1810@example.com,Pasay,Silver,2023-01-09T00:00:00+00:00,2024-01-05T23:39:00+00:00
C01811,Ella,Navarro,ella.navarro1811@example.com,Taguig,Bronze,2023-06-18T00:00:00+00:00,2024-04-08T14:00:00+00:00
C01812,Nina,Mercado,nina.mercado1812@example.com,Mandaluyong,Bronze,2023-03-01T00:00:00+00:00,2024-09-20T17:44:00+00:00
C01813,Marco,Reyes,marco.reyes1813@example.com,Pasig,Bronze,2023-09-04T00:00:00+00:00,2024-12-18T05:07:00+00:00
C01814,Wendy,Castillo,wendy.castillo1814@example.com,Marikina,Silver,2023-08-28T00:00:00+00:00,2025-06-07T05:55:00+00:00
C01815,Ana,Navarro,ana.navarro1815@example.com,Mandaluyong,Platinum,2023-07-09T00:00:00+00:00,2026-01-08T19:58:00+00:00
C01816,Julia,Fernandez,julia.fernandez1816@example.com,Makati,Silver,2023-06-02T00:00:00+00:00,2024-09-09T22:44:00+00:00
C01817,Tomas,Flores,tomas.flores1817@example.com,Taguig,Bronze,2023-05-09T00:00:00+00:00,2025-06-27T19:09:00+00:00
C01818,Ana,Garcia,ana.garcia1818@example.com,Pasay,Bronze,2023-05-04T00:00:00+00:00,2026-04-16T18:43:00+00:00
C01819,Ben,Aquino,ben.aquino1819@example.com,Parañaque,Silver,2023-11-01T00:00:00+00:00,2025-08-02T01:58:00+00:00
C01820,Ivan,Torres,ivan.torres1820@example.com,Quezon City,Silver,2023-08-02T00:00:00+00:00,2025-10-26T20:10:00+00:00
C01821,Grace,Pascual,grace.pascual1821@example.com,Mandaluyong,Platinum,2023-05-31T00:00:00+00:00,2025-10-11T19:20:00+00:00
C01822,Sofia,Dela Cruz,sofia.delacruz1822@example.com,Manila,Bronze,2023-02-06T00:00:00+00:00,2024-12-07T20:09:00+00:00
C01823,Ben,Aquino,ben.aquino1823@example.com,Pasig,Bronze,2023-11-05T00:00:00+00:00,2026-03-05T21:48:00+00:00
C01824,Ella,Lim,ella.lim1824@example.com,Pasay,Bronze,2023-08-05T00:00:00+00:00,2025-01-14T03:12:00+00:00
C01825,Nina,Garcia,nina.garcia1825@example.com,Makati,Bronze,2023-03-21T00:00:00+00:00,2024-04-07T04:13:00+00:00
C01826,Diego,Cruz,diego.cruz1826@example.com,Parañaque,Bronze,2023-03-30T00:00:00+00:00,2024-08-12T17:47:00+00:00
C01827,Lara,Mercado,lara.mercado1827@example.com,Manila,Silver,2023-04-26T00:00:00+00:00,2026-02-20T19:29:00+00:00
C01828,Ella,Aquino,ella.aquino1828@example.com,Marikina,Platinum,2023-02-28T00:00:00+00:00,2024-02-26T12:56:00+00:00
C01829,Diego,Ramos,diego.ramos1829@example.com,Pasig,Bronze,2023-07-09T00:00:00+00:00,2024-05-24T01:52:00+00:00
C01830,Sofia,Villanueva,sofia.villanueva1830@example.com,Caloocan,Bronze,2023-01-22T00:00:00+00:00,2024-07-15T20:00:00+00:00
C01831,Victor,Navarro,victor.navarro1831@example.com,Manila,Silver,2023-12-19T00:00:00+00:00,2024-05-05T13:06:00+00:00
C01832,Grace,Garcia,grace.garcia1832@example.com,Marikina,Silver,2023-05-21T00:00:00+00:00,2024-06-02T11:06:00+00:00
C01833,Julia,Flores,julia.flores1833@example.com,Caloocan,Bronze,2023-08-07T00:00:00+00:00,2026-04-10T21:55:00+00:00
C01834,Ella,Ramos,ella.ramos1834@example.com,Makati,Bronze,2023-04-22T00:00:00+00:00,2024-09-30T14:44:00+00:00
C01835,Oscar,Mercado,oscar.mercado1835@example.com,Parañaque,Silver,2023-07-31T00:00:00+00:00,2024-10-16T06:13:00+00:00
C01836,Tomas,Bautista,tomas.bautista1836@example.com,Quezon City,Gold,2023-03-27T00:00:00+00:00,2025-02-22T22:50:00+00:00
C01837,Tomas,Reyes,tomas.reyes1837@example.com,Taguig,Bronze,2023-12-05T00:00:00+00:00,2024-08-07T07:40:00+00:00
C01838,Julia,Castillo,julia.castillo1838@example.com,Pasig,Bronze,2023-08-13T00:00:00+00:00,2025-12-23T01:47:00+00:00
C01839,Yasmin,Castillo,yasmin.castillo1839@example.com,Parañaque,Bronze,2023-04-28T00:00:00+00:00,2025-06-23T02:10:00+00:00
C01840,Lara,Flores,lara.flores1840@example.com,Taguig,Bronze,2023-07-24T00:00:00+00:00,2025-04-17T23:04:00+00:00
C01841,Oscar,Mercado,oscar.mercado1841@example.com,Manila,Bronze,2023-11-21T00:00:00+00:00,2025-01-17T20:38:00+00:00
C01842,Grace,Cruz,grace.cruz1842@example.com,Mandaluyong,Gold,2023-04-20T00:00:00+00:00,2025-09-26T21:57:00+00:00
C01843,Marco,Dela Cruz,marco.delacruz1843@example.com,Quezon City,Gold,2023-11-11T00:00:00+00:00,2025-08-01T12:59:00+00:00
C01844,Diego,Garcia,diego.garcia1844@example.com,Pasay,Silver,2023-02-26T00:00:00+00:00,2024-09-03T13:29:00+00:00
C01845,Julia,Aquino,julia.aquino1845@example.com,Marikina,Gold,2023-01-10T00:00:00+00:00,2024-07-20T19:15:00+00:00
C01846,Nina,Mercado,nina.mercado1846@example.com,Pasay,Silver,2023-08-31T00:00:00+00:00,2024-02-02T13:27:00+00:00
C01847,Kevin,Castillo,kevin.castillo1847@example.com,Quezon City,Platinum,2023-01-03T00:00:00+00:00,2024-05-05T17:48:00+00:00
C01848,Sofia,Villanueva,sofia.villanueva1848@example.com,Manila,Bronze,2023-02-19T00:00:00+00:00,2024-09-12T21:39:00+00:00
C01849,Hannah,Pascual,hannah.pascual1849@example.com,Marikina,Bronze,2023-07-20T00:00:00+00:00,2024-09-16T06:29:00+00:00
C01850,Ivan,Dela Cruz,ivan.delacruz1850@example.com,Parañaque,Platinum,2023-06-07T00:00:00+00:00,2024-07-21T02:10:00+00:00
C01851,Lara,Castillo,lara.castillo1851@example.com,Quezon City,Bronze,2023-04-30T00:00:00+00:00,2025-11-08T04:47:00+00:00
C01852,Carla,Aquino,carla.aquino1852@example.com,Caloocan,Gold,2023-05-29T00:00:00+00:00,2025-05-05T20:19:00+00:00
C01853,Uma,Reyes,uma.reyes1853@example.com,Parañaque,Platinum,2023-06-23T00:00:00+00:00,2026-02-15T22:17:00+00:00
C01854,Queenie,Tan,queenie.tan1854@example.com,Pasay,Bronze,2023-10-01T00:00:00+00:00,2024-01-01T01:11:00+00:00
C01855,Ben,Lim,ben.lim1855@example.com,Quezon City,Silver,2023-03-16T00:00:00+00:00,2024-05-13T11:21:00+00:00
C01856,Diego,Mercado,diego.mercado1856@example.com,Pasay,Bronze,2023-02-23T00:00:00+00:00,2025-02-20T15:02:00+00:00
C01857,Oscar,Diaz,oscar.diaz1857@example.com,Parañaque,Silver,2023-02-09T00:00:00+00:00,2024-10-25T23:16:00+00:00
C01858,Paolo,Bautista,paolo.bautista1858@example.com,Quezon City,Bronze,2023-06-02T00:00:00+00:00,2025-02-24T06:08:00+00:00
C01859,Ivan,Aquino,ivan.aquino1859@example.com,Makati,Silver,2023-09-26T00:00:00+00:00,2025-06-10T13:12:00+00:00
C01860,Yasmin,Reyes,yasmin.reyes1860@example.com,Makati,Bronze,2023-01-01T00:00:00+00:00,2024-09-07T17:22:00+00:00
C01861,Oscar,Ramos,oscar.ramos1861@example.com,Quezon City,Platinum,2023-05-14T00:00:00+00:00,2024-05-11T08:52:00+00:00
C01862,Oscar,Garcia,oscar.garcia1862@example.com,Mandaluyong,Silver,2023-07-03T00:00:00+00:00,2025-01-25T22:27:00+00:00
C01863,Oscar,Cruz,oscar.cruz1863@example.com,Pasay,Bronze,2023-02-14T00:00:00+00:00,2026-02-22T06:42:00+00:00
C01864,Tomas,Fernandez,tomas.fernandez1864@example.com,Parañaque,Silver,2023-06-10T00:00:00+00:00,2024-08-19T10:49:00+00:00
C01865,Ben,Garcia,ben.garcia1865@example.com,Pasay,Gold,2023-09-18T00:00:00+00:00,2024-04-12T10:00:00+00:00
C01866,Ivan,Garcia,ivan.garcia1866@example.com,Caloocan,Bronze,2023-08-08T00:00:00+00:00,2024-05-05T15:42:00+00:00
C01867,Lara,Fernandez,lara.fernandez1867@example.com,Pasig,Gold,2023-10-16T00:00:00+00:00,2025-11-24T21:15:00+00:00
C01868,Wendy,Cruz,wendy.cruz1868@example.com,Quezon City,Silver,2023-03-03T00:00:00+00:00,2025-01-04T15:28:00+00:00
C01869,Ivan,Navarro,ivan.navarro1869@example.com,Marikina,Bronze,2023-03-19T00:00:00+00:00,2025-09-12T00:36:00+00:00
C01870,Paolo,Mendoza,paolo.mendoza1870@example.com,Marikina,Bronze,2023-09-25T00:00:00+00:00,2025-08-02T23:46:00+00:00
C01871,Victor,Cruz,victor.cruz1871@example.com,Makati,Bronze,2023-08-21T00:00:00+00:00,2026-02-20T17:33:00+00:00
C01872,Tomas,Villanueva,tomas.villanueva1872@example.com,Pasay,Bronze,2023-10-25T00:00:00+00:00,2024-10-04T06:27:00+00:00
C01873,Wendy,Lim,wendy.lim1873@example.com,Taguig,Bronze,2023-07-03T00:00:00+00:00,2025-12-03T16:09:00+00:00
C01874,Victor,Fernandez,victor.fernandez1874@example.com,Caloocan,Silver,2023-10-22T00:00:00+00:00,2026-03-17T18:44:00+00:00
C01875,Sofia,Flores,sofia.flores1875@example.com,Caloocan,Bronze,2023-11-13T00:00:00+00:00,2024-06-15T17:31:00+00:00
C01876,Zoe,Tan,zoe.tan1876@example.com,Mandaluyong,Silver,2023-03-23T00:00:00+00:00,2025-12-07T11:40:00+00:00
C01877,Ella,Santos,ella.santos1877@example.com,Caloocan,Platinum,2023-08-03T00:00:00+00:00,2025-02-16T02:35:00+00:00
C01878,Yasmin,Mercado,yasmin.mercado1878@example.com,Parañaque,Bronze,2023-04-01T00:00:00+00:00,2024-02-04T18:54:00+00:00
C01879,Ana,Tan,ana.tan1879@example.com,Pasay,Silver,2023-11-16T00:00:00+00:00,2024-09-16T07:23:00+00:00
C01880,Victor,Reyes,victor.reyes1880@example.com,Taguig,Silver,2023-04-04T00:00:00+00:00,2024-03-01T10:04:00+00:00
C01881,Hannah,Garcia,hannah.garcia1881@example.com,Mandaluyong,Silver,2023-04-27T00:00:00+00:00,2024-05-01T11:26:00+00:00
C01882,Paolo,Flores,paolo.flores1882@example.com,Makati,Bronze,2023-01-19T00:00:00+00:00,2025-06-10T02:52:00+00:00
C01883,Ivan,Castillo,ivan.castillo1883@example.com,Manila,Silver,2023-08-12T00:00:00+00:00,2025-04-21T08:54:00+00:00
C01884,Ben,Dela Cruz,ben.delacruz1884@example.com,Mandaluyong,Gold,2023-04-19T00:00:00+00:00,2025-09-02T11:49:00+00:00
C01885,Queenie,Castillo,queenie.castillo1885@example.com,Taguig,Silver,2023-12-06T00:00:00+00:00,2024-07-09T14:17:00+00:00
C01886,Ana,Aquino,ana.aquino1886@example.com,Mandaluyong,Bronze,2023-02-20T00:00:00+00:00,2024-06-27T04:41:00+00:00
C01887,Ramon,Reyes,ramon.reyes1887@example.com,Manila,Gold,2023-12-11T00:00:00+00:00,2026-01-05T15:17:00+00:00
C01888,Ana,Ramos,ana.ramos1888@example.com,Manila,Gold,2023-09-27T00:00:00+00:00,2025-06-18T10:34:00+00:00
C01889,Carla,Villanueva,carla.villanueva1889@example.com,Pasig,Silver,2023-04-28T00:00:00+00:00,2024-10-26T21:20:00+00:00
C01890,Ben,Flores,ben.flores1890@example.com,Mandaluyong,Bronze,2023-03-21T00:00:00+00:00,2025-05-25T11:57:00+00:00
C01891,Marco,Santos,marco.santos1891@example.com,Quezon City,Bronze,2023-11-17T00:00:00+00:00,2024-03-28T18:30:00+00:00
C01892,Nina,Lim,nina.lim1892@example.com,Pasay,Silver,2023-11-09T00:00:00+00:00,2024-10-04T16:01:00+00:00
C01893,Hannah,Aquino,hannah.aquino1893@example.com,Caloocan,Silver,2023-01-27T00:00:00+00:00,2024-05-17T15:09:00+00:00
C01894,Victor,Villanueva,victor.villanueva1894@example.com,Makati,Bronze,2023-04-03T00:00:00+00:00,2024-03-16T08:27:00+00:00
C01895,Nina,Aquino,nina.aquino1895@example.com,Pasig,Silver,2023-01-25T00:00:00+00:00,2024-01-21T13:17:00+00:00
C01896,Marco,Castillo,marco.castillo1896@example.com,Caloocan,Bronze,2023-04-25T00:00:00+00:00,2024-10-26T09:50:00+00:00
C01897,Julia,Garcia,julia.garcia1897@example.com,Caloocan,Silver,2023-05-30T00:00:00+00:00,2025-12-13T20:20:00+00:00
C01898,Ramon,Dela Cruz,ramon.delacruz1898@example.com,Quezon City,Silver,2023-10-17T00:00:00+00:00,2025-12-25T08:51:00+00:00
C01899,Lara,Lim,lara.lim1899@example.com,Pasay,Silver,2023-05-25T00:00:00+00:00,2025-02-07T23:41:00+00:00
C01900,Uma,Reyes,uma.reyes1900@example.com,Manila,Silver,2023-03-27T00:00:00+00:00,2025-01-02T20:23:00+00:00
C01901,Yasmin,Tan,yasmin.tan1901@example.com,Manila,Platinum,2023-09-02T00:00:00+00:00,2024-11-15T15:53:00+00:00
C01902,Victor,Bautista,victor.bautista1902@example.com,Marikina,Gold,2023-11-18T00:00:00+00:00,2026-01-03T18:26:00+00:00
C01903,Francis,Castillo,francis.castillo1903@example.com,Caloocan,Bronze,2023-07-01T00:00:00+00:00,2024-03-22T18:00:00+00:00
C01904,Carla,Mercado,carla.mercado1904@example.com,Marikina,Bronze,2023-07-08T00:00:00+00:00,2025-03-16T20:13:00+00:00
C01905,Diego,Diaz,diego.diaz1905@example.com,Marikina,Silver,2023-02-01T00:00:00+00:00,2025-11-27T05:35:00+00:00
C01906,Uma,Fernandez,uma.fernandez1906@example.com,Caloocan,Silver,2023-07-24T00:00:00+00:00,2024-10-20T04:02:00+00:00
C01907,Carla,Torres,carla.torres1907@example.com,Caloocan,Gold,2023-10-19T00:00:00+00:00,2025-09-21T10:03:00+00:00
C01908,Oscar,Mercado,oscar.mercado1908@example.com,Manila,Bronze,2023-01-28T00:00:00+00:00,2025-07-23T06:49:00+00:00
C01909,Ana,Aquino,ana.aquino1909@example.com,Taguig,Silver,2023-05-23T00:00:00+00:00,2026-04-19T15:40:00+00:00
C01910,Victor,Mercado,victor.mercado1910@example.com,Parañaque,Silver,2023-08-19T00:00:00+00:00,2025-02-09T17:52:00+00:00
C01911,Ivan,Villanueva,ivan.villanueva1911@example.com,Manila,Bronze,2023-01-14T00:00:00+00:00,2025-10-31T14:55:00+00:00
C01912,Ben,Dela Cruz,ben.delacruz1912@example.com,Mandaluyong,Bronze,2023-12-08T00:00:00+00:00,2025-07-15T11:24:00+00:00
C01913,Zoe,Diaz,zoe.diaz1913@example.com,Pasig,Gold,2023-10-25T00:00:00+00:00,2025-05-14T08:46:00+00:00
C01914,Zoe,Reyes,zoe.reyes1914@example.com,Caloocan,Silver,2023-05-08T00:00:00+00:00,2025-11-02T15:53:00+00:00
C01915,Francis,Aquino,francis.aquino1915@example.com,Caloocan,Silver,2023-01-31T00:00:00+00:00,2024-12-30T11:42:00+00:00
C01916,Julia,Lim,julia.lim1916@example.com,Quezon City,Bronze,2023-04-30T00:00:00+00:00,2024-04-24T07:35:00+00:00
C01917,Grace,Mercado,grace.mercado1917@example.com,Pasay,Silver,2023-09-15T00:00:00+00:00,2024-01-28T17:26:00+00:00
C01918,Nina,Dela Cruz,nina.delacruz1918@example.com,Parañaque,Gold,2023-05-17T00:00:00+00:00,2024-11-14T14:09:00+00:00
C01919,Grace,Tan,grace.tan1919@example.com,Manila,Bronze,2023-11-29T00:00:00+00:00,2024-01-23T02:40:00+00:00
C01920,Ella,Torres,ella.torres1920@example.com,Manila,Bronze,2023-10-31T00:00:00+00:00,2024-01-16T12:51:00+00:00
C01921,Ramon,Torres,ramon.torres1921@example.com,Parañaque,Bronze,2023-07-31T00:00:00+00:00,2025-05-18T21:21:00+00:00
C01922,Diego,Flores,diego.flores1922@example.com,Makati,Gold,2023-01-03T00:00:00+00:00,2026-01-19T22:32:00+00:00
C01923,Zoe,Pascual,zoe.pascual1923@example.com,Makati,Silver,2023-04-23T00:00:00+00:00,2024-03-12T22:09:00+00:00
C01924,Hannah,Cruz,hannah.cruz1924@example.com,Caloocan,Gold,2023-06-20T00:00:00+00:00,2025-01-22T18:23:00+00:00
C01925,Julia,Aquino,julia.aquino1925@example.com,Pasay,Gold,2023-08-12T00:00:00+00:00,2024-07-09T11:26:00+00:00
C01926,Wendy,Aquino,wendy.aquino1926@example.com,Taguig,Silver,2023-10-13T00:00:00+00:00,2024-02-22T14:40:00+00:00
C01927,Hannah,Fernandez,hannah.fernandez1927@example.com,Parañaque,Bronze,2023-01-02T00:00:00+00:00,2026-03-31T05:44:00+00:00
C01928,Marco,Flores,marco.flores1928@example.com,Parañaque,Bronze,2023-12-29T00:00:00+00:00,2024-05-26T14:56:00+00:00
C01929,Grace,Torres,grace.torres1929@example.com,Pasay,Silver,2023-10-08T00:00:00+00:00,2026-01-18T02:49:00+00:00
C01930,Lara,Flores,lara.flores1930@example.com,Taguig,Gold,2023-12-02T00:00:00+00:00,2025-06-16T07:13:00+00:00
C01931,Carla,Santos,carla.santos1931@example.com,Pasig,Bronze,2023-08-10T00:00:00+00:00,2025-04-18T03:22:00+00:00
C01932,Carla,Cruz,carla.cruz1932@example.com,Caloocan,Bronze,2023-05-21T00:00:00+00:00,2024-07-01T19:46:00+00:00
C01933,Sofia,Tan,sofia.tan1933@example.com,Manila,Gold,2023-10-31T00:00:00+00:00,2024-12-29T21:11:00+00:00
C01934,Lara,Mercado,lara.mercado1934@example.com,Parañaque,Bronze,2023-02-14T00:00:00+00:00,2025-03-07T05:27:00+00:00
C01935,Ben,Mendoza,ben.mendoza1935@example.com,Marikina,Silver,2023-10-03T00:00:00+00:00,2024-04-04T00:14:00+00:00
C01936,Sofia,Villanueva,sofia.villanueva1936@example.com,Parañaque,Gold,2023-12-06T00:00:00+00:00,2024-01-22T10:10:00+00:00
C01937,Grace,Navarro,grace.navarro1937@example.com,Pasay,Gold,2023-08-30T00:00:00+00:00,2025-11-13T20:55:00+00:00
C01938,Ivan,Mercado,ivan.mercado1938@example.com,Quezon City,Bronze,2023-10-12T00:00:00+00:00,2024-12-16T15:57:00+00:00
C01939,Oscar,Flores,oscar.flores1939@example.com,Mandaluyong,Silver,2023-09-12T00:00:00+00:00,2024-05-30T08:06:00+00:00
C01940,Xavier,Santos,xavier.santos1940@example.com,Quezon City,Bronze,2023-08-31T00:00:00+00:00,2026-01-27T03:57:00+00:00
C01941,Uma,Torres,uma.torres1941@example.com,Quezon City,Silver,2023-09-13T00:00:00+00:00,2026-01-20T01:03:00+00:00
C01942,Uma,Lim,uma.lim1942@example.com,Taguig,Gold,2023-11-25T00:00:00+00:00,2024-09-02T13:15:00+00:00
C01943,Queenie,Garcia,queenie.garcia1943@example.com,Parañaque,Bronze,2023-07-10T00:00:00+00:00,2025-05-30T18:31:00+00:00
C01944,Queenie,Cruz,queenie.cruz1944@example.com,Quezon City,Silver,2023-02-18T00:00:00+00:00,2024-06-26T12:35:00+00:00
C01945,Ivan,Mercado,ivan.mercado1945@example.com,Parañaque,Bronze,2023-12-08T00:00:00+00:00,2024-04-11T21:08:00+00:00
C01946,Lara,Santos,lara.santos1946@example.com,Quezon City,Bronze,2023-12-17T00:00:00+00:00,2025-12-02T12:33:00+00:00
C01947,Grace,Torres,grace.torres1947@example.com,Caloocan,Platinum,2023-03-20T00:00:00+00:00,2024-07-03T19:26:00+00:00
C01948,Marco,Lim,marco.lim1948@example.com,Pasig,Bronze,2023-10-25T00:00:00+00:00,2024-12-25T08:35:00+00:00
C01949,Zoe,Tan,zoe.tan1949@example.com,Pasay,Bronze,2023-10-21T00:00:00+00:00,2024-08-04T11:04:00+00:00
C01950,Grace,Bautista,grace.bautista1950@example.com,Quezon City,Silver,2023-04-28T00:00:00+00:00,2024-01-22T22:55:00+00:00
C01951,Kevin,Garcia,kevin.garcia1951@example.com,Quezon City,Silver,2023-07-07T00:00:00+00:00,2026-04-18T11:50:00+00:00
C01952,Yasmin,Castillo,yasmin.castillo1952@example.com,Caloocan,Silver,2023-09-28T00:00:00+00:00,2024-12-31T17:44:00+00:00
C01953,Tomas,Garcia,tomas.garcia1953@example.com,Makati,Silver,2023-02-24T00:00:00+00:00,2026-01-11T07:42:00+00:00
C01954,Ben,Mendoza,ben.mendoza1954@example.com,Marikina,Silver,2023-12-07T00:00:00+00:00,2026-04-28T15:07:00+00:00
C01955,Marco,Ramos,marco.ramos1955@example.com,Taguig,Gold,2023-12-04T00:00:00+00:00,2026-01-08T01:08:00+00:00
C01956,Zoe,Bautista,zoe.bautista1956@example.com,Pasay,Bronze,2023-03-09T00:00:00+00:00,2025-04-14T12:33:00+00:00
C01957,Sofia,Garcia,sofia.garcia1957@example.com,Mandaluyong,Platinum,2023-12-24T00:00:00+00:00,2025-12-14T14:15:00+00:00
C01958,Diego,Ramos,diego.ramos1958@example.com,Parañaque,Bronze,2023-05-30T00:00:00+00:00,2026-04-16T20:33:00+00:00
C01959,Carla,Diaz,carla.diaz1959@example.com,Makati,Bronze,2023-02-19T00:00:00+00:00,2024-08-25T22:41:00+00:00
C01960,Tomas,Diaz,tomas.diaz1960@example.com,Parañaque,Silver,2023-08-25T00:00:00+00:00,2024-04-27T02:39:00+00:00
C01961,Wendy,Flores,wendy.flores1961@example.com,Parañaque,Platinum,2023-02-13T00:00:00+00:00,2025-01-10T23:34:00+00:00
C01962,Kevin,Diaz,kevin.diaz1962@example.com,Parañaque,Gold,2023-09-26T00:00:00+00:00,2024-08-30T17:35:00+00:00
C01963,Grace,Ramos,grace.ramos1963@example.com,Marikina,Silver,2023-08-13T00:00:00+00:00,2025-05-26T00:17:00+00:00
C01964,Hannah,Reyes,hannah.reyes1964@example.com,Mandaluyong,Silver,2023-03-25T00:00:00+00:00,2026-02-12T06:58:00+00:00
C01965,Francis,Navarro,francis.navarro1965@example.com,Pasay,Bronze,2023-02-27T00:00:00+00:00,2024-12-10T22:36:00+00:00
C01966,Queenie,Flores,queenie.flores1966@example.com,Taguig,Gold,2023-07-01T00:00:00+00:00,2025-09-22T07:46:00+00:00
C01967,Uma,Castillo,uma.castillo1967@example.com,Pasig,Bronze,2023-05-19T00:00:00+00:00,2024-04-03T01:17:00+00:00
C01968,Paolo,Flores,paolo.flores1968@example.com,Caloocan,Bronze,2023-01-11T00:00:00+00:00,2025-11-25T21:46:00+00:00
C01969,Victor,Tan,victor.tan1969@example.com,Pasig,Bronze,2023-01-20T00:00:00+00:00,2025-06-15T15:05:00+00:00
C01970,Xavier,Fernandez,xavier.fernandez1970@example.com,Manila,Bronze,2023-12-21T00:00:00+00:00,2026-01-23T20:37:00+00:00
C01971,Diego,Fernandez,diego.fernandez1971@example.com,Pasig,Silver,2023-10-14T00:00:00+00:00,2025-02-24T18:05:00+00:00
C01972,Kevin,Diaz,kevin.diaz1972@example.com,Mandaluyong,Platinum,2023-04-13T00:00:00+00:00,2025-01-22T12:59:00+00:00
C01973,Xavier,Aquino,xavier.aquino1973@example.com,Taguig,Silver,2023-03-31T00:00:00+00:00,2024-10-24T10:09:00+00:00
C01974,Ella,Santos,ella.santos1974@example.com,Manila,Silver,2023-08-06T00:00:00+00:00,2025-06-17T06:26:00+00:00
C01975,Julia,Navarro,julia.navarro1975@example.com,Pasay,Bronze,2023-01-29T00:00:00+00:00,2025-11-15T09:39:00+00:00
C01976,Ella,Bautista,ella.bautista1976@example.com,Makati,Bronze,2023-03-28T00:00:00+00:00,2024-06-16T04:31:00+00:00
C01977,Oscar,Aquino,oscar.aquino1977@example.com,Taguig,Bronze,2023-01-18T00:00:00+00:00,2024-05-29T06:23:00+00:00
C01978,Xavier,Tan,xavier.tan1978@example.com,Pasay,Silver,2023-01-24T00:00:00+00:00,2025-08-09T07:42:00+00:00
C01979,Yasmin,Garcia,yasmin.garcia1979@example.com,Mandaluyong,Bronze,2023-07-08T00:00:00+00:00,2025-04-04T17:16:00+00:00
C01980,Wendy,Fernandez,wendy.fernandez1980@example.com,Mandaluyong,Bronze,2023-11-23T00:00:00+00:00,2026-04-17T09:15:00+00:00
C01981,Lara,Garcia,lara.garcia1981@example.com,Pasay,Silver,2023-02-26T00:00:00+00:00,2024-11-06T13:39:00+00:00
C01982,Wendy,Castillo,wendy.castillo1982@example.com,Quezon City,Bronze,2023-11-20T00:00:00+00:00,2024-02-25T21:35:00+00:00
C01983,Grace,Fernandez,grace.fernandez1983@example.com,Quezon City,Bronze,2023-11-14T00:00:00+00:00,2025-11-28T16:30:00+00:00
C01984,Grace,Garcia,grace.garcia1984@example.com,Caloocan,Gold,2023-12-17T00:00:00+00:00,2025-08-13T12:24:00+00:00
C01985,Lara,Garcia,lara.garcia1985@example.com,Pasay,Bronze,2023-05-01T00:00:00+00:00,2025-03-05T00:44:00+00:00
C01986,Paolo,Castillo,paolo.castillo1986@example.com,Caloocan,Silver,2023-06-01T00:00:00+00:00,2024-06-30T21:41:00+00:00
C01987,Carla,Aquino,carla.aquino1987@example.com,Makati,Silver,2023-08-06T00:00:00+00:00,2024-07-12T17:13:00+00:00
C01988,Grace,Diaz,grace.diaz1988@example.com,Pasig,Gold,2023-08-28T00:00:00+00:00,2024-01-31T12:51:00+00:00
C01989,Queenie,Navarro,queenie.navarro1989@example.com,Manila,Silver,2023-03-28T00:00:00+00:00,2025-05-15T05:29:00+00:00
C01990,Paolo,Lim,paolo.lim1990@example.com,Mandaluyong,Silver,2023-01-16T00:00:00+00:00,2024-07-22T23:38:00+00:00
C01991,Marco,Navarro,marco.navarro1991@example.com,Quezon City,Bronze,2023-11-07T00:00:00+00:00,2024-04-03T06:34:00+00:00
C01992,Tomas,Pascual,tomas.pascual1992@example.com,Mandaluyong,Silver,2023-10-12T00:00:00+00:00,2024-02-29T12:37:00+00:00
C01993,Lara,Bautista,lara.bautista1993@example.com,Manila,Platinum,2023-04-20T00:00:00+00:00,2025-08-06T15:17:00+00:00
C01994,Zoe,Reyes,zoe.reyes1994@example.com,Pasig,Bronze,2023-07-28T00:00:00+00:00,2026-03-19T08:56:00+00:00
C01995,Tomas,Flores,tomas.flores1995@example.com,Makati,Silver,2023-10-05T00:00:00+00:00,2024-06-11T07:58:00+00:00
C01996,Ramon,Santos,ramon.santos1996@example.com,Makati,Bronze,2023-08-10T00:00:00+00:00,2025-03-17T14:09:00+00:00
C01997,Grace,Castillo,grace.castillo1997@example.com,Makati,Bronze,2023-03-15T00:00:00+00:00,2024-01-14T12:46:00+00:00
C01998,Yasmin,Santos,yasmin.santos1998@example.com,Parañaque,Bronze,2023-02-21T00:00:00+00:00,2024-06-03T01:21:00+00:00
C01999,Xavier,Aquino,xavier.aquino1999@example.com,Marikina,Platinum,2023-09-17T00:00:00+00:00,2024-04-21T05:26:00+00:00
C02000,Tomas,Dela Cruz,tomas.delacruz2000@example.com,Makati,Silver,2023-03-20T00:00:00+00:00,2025-04-02T19:50:00+00:00
C02001,Paolo,Reyes,paolo.reyes2001@example.com,Taguig,Silver,2023-02-02T00:00:00+00:00,2025-12-23T21:46:00+00:00
C02002,Victor,Mercado,victor.mercado2002@example.com,Taguig,Silver,2023-04-07T00:00:00+00:00,2024-07-12T16:02:00+00:00
C02003,Paolo,Dela Cruz,paolo.delacruz2003@example.com,Marikina,Bronze,2023-07-13T00:00:00+00:00,2025-12-19T17:19:00+00:00
C02004,Uma,Villanueva,uma.villanueva2004@example.com,Parañaque,Silver,2023-04-20T00:00:00+00:00,2025-11-11T10:29:00+00:00
C02005,Ivan,Diaz,ivan.diaz2005@example.com,Manila,Bronze,2023-08-25T00:00:00+00:00,2025-10-12T23:03:00+00:00
C02006,Wendy,Santos,wendy.santos2006@example.com,Makati,Silver,2023-07-11T00:00:00+00:00,2025-06-13T22:09:00+00:00
C02007,Lara,Navarro,lara.navarro2007@example.com,Pasay,Bronze,2023-03-08T00:00:00+00:00,2025-02-20T18:10:00+00:00
C02008,Diego,Navarro,diego.navarro2008@example.com,Caloocan,Bronze,2023-08-17T00:00:00+00:00,2024-07-19T10:53:00+00:00
C02009,Yasmin,Diaz,yasmin.diaz2009@example.com,Quezon City,Bronze,2023-03-01T00:00:00+00:00,2024-05-06T19:16:00+00:00
C02010,Tomas,Tan,tomas.tan2010@example.com,Mandaluyong,Gold,2023-04-30T00:00:00+00:00,2024-01-29T19:00:00+00:00
C02011,Ben,Aquino,ben.aquino2011@example.com,Pasay,Bronze,2023-12-08T00:00:00+00:00,2025-05-23T22:23:00+00:00
C02012,Zoe,Aquino,zoe.aquino2012@example.com,Parañaque,Bronze,2023-08-26T00:00:00+00:00,2024-11-04T08:43:00+00:00
C02013,Ivan,Torres,ivan.torres2013@example.com,Mandaluyong,Platinum,2023-01-19T00:00:00+00:00,2025-02-17T19:42:00+00:00
C02014,Grace,Villanueva,grace.villanueva2014@example.com,Pasay,Bronze,2023-12-26T00:00:00+00:00,2025-10-14T12:43:00+00:00
C02015,Ivan,Santos,ivan.santos2015@example.com,Caloocan,Bronze,2023-07-03T00:00:00+00:00,2025-02-22T22:09:00+00:00
C02016,Xavier,Garcia,xavier.garcia2016@example.com,Mandaluyong,Gold,2023-04-14T00:00:00+00:00,2024-06-17T05:06:00+00:00
C02017,Ivan,Aquino,ivan.aquino2017@example.com,Manila,Silver,2023-06-15T00:00:00+00:00,2024-12-03T22:59:00+00:00
C02018,Ivan,Diaz,ivan.diaz2018@example.com,Pasay,Bronze,2023-06-28T00:00:00+00:00,2024-06-30T12:54:00+00:00
C02019,Lara,Lim,lara.lim2019@example.com,Manila,Silver,2023-11-26T00:00:00+00:00,2025-05-06T20:41:00+00:00
C02020,Oscar,Mercado,oscar.mercado2020@example.com,Quezon City,Gold,2023-01-10T00:00:00+00:00,2026-01-14T14:24:00+00:00
C02021,Kevin,Navarro,kevin.navarro2021@example.com,Marikina,Gold,2023-03-26T00:00:00+00:00,2024-09-07T13:33:00+00:00
C02022,Sofia,Castillo,sofia.castillo2022@example.com,Pasay,Bronze,2023-07-26T00:00:00+00:00,2025-10-21T05:40:00+00:00
C02023,Ramon,Diaz,ramon.diaz2023@example.com,Mandaluyong,Bronze,2023-08-15T00:00:00+00:00,2024-07-18T19:44:00+00:00
C02024,Ramon,Lim,ramon.lim2024@example.com,Pasig,Bronze,2023-10-11T00:00:00+00:00,2024-03-03T12:31:00+00:00
C02025,Uma,Fernandez,uma.fernandez2025@example.com,Makati,Bronze,2023-10-08T00:00:00+00:00,2024-05-20T00:25:00+00:00
C02026,Lara,Reyes,lara.reyes2026@example.com,Taguig,Bronze,2023-06-10T00:00:00+00:00,2024-09-18T23:14:00+00:00
C02027,Oscar,Fernandez,oscar.fernandez2027@example.com,Caloocan,Bronze,2023-04-04T00:00:00+00:00,2026-04-02T14:51:00+00:00
C02028,Tomas,Mercado,tomas.mercado2028@example.com,Pasig,Bronze,2023-02-07T00:00:00+00:00,2024-12-19T20:52:00+00:00
C02029,Julia,Pascual,julia.pascual2029@example.com,Makati,Bronze,2023-01-23T00:00:00+00:00,2025-05-23T13:23:00+00:00
C02030,Grace,Bautista,grace.bautista2030@example.com,Marikina,Gold,2023-08-18T00:00:00+00:00,2025-11-04T17:03:00+00:00
C02031,Sofia,Castillo,sofia.castillo2031@example.com,Makati,Gold,2023-11-24T00:00:00+00:00,2024-08-01T10:23:00+00:00
C02032,Wendy,Castillo,wendy.castillo2032@example.com,Parañaque,Gold,2023-06-13T00:00:00+00:00,2024-08-13T02:12:00+00:00
C02033,Ivan,Garcia,ivan.garcia2033@example.com,Pasig,Gold,2023-08-26T00:00:00+00:00,2026-02-13T22:20:00+00:00
C02034,Ana,Santos,ana.santos2034@example.com,Marikina,Gold,2023-02-04T00:00:00+00:00,2025-12-04T03:53:00+00:00
C02035,Ana,Torres,ana.torres2035@example.com,Makati,Gold,2023-12-26T00:00:00+00:00,2025-06-13T00:49:00+00:00
C02036,Marco,Lim,marco.lim2036@example.com,Taguig,Bronze,2023-03-15T00:00:00+00:00,2025-04-17T01:51:00+00:00
C02037,Oscar,Torres,oscar.torres2037@example.com,Caloocan,Bronze,2023-05-22T00:00:00+00:00,2024-08-20T09:16:00+00:00
C02038,Grace,Reyes,grace.reyes2038@example.com,Taguig,Bronze,2023-04-06T00:00:00+00:00,2024-08-19T15:38:00+00:00
C02039,Ella,Tan,ella.tan2039@example.com,Pasig,Silver,2023-01-19T00:00:00+00:00,2026-01-22T22:27:00+00:00
C02040,Julia,Torres,julia.torres2040@example.com,Pasay,Bronze,2023-03-22T00:00:00+00:00,2025-01-25T02:39:00+00:00
C02041,Ramon,Cruz,ramon.cruz2041@example.com,Makati,Bronze,2023-02-07T00:00:00+00:00,2026-02-23T22:48:00+00:00
C02042,Ben,Fernandez,ben.fernandez2042@example.com,Taguig,Bronze,2023-03-03T00:00:00+00:00,2025-06-21T13:55:00+00:00
C02043,Wendy,Diaz,wendy.diaz2043@example.com,Mandaluyong,Platinum,2023-04-29T00:00:00+00:00,2024-09-18T15:07:00+00:00
C02044,Tomas,Reyes,tomas.reyes2044@example.com,Manila,Gold,2023-06-10T00:00:00+00:00,2025-11-26T19:56:00+00:00
C02045,Hannah,Tan,hannah.tan2045@example.com,Makati,Gold,2023-03-09T00:00:00+00:00,2024-06-21T12:44:00+00:00
C02046,Lara,Lim,lara.lim2046@example.com,Makati,Silver,2023-08-22T00:00:00+00:00,2025-03-31T06:04:00+00:00
C02047,Wendy,Mendoza,wendy.mendoza2047@example.com,Pasig,Gold,2023-03-07T00:00:00+00:00,2025-04-23T04:11:00+00:00
C02048,Ben,Castillo,ben.castillo2048@example.com,Caloocan,Bronze,2023-04-23T00:00:00+00:00,2026-03-01T01:30:00+00:00
C02049,Uma,Navarro,uma.navarro2049@example.com,Pasay,Silver,2023-12-09T00:00:00+00:00,2026-01-18T20:05:00+00:00
C02050,Ivan,Mendoza,ivan.mendoza2050@example.com,Quezon City,Gold,2023-07-27T00:00:00+00:00,2025-09-08T23:39:00+00:00
C02051,Julia,Villanueva,julia.villanueva2051@example.com,Mandaluyong,Gold,2023-04-29T00:00:00+00:00,2026-01-22T23:45:00+00:00
C02052,Diego,Flores,diego.flores2052@example.com,Makati,Gold,2023-05-21T00:00:00+00:00,2024-04-07T12:30:00+00:00
C02053,Paolo,Lim,paolo.lim2053@example.com,Taguig,Gold,2023-08-17T00:00:00+00:00,2026-01-09T21:40:00+00:00
C02054,Marco,Garcia,marco.garcia2054@example.com,Parañaque,Silver,2023-01-13T00:00:00+00:00,2025-06-15T13:36:00+00:00
C02055,Oscar,Dela Cruz,oscar.delacruz2055@example.com,Caloocan,Bronze,2023-12-19T00:00:00+00:00,2024-09-23T04:38:00+00:00
C02056,Kevin,Lim,kevin.lim2056@example.com,Pasig,Bronze,2023-04-24T00:00:00+00:00,2024-09-26T20:29:00+00:00
C02057,Tomas,Cruz,tomas.cruz2057@example.com,Quezon City,Silver,2023-09-03T00:00:00+00:00,2024-05-09T22:13:00+00:00
C02058,Ella,Garcia,ella.garcia2058@example.com,Pasay,Gold,2023-02-18T00:00:00+00:00,2024-03-22T15:03:00+00:00
C02059,Francis,Mercado,francis.mercado2059@example.com,Makati,Bronze,2023-07-15T00:00:00+00:00,2025-01-04T01:56:00+00:00
C02060,Victor,Pascual,victor.pascual2060@example.com,Manila,Platinum,2023-05-15T00:00:00+00:00,2024-10-19T10:11:00+00:00
C02061,Ana,Tan,ana.tan2061@example.com,Parañaque,Bronze,2023-10-18T00:00:00+00:00,2024-08-24T11:21:00+00:00
C02062,Ella,Aquino,ella.aquino2062@example.com,Pasig,Silver,2023-08-09T00:00:00+00:00,2024-05-29T09:07:00+00:00
C02063,Ana,Bautista,ana.bautista2063@example.com,Manila,Gold,2023-03-15T00:00:00+00:00,2025-12-30T10:45:00+00:00
C02064,Paolo,Dela Cruz,paolo.delacruz2064@example.com,Marikina,Silver,2023-12-05T00:00:00+00:00,2025-09-29T17:54:00+00:00
C02065,Carla,Villanueva,carla.villanueva2065@example.com,Marikina,Bronze,2023-05-20T00:00:00+00:00,2026-03-17T12:20:00+00:00
C02066,Ana,Villanueva,ana.villanueva2066@example.com,Caloocan,Bronze,2023-11-22T00:00:00+00:00,2025-05-06T14:14:00+00:00
C02067,Grace,Villanueva,grace.villanueva2067@example.com,Pasig,Bronze,2023-07-06T00:00:00+00:00,2024-08-24T03:56:00+00:00
C02068,Zoe,Mendoza,zoe.mendoza2068@example.com,Pasig,Bronze,2023-01-29T00:00:00+00:00,2025-09-12T22:05:00+00:00
C02069,Ivan,Mendoza,ivan.mendoza2069@example.com,Caloocan,Bronze,2023-08-04T00:00:00+00:00,2025-02-13T13:55:00+00:00
C02070,Grace,Lim,grace.lim2070@example.com,Caloocan,Silver,2023-07-08T00:00:00+00:00,2025-12-30T05:06:00+00:00
C02071,Lara,Mendoza,lara.mendoza2071@example.com,Manila,Silver,2023-02-15T00:00:00+00:00,2024-07-26T18:36:00+00:00
C02072,Ella,Villanueva,ella.villanueva2072@example.com,Marikina,Bronze,2023-05-01T00:00:00+00:00,2024-12-02T08:03:00+00:00
C02073,Kevin,Cruz,kevin.cruz2073@example.com,Pasay,Silver,2023-05-06T00:00:00+00:00,2025-10-18T18:44:00+00:00
C02074,Ana,Fernandez,ana.fernandez2074@example.com,Manila,Silver,2023-07-23T00:00:00+00:00,2024-07-04T06:16:00+00:00
C02075,Francis,Mercado,francis.mercado2075@example.com,Parañaque,Bronze,2023-01-30T00:00:00+00:00,2025-05-17T15:05:00+00:00
C02076,Queenie,Tan,queenie.tan2076@example.com,Taguig,Gold,2023-01-31T00:00:00+00:00,2024-10-30T13:29:00+00:00
C02077,Carla,Flores,carla.flores2077@example.com,Parañaque,Gold,2023-04-10T00:00:00+00:00,2025-02-15T05:41:00+00:00
C02078,Sofia,Villanueva,sofia.villanueva2078@example.com,Parañaque,Gold,2023-01-01T00:00:00+00:00,2025-02-16T02:47:00+00:00
C02079,Oscar,Ramos,oscar.ramos2079@example.com,Manila,Gold,2023-01-29T00:00:00+00:00,2025-10-23T08:45:00+00:00
C02080,Ana,Diaz,ana.diaz2080@example.com,Manila,Gold,2023-01-08T00:00:00+00:00,2025-11-01T09:13:00+00:00
C02081,Ella,Cruz,ella.cruz2081@example.com,Taguig,Silver,2023-02-20T00:00:00+00:00,2024-11-22T03:24:00+00:00
C02082,Diego,Cruz,diego.cruz2082@example.com,Parañaque,Bronze,2023-04-24T00:00:00+00:00,2024-07-19T14:46:00+00:00
C02083,Francis,Dela Cruz,francis.delacruz2083@example.com,Parañaque,Bronze,2023-11-05T00:00:00+00:00,2024-12-25T09:22:00+00:00
C02084,Zoe,Garcia,zoe.garcia2084@example.com,Caloocan,Bronze,2023-10-27T00:00:00+00:00,2024-12-04T17:49:00+00:00
C02085,Julia,Lim,julia.lim2085@example.com,Makati,Bronze,2023-02-13T00:00:00+00:00,2024-05-01T14:34:00+00:00
C02086,Nina,Fernandez,nina.fernandez2086@example.com,Pasig,Bronze,2023-12-09T00:00:00+00:00,2024-02-26T11:21:00+00:00
C02087,Uma,Lim,uma.lim2087@example.com,Manila,Gold,2024-01-01T00:00:00+00:00,2025-12-03T04:47:00+00:00
C02088,Diego,Lim,diego.lim2088@example.com,Pasig,Bronze,2023-09-10T00:00:00+00:00,2024-05-28T03:12:00+00:00
C02089,Yasmin,Flores,yasmin.flores2089@example.com,Taguig,Gold,2023-04-26T00:00:00+00:00,2025-07-22T08:10:00+00:00
C02090,Ben,Ramos,ben.ramos2090@example.com,Pasay,Platinum,2023-12-19T00:00:00+00:00,2026-02-10T03:04:00+00:00
C02091,Lara,Ramos,lara.ramos2091@example.com,Caloocan,Silver,2023-03-21T00:00:00+00:00,2024-03-07T16:28:00+00:00
C02092,Carla,Castillo,carla.castillo2092@example.com,Manila,Gold,2023-04-22T00:00:00+00:00,2026-04-25T10:02:00+00:00
C02093,Zoe,Lim,zoe.lim2093@example.com,Makati,Bronze,2023-12-08T00:00:00+00:00,2024-11-12T16:22:00+00:00
C02094,Sofia,Ramos,sofia.ramos2094@example.com,Caloocan,Bronze,2023-06-22T00:00:00+00:00,2024-05-31T05:22:00+00:00
C02095,Paolo,Reyes,paolo.reyes2095@example.com,Caloocan,Gold,2023-11-18T00:00:00+00:00,2025-07-22T09:35:00+00:00
C02096,Marco,Bautista,marco.bautista2096@example.com,Manila,Gold,2023-10-18T00:00:00+00:00,2025-10-07T13:36:00+00:00
C02097,Paolo,Pascual,paolo.pascual2097@example.com,Pasig,Bronze,2023-11-03T00:00:00+00:00,2026-02-15T05:48:00+00:00
C02098,Hannah,Dela Cruz,hannah.delacruz2098@example.com,Pasig,Gold,2023-10-02T00:00:00+00:00,2024-07-03T17:34:00+00:00
C02099,Hannah,Aquino,hannah.aquino2099@example.com,Pasig,Gold,2023-11-26T00:00:00+00:00,2025-04-21T17:36:00+00:00
C02100,Wendy,Castillo,wendy.castillo2100@example.com,Pasay,Silver,2023-09-01T00:00:00+00:00,2025-11-26T17:06:00+00:00
C02101,Nina,Aquino,nina.aquino2101@example.com,Parañaque,Bronze,2023-09-16T00:00:00+00:00,2024-12-29T07:17:00+00:00
C02102,Ella,Diaz,ella.diaz2102@example.com,Pasay,Bronze,2023-03-05T00:00:00+00:00,2025-03-28T11:20:00+00:00
C02103,Ramon,Mercado,ramon.mercado2103@example.com,Manila,Bronze,2023-04-01T00:00:00+00:00,2025-12-27T02:28:00+00:00
C02104,Ben,Mendoza,ben.mendoza2104@example.com,Caloocan,Bronze,2023-12-05T00:00:00+00:00,2024-08-09T09:29:00+00:00
C02105,Ben,Cruz,ben.cruz2105@example.com,Parañaque,Bronze,2023-08-20T00:00:00+00:00,2024-03-12T04:25:00+00:00
C02106,Paolo,Diaz,paolo.diaz2106@example.com,Manila,Bronze,2023-03-01T00:00:00+00:00,2024-01-04T02:37:00+00:00
C02107,Xavier,Garcia,xavier.garcia2107@example.com,Caloocan,Bronze,2023-04-17T00:00:00+00:00,2024-09-10T12:50:00+00:00
C02108,Yasmin,Torres,yasmin.torres2108@example.com,Mandaluyong,Silver,2023-05-13T00:00:00+00:00,2024-01-29T11:16:00+00:00
C02109,Grace,Mendoza,grace.mendoza2109@example.com,Pasay,Bronze,2023-02-25T00:00:00+00:00,2024-11-10T01:13:00+00:00
C02110,Francis,Lim,francis.lim2110@example.com,Quezon City,Bronze,2023-09-02T00:00:00+00:00,2024-10-07T05:44:00+00:00
C02111,Victor,Tan,victor.tan2111@example.com,Pasay,Silver,2023-03-30T00:00:00+00:00,2024-09-23T19:38:00+00:00
C02112,Victor,Mendoza,victor.mendoza2112@example.com,Taguig,Bronze,2023-10-04T00:00:00+00:00,2025-03-28T02:22:00+00:00
C02113,Uma,Fernandez,uma.fernandez2113@example.com,Manila,Bronze,2023-08-14T00:00:00+00:00,2025-11-25T06:50:00+00:00
C02114,Ben,Diaz,ben.diaz2114@example.com,Mandaluyong,Bronze,2023-11-24T00:00:00+00:00,2026-04-29T23:06:00+00:00
C02115,Diego,Mercado,diego.mercado2115@example.com,Taguig,Silver,2023-12-30T00:00:00+00:00,2026-04-20T11:20:00+00:00
C02116,Nina,Aquino,nina.aquino2116@example.com,Parañaque,Bronze,2023-07-21T00:00:00+00:00,2025-11-11T20:00:00+00:00
C02117,Wendy,Ramos,wendy.ramos2117@example.com,Marikina,Gold,2023-01-09T00:00:00+00:00,2024-05-09T21:32:00+00:00
C02118,Hannah,Lim,hannah.lim2118@example.com,Taguig,Silver,2023-02-11T00:00:00+00:00,2026-03-29T17:50:00+00:00
C02119,Julia,Ramos,julia.ramos2119@example.com,Marikina,Bronze,2023-09-30T00:00:00+00:00,2024-10-29T05:46:00+00:00
C02120,Queenie,Tan,queenie.tan2120@example.com,Manila,Bronze,2023-03-01T00:00:00+00:00,2025-04-06T02:29:00+00:00
C02121,Wendy,Navarro,wendy.navarro2121@example.com,Pasig,Gold,2023-02-28T00:00:00+00:00,2026-04-14T05:24:00+00:00
C02122,Nina,Bautista,nina.bautista2122@example.com,Manila,Bronze,2023-10-24T00:00:00+00:00,2025-11-30T16:14:00+00:00
C02123,Ben,Dela Cruz,ben.delacruz2123@example.com,Parañaque,Bronze,2023-07-02T00:00:00+00:00,2026-02-16T15:56:00+00:00
C02124,Marco,Mendoza,marco.mendoza2124@example.com,Quezon City,Platinum,2023-10-08T00:00:00+00:00,2025-08-14T05:13:00+00:00
C02125,Yasmin,Garcia,yasmin.garcia2125@example.com,Quezon City,Silver,2023-02-13T00:00:00+00:00,2025-07-21T11:05:00+00:00
C02126,Nina,Tan,nina.tan2126@example.com,Manila,Silver,2023-03-08T00:00:00+00:00,2025-09-20T11:29:00+00:00
C02127,Sofia,Flores,sofia.flores2127@example.com,Caloocan,Gold,2023-10-06T00:00:00+00:00,2024-10-30T14:13:00+00:00
C02128,Carla,Santos,carla.santos2128@example.com,Taguig,Bronze,2023-03-06T00:00:00+00:00,2024-07-14T07:28:00+00:00
C02129,Oscar,Reyes,oscar.reyes2129@example.com,Marikina,Platinum,2023-01-12T00:00:00+00:00,2026-02-07T05:09:00+00:00
C02130,Carla,Diaz,carla.diaz2130@example.com,Pasay,Bronze,2023-07-31T00:00:00+00:00,2026-02-12T08:53:00+00:00
C02131,Paolo,Navarro,paolo.navarro2131@example.com,Pasay,Bronze,2023-01-01T00:00:00+00:00,2026-03-09T05:08:00+00:00
C02132,Julia,Pascual,julia.pascual2132@example.com,Quezon City,Bronze,2023-01-07T00:00:00+00:00,2025-06-08T01:07:00+00:00
C02133,Victor,Bautista,victor.bautista2133@example.com,Pasay,Bronze,2023-05-16T00:00:00+00:00,2025-08-01T20:08:00+00:00
C02134,Hannah,Mercado,hannah.mercado2134@example.com,Quezon City,Bronze,2023-11-14T00:00:00+00:00,2026-01-09T15:54:00+00:00
C02135,Paolo,Torres,paolo.torres2135@example.com,Mandaluyong,Gold,2023-11-24T00:00:00+00:00,2024-08-17T16:26:00+00:00
C02136,Francis,Bautista,francis.bautista2136@example.com,Makati,Gold,2023-04-13T00:00:00+00:00,2026-02-09T02:31:00+00:00
C02137,Uma,Tan,uma.tan2137@example.com,Pasig,Gold,2023-04-26T00:00:00+00:00,2024-11-26T04:12:00+00:00
C02138,Wendy,Aquino,wendy.aquino2138@example.com,Mandaluyong,Bronze,2023-12-22T00:00:00+00:00,2024-09-12T15:21:00+00:00
C02139,Oscar,Reyes,oscar.reyes2139@example.com,Taguig,Platinum,2023-11-10T00:00:00+00:00,2024-05-15T04:50:00+00:00
C02140,Xavier,Bautista,xavier.bautista2140@example.com,Marikina,Bronze,2023-08-03T00:00:00+00:00,2025-08-26T23:54:00+00:00
C02141,Ben,Garcia,ben.garcia2141@example.com,Parañaque,Silver,2023-07-04T00:00:00+00:00,2026-03-13T18:55:00+00:00
C02142,Wendy,Aquino,wendy.aquino2142@example.com,Caloocan,Gold,2023-10-05T00:00:00+00:00,2024-01-18T18:11:00+00:00
C02143,Diego,Cruz,diego.cruz2143@example.com,Taguig,Gold,2023-04-18T00:00:00+00:00,2024-01-27T02:26:00+00:00
C02144,Victor,Villanueva,victor.villanueva2144@example.com,Pasig,Bronze,2023-08-16T00:00:00+00:00,2025-03-13T06:16:00+00:00
C02145,Uma,Flores,uma.flores2145@example.com,Makati,Silver,2023-03-31T00:00:00+00:00,2025-04-20T06:03:00+00:00
C02146,Sofia,Mendoza,sofia.mendoza2146@example.com,Parañaque,Bronze,2023-05-24T00:00:00+00:00,2024-05-04T03:55:00+00:00
C02147,Sofia,Santos,sofia.santos2147@example.com,Mandaluyong,Bronze,2023-04-06T00:00:00+00:00,2025-10-10T12:16:00+00:00
C02148,Francis,Mercado,francis.mercado2148@example.com,Marikina,Gold,2023-11-01T00:00:00+00:00,2025-11-16T10:58:00+00:00
C02149,Ben,Ramos,ben.ramos2149@example.com,Makati,Bronze,2023-09-18T00:00:00+00:00,2024-07-21T16:03:00+00:00
C02150,Victor,Lim,victor.lim2150@example.com,Pasig,Gold,2023-05-17T00:00:00+00:00,2025-02-20T20:27:00+00:00
C02151,Tomas,Cruz,tomas.cruz2151@example.com,Quezon City,Bronze,2023-12-22T00:00:00+00:00,2024-02-25T17:37:00+00:00
C02152,Diego,Lim,diego.lim2152@example.com,Parañaque,Bronze,2023-10-21T00:00:00+00:00,2025-07-11T12:45:00+00:00
C02153,Grace,Diaz,grace.diaz2153@example.com,Caloocan,Bronze,2023-01-01T00:00:00+00:00,2024-11-10T11:01:00+00:00
C02154,Diego,Mercado,diego.mercado2154@example.com,Pasig,Silver,2023-07-16T00:00:00+00:00,2026-03-18T09:03:00+00:00
C02155,Ana,Dela Cruz,ana.delacruz2155@example.com,Pasig,Bronze,2023-03-01T00:00:00+00:00,2025-04-03T11:45:00+00:00
C02156,Paolo,Aquino,paolo.aquino2156@example.com,Makati,Silver,2023-01-25T00:00:00+00:00,2025-07-24T20:23:00+00:00
C02157,Queenie,Fernandez,queenie.fernandez2157@example.com,Mandaluyong,Silver,2023-02-23T00:00:00+00:00,2024-06-10T14:48:00+00:00
C02158,Ben,Navarro,ben.navarro2158@example.com,Manila,Silver,2023-04-21T00:00:00+00:00,2025-04-21T10:12:00+00:00
C02159,Sofia,Santos,sofia.santos2159@example.com,Pasig,Gold,2023-12-17T00:00:00+00:00,2024-03-16T20:02:00+00:00
C02160,Paolo,Diaz,paolo.diaz2160@example.com,Pasay,Silver,2023-09-13T00:00:00+00:00,2026-02-25T00:33:00+00:00
C02161,Ella,Torres,ella.torres2161@example.com,Manila,Gold,2023-11-03T00:00:00+00:00,2024-03-18T07:27:00+00:00
C02162,Queenie,Reyes,queenie.reyes2162@example.com,Pasay,Silver,2023-07-20T00:00:00+00:00,2024-12-07T16:38:00+00:00
C02163,Nina,Fernandez,nina.fernandez2163@example.com,Parañaque,Gold,2023-03-31T00:00:00+00:00,2025-02-21T04:36:00+00:00
C02164,Marco,Mendoza,marco.mendoza2164@example.com,Pasay,Bronze,2023-03-22T00:00:00+00:00,2025-01-17T20:04:00+00:00
C02165,Francis,Navarro,francis.navarro2165@example.com,Mandaluyong,Bronze,2023-09-30T00:00:00+00:00,2025-06-29T02:44:00+00:00
C02166,Sofia,Diaz,sofia.diaz2166@example.com,Manila,Bronze,2023-10-04T00:00:00+00:00,2025-08-12T02:09:00+00:00
C02167,Lara,Torres,lara.torres2167@example.com,Taguig,Silver,2023-08-12T00:00:00+00:00,2024-01-29T11:00:00+00:00
C02168,Diego,Lim,diego.lim2168@example.com,Manila,Bronze,2023-02-03T00:00:00+00:00,2024-03-27T18:07:00+00:00
C02169,Xavier,Torres,xavier.torres2169@example.com,Mandaluyong,Gold,2023-04-02T00:00:00+00:00,2024-01-05T08:39:00+00:00
C02170,Sofia,Reyes,sofia.reyes2170@example.com,Pasay,Gold,2023-05-06T00:00:00+00:00,2025-02-04T11:40:00+00:00
C02171,Francis,Diaz,francis.diaz2171@example.com,Parañaque,Silver,2023-06-19T00:00:00+00:00,2025-11-11T05:58:00+00:00
C02172,Carla,Pascual,carla.pascual2172@example.com,Mandaluyong,Platinum,2023-09-14T00:00:00+00:00,2025-07-30T19:15:00+00:00
C02173,Ella,Aquino,ella.aquino2173@example.com,Marikina,Silver,2023-06-07T00:00:00+00:00,2024-12-01T09:30:00+00:00
C02174,Ana,Aquino,ana.aquino2174@example.com,Taguig,Platinum,2023-08-21T00:00:00+00:00,2024-12-16T05:34:00+00:00
C02175,Xavier,Garcia,xavier.garcia2175@example.com,Marikina,Bronze,2023-10-22T00:00:00+00:00,2025-12-24T14:59:00+00:00
C02176,Ben,Cruz,ben.cruz2176@example.com,Marikina,Bronze,2023-09-16T00:00:00+00:00,2024-05-25T14:32:00+00:00
C02177,Queenie,Cruz,queenie.cruz2177@example.com,Taguig,Gold,2023-05-06T00:00:00+00:00,2025-07-26T17:16:00+00:00
C02178,Ben,Aquino,ben.aquino2178@example.com,Mandaluyong,Silver,2023-10-19T00:00:00+00:00,2025-07-30T14:13:00+00:00
C02179,Paolo,Mendoza,paolo.mendoza2179@example.com,Parañaque,Gold,2023-07-15T00:00:00+00:00,2026-01-30T02:50:00+00:00
C02180,Oscar,Aquino,oscar.aquino2180@example.com,Makati,Gold,2023-10-22T00:00:00+00:00,2024-05-14T13:55:00+00:00
C02181,Yasmin,Diaz,yasmin.diaz2181@example.com,Makati,Silver,2023-03-16T00:00:00+00:00,2026-01-16T08:00:00+00:00
C02182,Julia,Torres,julia.torres2182@example.com,Makati,Gold,2023-03-16T00:00:00+00:00,2026-01-30T21:34:00+00:00
C02183,Tomas,Lim,tomas.lim2183@example.com,Manila,Silver,2023-10-31T00:00:00+00:00,2025-01-26T23:51:00+00:00
C02184,Marco,Mercado,marco.mercado2184@example.com,Caloocan,Silver,2023-09-26T00:00:00+00:00,2024-09-17T11:59:00+00:00
C02185,Marco,Ramos,marco.ramos2185@example.com,Quezon City,Silver,2023-05-28T00:00:00+00:00,2025-11-25T12:34:00+00:00
C02186,Ben,Aquino,ben.aquino2186@example.com,Caloocan,Silver,2023-10-29T00:00:00+00:00,2024-04-13T20:47:00+00:00
C02187,Uma,Tan,uma.tan2187@example.com,Parañaque,Silver,2023-07-20T00:00:00+00:00,2025-03-11T17:30:00+00:00
C02188,Kevin,Mendoza,kevin.mendoza2188@example.com,Manila,Silver,2023-08-23T00:00:00+00:00,2025-12-16T09:48:00+00:00
C02189,Wendy,Aquino,wendy.aquino2189@example.com,Quezon City,Silver,2023-08-04T00:00:00+00:00,2025-04-24T21:05:00+00:00
C02190,Ramon,Navarro,ramon.navarro2190@example.com,Mandaluyong,Bronze,2023-08-19T00:00:00+00:00,2025-08-17T04:25:00+00:00
C02191,Wendy,Diaz,wendy.diaz2191@example.com,Caloocan,Gold,2023-08-30T00:00:00+00:00,2024-01-19T06:51:00+00:00
C02192,Hannah,Dela Cruz,hannah.delacruz2192@example.com,Caloocan,Silver,2023-11-14T00:00:00+00:00,2024-01-17T23:10:00+00:00
C02193,Kevin,Villanueva,kevin.villanueva2193@example.com,Manila,Bronze,2023-09-21T00:00:00+00:00,2025-09-12T09:56:00+00:00
C02194,Hannah,Castillo,hannah.castillo2194@example.com,Makati,Silver,2023-09-15T00:00:00+00:00,2024-03-05T07:58:00+00:00
C02195,Ella,Bautista,ella.bautista2195@example.com,Pasay,Silver,2023-11-20T00:00:00+00:00,2024-05-07T20:59:00+00:00
C02196,Xavier,Lim,xavier.lim2196@example.com,Taguig,Gold,2023-08-25T00:00:00+00:00,2026-02-25T06:33:00+00:00
C02197,Wendy,Bautista,wendy.bautista2197@example.com,Pasay,Bronze,2023-03-20T00:00:00+00:00,2024-10-27T20:59:00+00:00
C02198,Ramon,Pascual,ramon.pascual2198@example.com,Parañaque,Gold,2023-03-20T00:00:00+00:00,2025-09-23T08:41:00+00:00
C02199,Queenie,Dela Cruz,queenie.delacruz2199@example.com,Pasay,Bronze,2023-02-26T00:00:00+00:00,2025-09-13T00:17:00+00:00
C02200,Kevin,Santos,kevin.santos2200@example.com,Caloocan,Bronze,2023-05-29T00:00:00+00:00,2025-11-15T14:06:00+00:00
C02201,Queenie,Torres,queenie.torres2201@example.com,Quezon City,Bronze,2023-04-05T00:00:00+00:00,2025-04-07T14:24:00+00:00
C02202,Lara,Fernandez,lara.fernandez2202@example.com,Mandaluyong,Silver,2023-11-24T00:00:00+00:00,2025-07-01T22:56:00+00:00
C02203,Francis,Torres,francis.torres2203@example.com,Caloocan,Bronze,2023-07-04T00:00:00+00:00,2024-09-02T13:16:00+00:00
C02204,Victor,Bautista,victor.bautista2204@example.com,Marikina,Gold,2023-10-04T00:00:00+00:00,2026-03-30T13:44:00+00:00
C02205,Ivan,Bautista,ivan.bautista2205@example.com,Makati,Bronze,2023-01-24T00:00:00+00:00,2024-05-19T21:24:00+00:00
C02206,Queenie,Diaz,queenie.diaz2206@example.com,Taguig,Bronze,2023-03-23T00:00:00+00:00,2025-10-31T21:06:00+00:00
C02207,Uma,Pascual,uma.pascual2207@example.com,Pasay,Silver,2023-09-21T00:00:00+00:00,2026-03-05T14:10:00+00:00
C02208,Hannah,Diaz,hannah.diaz2208@example.com,Pasay,Bronze,2023-07-01T00:00:00+00:00,2025-08-16T16:12:00+00:00
C02209,Hannah,Bautista,hannah.bautista2209@example.com,Taguig,Bronze,2023-07-29T00:00:00+00:00,2026-04-17T06:12:00+00:00
C02210,Yasmin,Santos,yasmin.santos2210@example.com,Mandaluyong,Silver,2023-07-20T00:00:00+00:00,2025-10-17T20:30:00+00:00
C02211,Nina,Reyes,nina.reyes2211@example.com,Parañaque,Platinum,2023-07-22T00:00:00+00:00,2024-10-01T19:19:00+00:00
C02212,Grace,Ramos,grace.ramos2212@example.com,Pasig,Bronze,2023-12-03T00:00:00+00:00,2026-03-03T10:46:00+00:00
C02213,Lara,Flores,lara.flores2213@example.com,Caloocan,Bronze,2023-02-07T00:00:00+00:00,2025-01-25T16:08:00+00:00
C02214,Oscar,Castillo,oscar.castillo2214@example.com,Manila,Gold,2023-09-03T00:00:00+00:00,2025-12-30T02:19:00+00:00
C02215,Kevin,Fernandez,kevin.fernandez2215@example.com,Quezon City,Bronze,2023-08-09T00:00:00+00:00,2025-10-18T22:34:00+00:00
C02216,Francis,Ramos,francis.ramos2216@example.com,Caloocan,Bronze,2023-11-14T00:00:00+00:00,2026-04-25T23:58:00+00:00
C02217,Oscar,Navarro,oscar.navarro2217@example.com,Pasig,Silver,2023-08-24T00:00:00+00:00,2024-01-23T17:59:00+00:00
C02218,Carla,Garcia,carla.garcia2218@example.com,Pasay,Silver,2023-12-21T00:00:00+00:00,2025-10-09T16:27:00+00:00
C02219,Uma,Bautista,uma.bautista2219@example.com,Caloocan,Bronze,2023-05-14T00:00:00+00:00,2024-02-07T05:30:00+00:00
C02220,Queenie,Torres,queenie.torres2220@example.com,Makati,Bronze,2023-09-08T00:00:00+00:00,2024-09-24T06:33:00+00:00
C02221,Oscar,Flores,oscar.flores2221@example.com,Manila,Bronze,2023-01-27T00:00:00+00:00,2024-06-30T04:12:00+00:00
C02222,Uma,Mercado,uma.mercado2222@example.com,Pasig,Gold,2023-12-22T00:00:00+00:00,2026-04-19T05:27:00+00:00
C02223,Ana,Bautista,ana.bautista2223@example.com,Caloocan,Silver,2023-09-13T00:00:00+00:00,2024-09-02T01:41:00+00:00
C02224,Tomas,Mendoza,tomas.mendoza2224@example.com,Pasay,Silver,2023-11-06T00:00:00+00:00,2024-08-05T02:19:00+00:00
C02225,Ramon,Bautista,ramon.bautista2225@example.com,Taguig,Bronze,2023-11-18T00:00:00+00:00,2025-03-18T02:59:00+00:00
C02226,Kevin,Fernandez,kevin.fernandez2226@example.com,Mandaluyong,Bronze,2023-09-23T00:00:00+00:00,2024-11-24T05:43:00+00:00
C02227,Paolo,Torres,paolo.torres2227@example.com,Taguig,Bronze,2023-10-22T00:00:00+00:00,2025-02-09T12:54:00+00:00
C02228,Oscar,Bautista,oscar.bautista2228@example.com,Quezon City,Bronze,2023-08-25T00:00:00+00:00,2025-05-16T21:34:00+00:00
C02229,Carla,Aquino,carla.aquino2229@example.com,Marikina,Bronze,2023-07-31T00:00:00+00:00,2026-02-24T17:53:00+00:00
C02230,Ivan,Villanueva,ivan.villanueva2230@example.com,Parañaque,Silver,2023-09-21T00:00:00+00:00,2024-11-28T13:14:00+00:00
C02231,Diego,Cruz,diego.cruz2231@example.com,Pasig,Bronze,2023-12-01T00:00:00+00:00,2025-01-27T06:22:00+00:00
C02232,Francis,Ramos,francis.ramos2232@example.com,Quezon City,Bronze,2023-11-17T00:00:00+00:00,2025-05-27T16:22:00+00:00
C02233,Lara,Garcia,lara.garcia2233@example.com,Caloocan,Bronze,2023-03-26T00:00:00+00:00,2024-05-28T14:31:00+00:00
C02234,Paolo,Santos,paolo.santos2234@example.com,Taguig,Bronze,2023-10-22T00:00:00+00:00,2026-04-03T22:59:00+00:00
C02235,Xavier,Cruz,xavier.cruz2235@example.com,Pasay,Bronze,2023-08-06T00:00:00+00:00,2026-03-18T08:14:00+00:00
C02236,Tomas,Mendoza,tomas.mendoza2236@example.com,Mandaluyong,Bronze,2023-11-10T00:00:00+00:00,2025-09-29T21:36:00+00:00
C02237,Tomas,Bautista,tomas.bautista2237@example.com,Caloocan,Silver,2023-02-07T00:00:00+00:00,2024-03-26T21:59:00+00:00
C02238,Marco,Dela Cruz,marco.delacruz2238@example.com,Marikina,Silver,2023-07-23T00:00:00+00:00,2024-03-16T21:42:00+00:00
C02239,Grace,Aquino,grace.aquino2239@example.com,Mandaluyong,Silver,2023-01-26T00:00:00+00:00,2024-07-29T16:32:00+00:00
C02240,Uma,Castillo,uma.castillo2240@example.com,Pasay,Bronze,2023-05-24T00:00:00+00:00,2025-02-18T15:42:00+00:00
C02241,Grace,Reyes,grace.reyes2241@example.com,Pasig,Silver,2023-10-04T00:00:00+00:00,2024-10-11T23:21:00+00:00
C02242,Wendy,Cruz,wendy.cruz2242@example.com,Manila,Silver,2023-12-06T00:00:00+00:00,2024-09-01T07:39:00+00:00
C02243,Yasmin,Santos,yasmin.santos2243@example.com,Taguig,Bronze,2023-06-04T00:00:00+00:00,2026-01-03T04:40:00+00:00
C02244,Grace,Tan,grace.tan2244@example.com,Quezon City,Gold,2023-05-08T00:00:00+00:00,2025-04-04T06:06:00+00:00
C02245,Ben,Fernandez,ben.fernandez2245@example.com,Manila,Gold,2023-11-18T00:00:00+00:00,2025-11-06T22:17:00+00:00
C02246,Ella,Tan,ella.tan2246@example.com,Makati,Bronze,2023-08-11T00:00:00+00:00,2025-06-04T14:01:00+00:00
C02247,Diego,Mercado,diego.mercado2247@example.com,Marikina,Gold,2023-11-22T00:00:00+00:00,2024-05-23T14:31:00+00:00
C02248,Marco,Mercado,marco.mercado2248@example.com,Marikina,Silver,2023-12-10T00:00:00+00:00,2024-08-05T08:36:00+00:00
C02249,Paolo,Mendoza,paolo.mendoza2249@example.com,Mandaluyong,Gold,2023-05-23T00:00:00+00:00,2024-02-06T03:27:00+00:00
C02250,Uma,Fernandez,uma.fernandez2250@example.com,Pasay,Silver,2023-05-08T00:00:00+00:00,2024-09-26T21:42:00+00:00
C02251,Ella,Bautista,ella.bautista2251@example.com,Marikina,Platinum,2023-04-15T00:00:00+00:00,2025-10-14T04:40:00+00:00
C02252,Hannah,Mendoza,hannah.mendoza2252@example.com,Mandaluyong,Silver,2023-06-18T00:00:00+00:00,2026-03-19T00:05:00+00:00
C02253,Kevin,Reyes,kevin.reyes2253@example.com,Makati,Silver,2023-03-05T00:00:00+00:00,2025-06-22T21:46:00+00:00
C02254,Victor,Reyes,victor.reyes2254@example.com,Caloocan,Bronze,2023-09-08T00:00:00+00:00,2024-05-25T00:00:00+00:00
C02255,Victor,Garcia,victor.garcia2255@example.com,Marikina,Gold,2023-03-26T00:00:00+00:00,2025-03-30T16:54:00+00:00
C02256,Yasmin,Lim,yasmin.lim2256@example.com,Manila,Silver,2023-10-30T00:00:00+00:00,2025-02-10T10:11:00+00:00
C02257,Victor,Dela Cruz,victor.delacruz2257@example.com,Caloocan,Silver,2023-02-18T00:00:00+00:00,2024-09-29T03:40:00+00:00
C02258,Uma,Flores,uma.flores2258@example.com,Pasay,Silver,2023-11-18T00:00:00+00:00,2026-03-02T21:50:00+00:00
C02259,Uma,Tan,uma.tan2259@example.com,Quezon City,Bronze,2023-12-15T00:00:00+00:00,2024-08-23T20:45:00+00:00
C02260,Tomas,Flores,tomas.flores2260@example.com,Marikina,Gold,2023-07-25T00:00:00+00:00,2025-03-02T06:39:00+00:00
C02261,Zoe,Aquino,zoe.aquino2261@example.com,Pasig,Platinum,2023-01-21T00:00:00+00:00,2024-06-25T09:32:00+00:00
C02262,Ivan,Mendoza,ivan.mendoza2262@example.com,Quezon City,Silver,2023-06-09T00:00:00+00:00,2025-10-18T08:42:00+00:00
C02263,Oscar,Mercado,oscar.mercado2263@example.com,Parañaque,Bronze,2023-12-09T00:00:00+00:00,2024-11-13T20:33:00+00:00
C02264,Wendy,Mercado,wendy.mercado2264@example.com,Mandaluyong,Silver,2023-09-02T00:00:00+00:00,2024-09-29T12:01:00+00:00
C02265,Tomas,Villanueva,tomas.villanueva2265@example.com,Taguig,Silver,2023-11-01T00:00:00+00:00,2025-07-09T04:08:00+00:00
C02266,Francis,Mendoza,francis.mendoza2266@example.com,Pasig,Bronze,2023-10-24T00:00:00+00:00,2024-12-10T09:42:00+00:00
C02267,Tomas,Flores,tomas.flores2267@example.com,Parañaque,Bronze,2023-11-28T00:00:00+00:00,2024-09-17T15:24:00+00:00
C02268,Sofia,Flores,sofia.flores2268@example.com,Parañaque,Bronze,2023-03-25T00:00:00+00:00,2025-01-01T21:32:00+00:00
C02269,Diego,Flores,diego.flores2269@example.com,Parañaque,Silver,2023-08-04T00:00:00+00:00,2025-12-30T09:05:00+00:00
C02270,Victor,Tan,victor.tan2270@example.com,Caloocan,Bronze,2023-06-26T00:00:00+00:00,2024-02-02T19:05:00+00:00
C02271,Grace,Mercado,grace.mercado2271@example.com,Pasay,Bronze,2023-04-20T00:00:00+00:00,2024-06-14T10:08:00+00:00
C02272,Oscar,Lim,oscar.lim2272@example.com,Pasay,Gold,2023-08-21T00:00:00+00:00,2024-06-09T16:08:00+00:00
C02273,Zoe,Flores,zoe.flores2273@example.com,Mandaluyong,Gold,2023-08-02T00:00:00+00:00,2025-05-15T23:26:00+00:00
C02274,Marco,Tan,marco.tan2274@example.com,Pasay,Bronze,2023-09-28T00:00:00+00:00,2026-02-27T20:37:00+00:00
C02275,Grace,Ramos,grace.ramos2275@example.com,Quezon City,Silver,2023-11-14T00:00:00+00:00,2024-07-10T19:15:00+00:00
C02276,Ella,Dela Cruz,ella.delacruz2276@example.com,Mandaluyong,Bronze,2023-01-29T00:00:00+00:00,2025-01-11T12:33:00+00:00
C02277,Kevin,Santos,kevin.santos2277@example.com,Quezon City,Bronze,2023-01-27T00:00:00+00:00,2024-01-13T21:02:00+00:00
C02278,Victor,Reyes,victor.reyes2278@example.com,Pasig,Bronze,2023-10-27T00:00:00+00:00,2026-04-15T09:18:00+00:00
C02279,Paolo,Aquino,paolo.aquino2279@example.com,Taguig,Bronze,2023-08-24T00:00:00+00:00,2025-07-21T12:39:00+00:00
C02280,Yasmin,Tan,yasmin.tan2280@example.com,Makati,Bronze,2023-12-05T00:00:00+00:00,2024-09-15T22:23:00+00:00
C02281,Marco,Bautista,marco.bautista2281@example.com,Taguig,Bronze,2023-05-14T00:00:00+00:00,2024-08-17T05:16:00+00:00
C02282,Carla,Dela Cruz,carla.delacruz2282@example.com,Quezon City,Gold,2023-10-30T00:00:00+00:00,2024-09-25T07:58:00+00:00
C02283,Yasmin,Mercado,yasmin.mercado2283@example.com,Makati,Bronze,2023-07-03T00:00:00+00:00,2025-07-19T01:02:00+00:00
C02284,Ana,Diaz,ana.diaz2284@example.com,Taguig,Bronze,2023-09-03T00:00:00+00:00,2025-10-25T12:53:00+00:00
C02285,Zoe,Aquino,zoe.aquino2285@example.com,Parañaque,Bronze,2023-01-02T00:00:00+00:00,2025-01-30T22:14:00+00:00
C02286,Francis,Flores,francis.flores2286@example.com,Makati,Silver,2023-12-27T00:00:00+00:00,2025-07-31T19:26:00+00:00
C02287,Julia,Ramos,julia.ramos2287@example.com,Makati,Bronze,2023-03-12T00:00:00+00:00,2024-03-30T22:01:00+00:00
C02288,Ana,Dela Cruz,ana.delacruz2288@example.com,Taguig,Bronze,2023-02-04T00:00:00+00:00,2025-12-09T13:21:00+00:00
C02289,Xavier,Ramos,xavier.ramos2289@example.com,Pasig,Bronze,2023-08-08T00:00:00+00:00,2025-01-24T03:07:00+00:00
C02290,Carla,Flores,carla.flores2290@example.com,Makati,Bronze,2023-09-02T00:00:00+00:00,2025-11-28T14:00:00+00:00
C02291,Hannah,Torres,hannah.torres2291@example.com,Makati,Bronze,2023-08-09T00:00:00+00:00,2025-07-09T00:43:00+00:00
C02292,Ramon,Villanueva,ramon.villanueva2292@example.com,Makati,Platinum,2023-11-10T00:00:00+00:00,2025-01-20T06:32:00+00:00
C02293,Julia,Cruz,julia.cruz2293@example.com,Pasig,Gold,2023-01-25T00:00:00+00:00,2024-09-02T08:40:00+00:00
C02294,Ivan,Flores,ivan.flores2294@example.com,Manila,Gold,2023-01-19T00:00:00+00:00,2024-06-25T23:36:00+00:00
C02295,Ella,Diaz,ella.diaz2295@example.com,Quezon City,Bronze,2023-07-26T00:00:00+00:00,2026-01-05T14:17:00+00:00
C02296,Wendy,Cruz,wendy.cruz2296@example.com,Pasig,Bronze,2023-12-09T00:00:00+00:00,2026-03-27T03:51:00+00:00
C02297,Hannah,Navarro,hannah.navarro2297@example.com,Manila,Bronze,2023-12-27T00:00:00+00:00,2025-10-10T15:12:00+00:00
C02298,Uma,Tan,uma.tan2298@example.com,Parañaque,Bronze,2023-11-02T00:00:00+00:00,2025-05-06T23:37:00+00:00
C02299,Hannah,Garcia,hannah.garcia2299@example.com,Pasig,Bronze,2023-11-30T00:00:00+00:00,2024-10-18T07:21:00+00:00
C02300,Ana,Bautista,ana.bautista2300@example.com,Quezon City,Silver,2023-06-22T00:00:00+00:00,2024-10-18T07:36:00+00:00
C02301,Paolo,Cruz,paolo.cruz2301@example.com,Caloocan,Silver,2023-06-19T00:00:00+00:00,2025-01-11T10:41:00+00:00
C02302,Ramon,Tan,ramon.tan2302@example.com,Mandaluyong,Bronze,2023-09-16T00:00:00+00:00,2024-01-14T15:44:00+00:00
C02303,Victor,Garcia,victor.garcia2303@example.com,Pasig,Silver,2023-06-16T00:00:00+00:00,2024-03-27T07:34:00+00:00
C02304,Ana,Bautista,ana.bautista2304@example.com,Mandaluyong,Silver,2023-05-23T00:00:00+00:00,2025-10-19T11:41:00+00:00
C02305,Ivan,Flores,ivan.flores2305@example.com,Caloocan,Silver,2023-11-30T00:00:00+00:00,2024-07-08T14:09:00+00:00
C02306,Victor,Bautista,victor.bautista2306@example.com,Makati,Silver,2023-06-24T00:00:00+00:00,2026-02-12T10:25:00+00:00
C02307,Ella,Mendoza,ella.mendoza2307@example.com,Parañaque,Bronze,2023-05-12T00:00:00+00:00,2024-04-25T16:07:00+00:00
C02308,Xavier,Castillo,xavier.castillo2308@example.com,Caloocan,Bronze,2023-12-26T00:00:00+00:00,2024-08-14T15:54:00+00:00
C02309,Queenie,Torres,queenie.torres2309@example.com,Pasig,Bronze,2023-04-28T00:00:00+00:00,2025-01-31T08:48:00+00:00
C02310,Hannah,Villanueva,hannah.villanueva2310@example.com,Quezon City,Bronze,2023-05-26T00:00:00+00:00,2026-01-18T03:14:00+00:00
C02311,Wendy,Garcia,wendy.garcia2311@example.com,Taguig,Platinum,2023-03-29T00:00:00+00:00,2026-01-22T15:53:00+00:00
C02312,Diego,Villanueva,diego.villanueva2312@example.com,Manila,Bronze,2023-10-28T00:00:00+00:00,2024-08-31T10:59:00+00:00
C02313,Victor,Ramos,victor.ramos2313@example.com,Parañaque,Bronze,2023-10-24T00:00:00+00:00,2025-11-22T18:54:00+00:00
C02314,Victor,Fernandez,victor.fernandez2314@example.com,Pasig,Gold,2023-09-04T00:00:00+00:00,2024-07-08T19:41:00+00:00
C02315,Marco,Torres,marco.torres2315@example.com,Caloocan,Gold,2023-04-19T00:00:00+00:00,2024-11-17T22:39:00+00:00
C02316,Ramon,Tan,ramon.tan2316@example.com,Manila,Bronze,2023-05-08T00:00:00+00:00,2024-08-22T16:40:00+00:00
C02317,Ana,Lim,ana.lim2317@example.com,Pasig,Bronze,2023-09-28T00:00:00+00:00,2024-11-17T02:37:00+00:00
C02318,Kevin,Torres,kevin.torres2318@example.com,Parañaque,Bronze,2023-10-25T00:00:00+00:00,2026-01-28T07:29:00+00:00
C02319,Diego,Santos,diego.santos2319@example.com,Pasig,Silver,2023-08-23T00:00:00+00:00,2024-01-29T04:02:00+00:00
C02320,Diego,Pascual,diego.pascual2320@example.com,Mandaluyong,Silver,2023-07-13T00:00:00+00:00,2024-03-06T10:34:00+00:00
C02321,Francis,Villanueva,francis.villanueva2321@example.com,Taguig,Bronze,2023-09-15T00:00:00+00:00,2024-07-07T12:23:00+00:00
C02322,Victor,Lim,victor.lim2322@example.com,Pasig,Bronze,2023-05-08T00:00:00+00:00,2024-02-06T20:31:00+00:00
C02323,Ivan,Dela Cruz,ivan.delacruz2323@example.com,Taguig,Gold,2023-06-20T00:00:00+00:00,2025-09-24T12:46:00+00:00
C02324,Ella,Santos,ella.santos2324@example.com,Manila,Silver,2023-03-05T00:00:00+00:00,2026-04-21T08:49:00+00:00
C02325,Yasmin,Cruz,yasmin.cruz2325@example.com,Mandaluyong,Bronze,2023-06-28T00:00:00+00:00,2025-09-09T11:22:00+00:00
C02326,Wendy,Santos,wendy.santos2326@example.com,Mandaluyong,Bronze,2023-04-24T00:00:00+00:00,2025-06-27T10:14:00+00:00
C02327,Sofia,Tan,sofia.tan2327@example.com,Pasig,Bronze,2023-04-02T00:00:00+00:00,2025-07-28T04:10:00+00:00
C02328,Francis,Mendoza,francis.mendoza2328@example.com,Caloocan,Bronze,2023-12-06T00:00:00+00:00,2025-08-22T06:18:00+00:00
C02329,Nina,Garcia,nina.garcia2329@example.com,Makati,Silver,2023-07-29T00:00:00+00:00,2024-01-08T00:02:00+00:00
C02330,Zoe,Castillo,zoe.castillo2330@example.com,Manila,Silver,2023-06-22T00:00:00+00:00,2025-05-15T10:02:00+00:00
C02331,Diego,Diaz,diego.diaz2331@example.com,Taguig,Bronze,2023-06-07T00:00:00+00:00,2026-04-24T15:03:00+00:00
C02332,Kevin,Bautista,kevin.bautista2332@example.com,Quezon City,Bronze,2023-10-01T00:00:00+00:00,2024-04-26T17:11:00+00:00
C02333,Hannah,Flores,hannah.flores2333@example.com,Parañaque,Silver,2023-12-27T00:00:00+00:00,2024-09-02T23:06:00+00:00
C02334,Julia,Reyes,,Parañaque,Bronze,2023-03-25T00:00:00+00:00,2025-05-29T15:02:00+00:00
C02335,Uma,Dela Cruz,uma.delacruz2335@example.com,Marikina,Gold,2023-08-08T00:00:00+00:00,2024-03-19T03:05:00+00:00
C02336,Grace,Cruz,grace.cruz2336@example.com,Quezon City,Gold,2023-09-17T00:00:00+00:00,2025-05-03T21:43:00+00:00
C02337,Marco,Mendoza,marco.mendoza2337@example.com,Mandaluyong,Gold,2023-07-06T00:00:00+00:00,2025-05-16T02:49:00+00:00
C02338,Tomas,Castillo,tomas.castillo2338@example.com,Pasay,Bronze,2023-10-26T00:00:00+00:00,2025-02-28T21:36:00+00:00
C02339,Ramon,Ramos,ramon.ramos2339@example.com,Caloocan,Gold,2023-10-09T00:00:00+00:00,2025-11-12T03:24:00+00:00
C02340,Oscar,Santos,oscar.santos2340@example.com,Mandaluyong,Bronze,2023-12-13T00:00:00+00:00,2025-04-21T20:05:00+00:00
C02341,Sofia,Torres,sofia.torres2341@example.com,Caloocan,Bronze,2023-12-20T00:00:00+00:00,2025-07-10T19:39:00+00:00
C02342,Oscar,Flores,oscar.flores2342@example.com,Pasay,Bronze,2023-11-07T00:00:00+00:00,2024-02-17T09:59:00+00:00
C02343,Lara,Dela Cruz,lara.delacruz2343@example.com,Marikina,Silver,2023-12-29T00:00:00+00:00,2025-12-18T19:10:00+00:00
C02344,Ana,Cruz,ana.cruz2344@example.com,Parañaque,Bronze,2023-10-19T00:00:00+00:00,2024-04-25T11:39:00+00:00
C02345,Yasmin,Flores,yasmin.flores2345@example.com,Marikina,Bronze,2023-12-29T00:00:00+00:00,2024-09-01T03:18:00+00:00
C02346,Yasmin,Fernandez,yasmin.fernandez2346@example.com,Pasig,Silver,2023-06-23T00:00:00+00:00,2024-06-26T23:40:00+00:00
C02347,Francis,Aquino,francis.aquino2347@example.com,Pasig,Silver,2023-01-28T00:00:00+00:00,2025-01-04T08:39:00+00:00
C02348,Tomas,Tan,tomas.tan2348@example.com,Parañaque,Gold,2023-10-22T00:00:00+00:00,2024-04-23T09:42:00+00:00
C02349,Marco,Bautista,marco.bautista2349@example.com,Caloocan,Silver,2023-07-01T00:00:00+00:00,2024-11-23T15:51:00+00:00
C02350,Carla,Tan,carla.tan2350@example.com,Mandaluyong,Bronze,2023-04-19T00:00:00+00:00,2024-12-19T00:29:00+00:00
C02351,Francis,Mercado,francis.mercado2351@example.com,Pasig,Bronze,2023-05-03T00:00:00+00:00,2025-02-15T08:27:00+00:00
C02352,Uma,Ramos,uma.ramos2352@example.com,Pasay,Gold,2023-03-23T00:00:00+00:00,2024-08-04T15:03:00+00:00
C02353,Yasmin,Bautista,yasmin.bautista2353@example.com,Pasig,Bronze,2023-02-27T00:00:00+00:00,2025-03-18T02:20:00+00:00
C02354,Ivan,Santos,ivan.santos2354@example.com,Manila,Bronze,2023-12-25T00:00:00+00:00,2024-08-01T08:22:00+00:00
C02355,Wendy,Torres,wendy.torres2355@example.com,Taguig,Silver,2023-10-20T00:00:00+00:00,2024-10-30T16:33:00+00:00
C02356,Zoe,Bautista,zoe.bautista2356@example.com,Pasig,Gold,2023-10-16T00:00:00+00:00,2024-12-12T18:53:00+00:00
C02357,Hannah,Garcia,hannah.garcia2357@example.com,Makati,Silver,2023-11-18T00:00:00+00:00,2025-06-15T17:28:00+00:00
C02358,Victor,Ramos,victor.ramos2358@example.com,Manila,Bronze,2023-08-17T00:00:00+00:00,2025-04-20T15:30:00+00:00
C02359,Hannah,Garcia,hannah.garcia2359@example.com,Makati,Silver,2023-12-06T00:00:00+00:00,2025-06-09T01:39:00+00:00
C02360,Oscar,Mendoza,oscar.mendoza2360@example.com,Pasay,Silver,2023-01-13T00:00:00+00:00,2025-02-15T15:01:00+00:00
C02361,Xavier,Villanueva,xavier.villanueva2361@example.com,Mandaluyong,Silver,2023-05-30T00:00:00+00:00,2025-01-23T12:14:00+00:00
C02362,Nina,Cruz,nina.cruz2362@example.com,Parañaque,Silver,2023-06-12T00:00:00+00:00,2024-10-26T04:10:00+00:00
C02363,Queenie,Reyes,queenie.reyes2363@example.com,Parañaque,Gold,2023-09-04T00:00:00+00:00,2024-03-20T13:24:00+00:00
C02364,Ben,Pascual,ben.pascual2364@example.com,Manila,Bronze,2023-03-27T00:00:00+00:00,2024-05-27T00:35:00+00:00
C02365,Ben,Pascual,ben.pascual2365@example.com,Quezon City,Gold,2023-07-21T00:00:00+00:00,2026-02-04T11:01:00+00:00
C02366,Sofia,Dela Cruz,sofia.delacruz2366@example.com,Mandaluyong,Gold,2023-05-23T00:00:00+00:00,2024-11-11T12:36:00+00:00
C02367,Sofia,Aquino,sofia.aquino2367@example.com,Caloocan,Gold,2023-01-17T00:00:00+00:00,2025-05-30T20:54:00+00:00
C02368,Julia,Aquino,julia.aquino2368@example.com,Pasig,Gold,2023-10-20T00:00:00+00:00,2025-01-30T05:17:00+00:00
C02369,Carla,Reyes,carla.reyes2369@example.com,Caloocan,Gold,2023-11-05T00:00:00+00:00,2024-05-28T08:35:00+00:00
C02370,Marco,Flores,marco.flores2370@example.com,Pasig,Silver,2023-10-07T00:00:00+00:00,2024-12-09T02:46:00+00:00
C02371,Ana,Pascual,ana.pascual2371@example.com,Quezon City,Silver,2023-09-10T00:00:00+00:00,2026-02-21T18:56:00+00:00
C02372,Ben,Lim,ben.lim2372@example.com,Mandaluyong,Gold,2023-09-27T00:00:00+00:00,2025-03-01T05:32:00+00:00
C02373,Diego,Mercado,diego.mercado2373@example.com,Pasay,Bronze,2023-06-03T00:00:00+00:00,2025-09-25T05:30:00+00:00
C02374,Ben,Lim,ben.lim2374@example.com,Makati,Silver,2023-12-26T00:00:00+00:00,2025-03-29T10:19:00+00:00
C02375,Oscar,Garcia,oscar.garcia2375@example.com,Pasig,Bronze,2023-08-04T00:00:00+00:00,2026-03-27T15:09:00+00:00
C02376,Uma,Villanueva,uma.villanueva2376@example.com,Taguig,Bronze,2023-05-06T00:00:00+00:00,2026-02-11T15:11:00+00:00
C02377,Francis,Mendoza,francis.mendoza2377@example.com,Parañaque,Gold,2023-07-17T00:00:00+00:00,2025-07-29T02:57:00+00:00
C02378,Hannah,Diaz,hannah.diaz2378@example.com,Parañaque,Platinum,2023-05-24T00:00:00+00:00,2024-03-16T05:51:00+00:00
C02379,Xavier,Ramos,xavier.ramos2379@example.com,Pasig,Bronze,2023-10-08T00:00:00+00:00,2025-01-08T18:12:00+00:00
C02380,Xavier,Dela Cruz,xavier.delacruz2380@example.com,Caloocan,Bronze,2023-11-06T00:00:00+00:00,2025-01-07T01:51:00+00:00
C02381,Oscar,Cruz,oscar.cruz2381@example.com,Taguig,Bronze,2023-06-10T00:00:00+00:00,2025-04-11T06:52:00+00:00
C02382,Diego,Pascual,diego.pascual2382@example.com,Parañaque,Bronze,2023-04-13T00:00:00+00:00,2024-05-07T17:34:00+00:00
C02383,Lara,Bautista,lara.bautista2383@example.com,Taguig,Gold,2023-11-11T00:00:00+00:00,2024-03-01T09:48:00+00:00
C02384,Julia,Bautista,julia.bautista2384@example.com,Quezon City,Silver,2023-04-26T00:00:00+00:00,2025-12-05T10:05:00+00:00
C02385,Wendy,Ramos,wendy.ramos2385@example.com,Pasay,Bronze,2023-01-30T00:00:00+00:00,2024-01-23T20:10:00+00:00
C02386,Paolo,Fernandez,paolo.fernandez2386@example.com,Pasay,Silver,2023-08-10T00:00:00+00:00,2025-08-03T03:17:00+00:00
C02387,Yasmin,Castillo,yasmin.castillo2387@example.com,Taguig,Bronze,2023-02-14T00:00:00+00:00,2024-04-24T08:40:00+00:00
C02388,Diego,Pascual,diego.pascual2388@example.com,Caloocan,Gold,2023-09-02T00:00:00+00:00,2024-07-18T16:00:00+00:00
C02389,Sofia,Flores,sofia.flores2389@example.com,Pasig,Bronze,2023-10-24T00:00:00+00:00,2025-08-29T22:01:00+00:00
C02390,Queenie,Diaz,queenie.diaz2390@example.com,Quezon City,Gold,2023-04-09T00:00:00+00:00,2025-02-03T08:21:00+00:00
C02391,Kevin,Ramos,kevin.ramos2391@example.com,Taguig,Bronze,2023-10-02T00:00:00+00:00,2024-06-16T03:50:00+00:00
C02392,Ella,Diaz,ella.diaz2392@example.com,Taguig,Bronze,2023-12-13T00:00:00+00:00,2024-10-31T12:33:00+00:00
C02393,Uma,Aquino,uma.aquino2393@example.com,Pasig,Gold,2023-10-22T00:00:00+00:00,2024-07-04T04:42:00+00:00
C02394,Ivan,Aquino,ivan.aquino2394@example.com,Mandaluyong,Bronze,2023-03-29T00:00:00+00:00,2026-01-02T19:36:00+00:00
C02395,Nina,Santos,nina.santos2395@example.com,Pasay,Silver,2023-07-15T00:00:00+00:00,2025-04-15T10:14:00+00:00
C02396,Paolo,Garcia,paolo.garcia2396@example.com,Pasay,Platinum,2023-07-23T00:00:00+00:00,2025-05-11T08:20:00+00:00
C02397,Ben,Garcia,ben.garcia2397@example.com,Pasig,Gold,2023-05-27T00:00:00+00:00,2024-10-19T02:52:00+00:00
C02398,Kevin,Tan,kevin.tan2398@example.com,Taguig,Gold,2023-09-30T00:00:00+00:00,2026-01-03T12:11:00+00:00
C02399,Paolo,Pascual,paolo.pascual2399@example.com,Parañaque,Gold,2023-04-25T00:00:00+00:00,2024-08-01T00:51:00+00:00
C02400,Tomas,Cruz,tomas.cruz2400@example.com,Pasig,Silver,2023-10-15T00:00:00+00:00,2025-10-22T00:53:00+00:00
C02401,Yasmin,Fernandez,yasmin.fernandez2401@example.com,Makati,Bronze,2023-02-25T00:00:00+00:00,2026-01-17T12:11:00+00:00
C02402,Ben,Lim,ben.lim2402@example.com,Marikina,Gold,2023-06-19T00:00:00+00:00,2025-11-06T23:15:00+00:00
C02403,Paolo,Reyes,paolo.reyes2403@example.com,Quezon City,Silver,2023-02-17T00:00:00+00:00,2025-10-16T23:12:00+00:00
C02404,Grace,Tan,grace.tan2404@example.com,Pasig,Bronze,2023-08-22T00:00:00+00:00,2025-07-20T18:20:00+00:00
C02405,Kevin,Navarro,kevin.navarro2405@example.com,Pasig,Bronze,2023-03-04T00:00:00+00:00,2025-04-26T08:58:00+00:00
C02406,Grace,Lim,grace.lim2406@example.com,Makati,Bronze,2023-08-16T00:00:00+00:00,2025-01-13T16:23:00+00:00
C02407,Ivan,Tan,ivan.tan2407@example.com,Marikina,Bronze,2023-07-07T00:00:00+00:00,2024-03-18T18:50:00+00:00
C02408,Grace,Fernandez,grace.fernandez2408@example.com,Caloocan,Gold,2023-02-13T00:00:00+00:00,2025-03-19T14:27:00+00:00
C02409,Oscar,Flores,oscar.flores2409@example.com,Quezon City,Bronze,2023-09-19T00:00:00+00:00,2026-03-28T23:51:00+00:00
C02410,Ramon,Diaz,ramon.diaz2410@example.com,Marikina,Silver,2023-03-07T00:00:00+00:00,2025-11-02T20:35:00+00:00
C02411,Sofia,Mercado,sofia.mercado2411@example.com,Makati,Bronze,2023-08-09T00:00:00+00:00,2026-04-19T04:28:00+00:00
C02412,Ramon,Castillo,ramon.castillo2412@example.com,Caloocan,Bronze,2023-06-22T00:00:00+00:00,2025-04-09T08:21:00+00:00
C02413,Julia,Garcia,julia.garcia2413@example.com,Mandaluyong,Silver,2023-01-21T00:00:00+00:00,2025-01-02T00:19:00+00:00
C02414,Ben,Aquino,ben.aquino2414@example.com,Manila,Gold,2023-03-06T00:00:00+00:00,2025-08-23T17:47:00+00:00
C02415,Ramon,Santos,ramon.santos2415@example.com,Mandaluyong,Platinum,2023-07-28T00:00:00+00:00,2025-03-03T09:26:00+00:00
C02416,Victor,Tan,victor.tan2416@example.com,Quezon City,Bronze,2023-01-10T00:00:00+00:00,2025-03-17T21:15:00+00:00
C02417,Ramon,Lim,ramon.lim2417@example.com,Makati,Bronze,2023-05-21T00:00:00+00:00,2024-11-09T20:04:00+00:00
C02418,Sofia,Pascual,sofia.pascual2418@example.com,Marikina,Bronze,2023-01-28T00:00:00+00:00,2025-02-09T21:25:00+00:00
C02419,Xavier,Torres,xavier.torres2419@example.com,Pasay,Bronze,2023-12-22T00:00:00+00:00,2025-06-17T19:18:00+00:00
C02420,Tomas,Diaz,tomas.diaz2420@example.com,Pasay,Silver,2023-02-10T00:00:00+00:00,2025-12-08T19:34:00+00:00
C02421,Queenie,Cruz,queenie.cruz2421@example.com,Caloocan,Platinum,2023-08-16T00:00:00+00:00,2024-11-18T18:09:00+00:00
C02422,Hannah,Navarro,hannah.navarro2422@example.com,Quezon City,Bronze,2023-04-15T00:00:00+00:00,2025-03-06T20:08:00+00:00
C02423,Ramon,Mercado,ramon.mercado2423@example.com,Taguig,Bronze,2023-09-30T00:00:00+00:00,2025-03-23T11:57:00+00:00
C02424,Diego,Reyes,diego.reyes2424@example.com,Pasay,Silver,2023-12-25T00:00:00+00:00,2024-07-13T08:34:00+00:00
C02425,Tomas,Castillo,tomas.castillo2425@example.com,Quezon City,Bronze,2023-09-05T00:00:00+00:00,2024-10-05T22:26:00+00:00
C02426,Ella,Santos,ella.santos2426@example.com,Makati,Gold,2023-07-16T00:00:00+00:00,2026-02-22T22:35:00+00:00
C02427,Marco,Navarro,marco.navarro2427@example.com,Taguig,Gold,2023-06-16T00:00:00+00:00,2024-07-31T09:09:00+00:00
C02428,Grace,Bautista,grace.bautista2428@example.com,Taguig,Silver,2023-03-24T00:00:00+00:00,2024-05-24T06:44:00+00:00
C02429,Xavier,Pascual,xavier.pascual2429@example.com,Quezon City,Bronze,2023-04-26T00:00:00+00:00,2025-12-18T04:28:00+00:00
C02430,Yasmin,Bautista,yasmin.bautista2430@example.com,Quezon City,Bronze,2023-05-10T00:00:00+00:00,2025-07-12T00:43:00+00:00
C02431,Lara,Lim,lara.lim2431@example.com,Makati,Gold,2023-09-26T00:00:00+00:00,2024-01-09T00:47:00+00:00
C02432,Tomas,Santos,tomas.santos2432@example.com,Marikina,Bronze,2023-06-29T00:00:00+00:00,2024-04-23T00:01:00+00:00
C02433,Ivan,Diaz,ivan.diaz2433@example.com,Quezon City,Bronze,2023-10-01T00:00:00+00:00,2026-03-17T22:29:00+00:00
C02434,Nina,Navarro,nina.navarro2434@example.com,Pasay,Gold,2023-09-07T00:00:00+00:00,2025-11-13T01:56:00+00:00
C02435,Uma,Diaz,uma.diaz2435@example.com,Parañaque,Bronze,2023-09-07T00:00:00+00:00,2026-03-15T01:44:00+00:00
C02436,Lara,Cruz,lara.cruz2436@example.com,Quezon City,Bronze,2023-11-30T00:00:00+00:00,2025-03-27T15:49:00+00:00
C02437,Queenie,Navarro,queenie.navarro2437@example.com,Makati,Bronze,2023-08-15T00:00:00+00:00,2025-03-10T09:30:00+00:00
C02438,Grace,Ramos,grace.ramos2438@example.com,Pasay,Gold,2023-03-04T00:00:00+00:00,2024-09-14T04:25:00+00:00
C02439,Uma,Ramos,uma.ramos2439@example.com,Mandaluyong,Gold,2023-08-10T00:00:00+00:00,2024-11-06T17:07:00+00:00
C02440,Tomas,Pascual,tomas.pascual2440@example.com,Parañaque,Silver,2023-07-20T00:00:00+00:00,2026-03-31T07:39:00+00:00
C02441,Carla,Garcia,carla.garcia2441@example.com,Taguig,Gold,2023-05-03T00:00:00+00:00,2025-08-28T04:43:00+00:00
C02442,Marco,Santos,marco.santos2442@example.com,Pasig,Silver,2023-07-30T00:00:00+00:00,2025-10-21T00:29:00+00:00
C02443,Queenie,Torres,queenie.torres2443@example.com,Mandaluyong,Bronze,2023-07-05T00:00:00+00:00,2026-03-26T01:15:00+00:00
C02444,Zoe,Bautista,zoe.bautista2444@example.com,Quezon City,Bronze,2023-07-22T00:00:00+00:00,2025-04-04T22:39:00+00:00
C02445,Ella,Tan,ella.tan2445@example.com,Makati,Bronze,2023-05-09T00:00:00+00:00,2026-01-09T08:05:00+00:00
C02446,Ivan,Pascual,ivan.pascual2446@example.com,Manila,Bronze,2023-10-14T00:00:00+00:00,2025-02-03T12:29:00+00:00
C02447,Ana,Tan,ana.tan2447@example.com,Makati,Silver,2023-08-06T00:00:00+00:00,2025-03-26T23:55:00+00:00
C02448,Paolo,Garcia,paolo.garcia2448@example.com,Pasay,Bronze,2023-08-06T00:00:00+00:00,2025-08-21T06:12:00+00:00
C02449,Sofia,Navarro,sofia.navarro2449@example.com,Makati,Bronze,2023-06-23T00:00:00+00:00,2024-02-17T21:59:00+00:00
C02450,Francis,Aquino,francis.aquino2450@example.com,Manila,Bronze,2023-12-19T00:00:00+00:00,2025-06-18T02:47:00+00:00
C02451,Ivan,Ramos,ivan.ramos2451@example.com,Makati,Bronze,2023-08-02T00:00:00+00:00,2026-01-03T17:11:00+00:00
C02452,Marco,Garcia,marco.garcia2452@example.com,Pasay,Gold,2023-03-02T00:00:00+00:00,2024-05-08T19:48:00+00:00
C02453,Nina,Flores,nina.flores2453@example.com,Caloocan,Gold,2023-08-08T00:00:00+00:00,2025-04-04T07:11:00+00:00
C02454,Ella,Pascual,ella.pascual2454@example.com,Caloocan,Bronze,2023-09-28T00:00:00+00:00,2024-03-29T20:25:00+00:00
C02455,Victor,Reyes,victor.reyes2455@example.com,Taguig,Silver,2023-07-07T00:00:00+00:00,2024-01-25T02:44:00+00:00
C02456,Wendy,Castillo,wendy.castillo2456@example.com,Caloocan,Silver,2023-04-09T00:00:00+00:00,2026-01-25T06:25:00+00:00
C02457,Wendy,Cruz,wendy.cruz2457@example.com,Makati,Gold,2023-08-07T00:00:00+00:00,2024-08-30T08:13:00+00:00
C02458,Wendy,Torres,wendy.torres2458@example.com,Marikina,Bronze,2023-11-05T00:00:00+00:00,2024-05-16T23:05:00+00:00
C02459,Ana,Garcia,ana.garcia2459@example.com,Manila,Bronze,2023-07-23T00:00:00+00:00,2025-05-25T14:27:00+00:00
C02460,Diego,Flores,diego.flores2460@example.com,Caloocan,Bronze,2023-01-18T00:00:00+00:00,2025-09-23T13:25:00+00:00
C02461,Yasmin,Flores,yasmin.flores2461@example.com,Marikina,Bronze,2023-04-23T00:00:00+00:00,2024-09-26T12:47:00+00:00
C02462,Zoe,Navarro,zoe.navarro2462@example.com,Makati,Bronze,2023-05-04T00:00:00+00:00,2024-08-05T05:10:00+00:00
C02463,Ivan,Garcia,ivan.garcia2463@example.com,Makati,Gold,2023-01-20T00:00:00+00:00,2025-09-05T09:34:00+00:00
C02464,Xavier,Navarro,xavier.navarro2464@example.com,Quezon City,Bronze,2023-06-03T00:00:00+00:00,2026-02-27T07:33:00+00:00
C02465,Kevin,Torres,kevin.torres2465@example.com,Caloocan,Silver,2023-01-27T00:00:00+00:00,2025-10-21T00:32:00+00:00
C02466,Paolo,Garcia,paolo.garcia2466@example.com,Marikina,Gold,2023-07-25T00:00:00+00:00,2025-05-28T20:12:00+00:00
C02467,Nina,Ramos,nina.ramos2467@example.com,Parañaque,Bronze,2023-01-30T00:00:00+00:00,2024-05-16T14:48:00+00:00
C02468,Zoe,Mercado,zoe.mercado2468@example.com,Pasig,Bronze,2024-01-01T00:00:00+00:00,2025-12-06T08:34:00+00:00
C02469,Yasmin,Tan,yasmin.tan2469@example.com,Makati,Bronze,2023-02-27T00:00:00+00:00,2026-03-17T09:54:00+00:00
C02470,Julia,Navarro,julia.navarro2470@example.com,Marikina,Silver,2023-07-18T00:00:00+00:00,2024-09-03T20:04:00+00:00
C02471,Nina,Garcia,nina.garcia2471@example.com,Quezon City,Bronze,2023-03-29T00:00:00+00:00,2024-07-09T00:25:00+00:00
C02472,Grace,Aquino,grace.aquino2472@example.com,Makati,Bronze,2023-08-31T00:00:00+00:00,2025-09-23T15:41:00+00:00
C02473,Carla,Aquino,carla.aquino2473@example.com,Taguig,Silver,2023-12-26T00:00:00+00:00,2025-10-08T02:36:00+00:00
C02474,Xavier,Ramos,xavier.ramos2474@example.com,Taguig,Bronze,2023-05-25T00:00:00+00:00,2025-11-19T00:35:00+00:00
C02475,Kevin,Lim,kevin.lim2475@example.com,Parañaque,Platinum,2023-11-11T00:00:00+00:00,2024-11-07T02:03:00+00:00
C02476,Hannah,Garcia,hannah.garcia2476@example.com,Parañaque,Silver,2023-04-17T00:00:00+00:00,2024-06-08T18:27:00+00:00
C02477,Carla,Castillo,carla.castillo2477@example.com,Manila,Bronze,2023-02-12T00:00:00+00:00,2026-04-20T14:37:00+00:00
C02478,Ivan,Dela Cruz,ivan.delacruz2478@example.com,Parañaque,Bronze,2023-02-16T00:00:00+00:00,2025-12-25T23:27:00+00:00
C02479,Carla,Mercado,carla.mercado2479@example.com,Makati,Silver,2023-01-17T00:00:00+00:00,2024-02-10T21:24:00+00:00
C02480,Marco,Tan,marco.tan2480@example.com,Manila,Silver,2023-10-18T00:00:00+00:00,2024-02-09T10:01:00+00:00
C02481,Zoe,Lim,zoe.lim2481@example.com,Quezon City,Silver,2023-06-05T00:00:00+00:00,2024-02-23T16:40:00+00:00
C02482,Ramon,Dela Cruz,ramon.delacruz2482@example.com,Parañaque,Silver,2023-08-29T00:00:00+00:00,2025-03-01T00:18:00+00:00
C02483,Nina,Bautista,nina.bautista2483@example.com,Pasig,Silver,2023-08-06T00:00:00+00:00,2026-04-19T07:18:00+00:00
C02484,Nina,Mendoza,nina.mendoza2484@example.com,Mandaluyong,Bronze,2023-09-12T00:00:00+00:00,2024-07-29T18:18:00+00:00
C02485,Oscar,Pascual,oscar.pascual2485@example.com,Pasay,Gold,2023-04-07T00:00:00+00:00,2025-08-02T16:21:00+00:00
C02486,Grace,Bautista,grace.bautista2486@example.com,Marikina,Gold,2023-11-03T00:00:00+00:00,2025-06-19T01:39:00+00:00
C02487,Ramon,Fernandez,ramon.fernandez2487@example.com,Mandaluyong,Bronze,2023-05-24T00:00:00+00:00,2024-09-12T14:32:00+00:00
C02488,Wendy,Torres,wendy.torres2488@example.com,Parañaque,Silver,2023-05-24T00:00:00+00:00,2024-06-04T20:06:00+00:00
C02489,Ivan,Aquino,ivan.aquino2489@example.com,Mandaluyong,Gold,2023-11-25T00:00:00+00:00,2026-02-09T09:17:00+00:00
C02490,Paolo,Flores,paolo.flores2490@example.com,Caloocan,Silver,2024-01-01T00:00:00+00:00,2025-01-28T07:25:00+00:00
C02491,Ivan,Ramos,ivan.ramos2491@example.com,Makati,Silver,2023-02-16T00:00:00+00:00,2024-03-14T05:33:00+00:00
C02492,Ivan,Mendoza,ivan.mendoza2492@example.com,Mandaluyong,Gold,2023-04-18T00:00:00+00:00,2025-05-22T08:28:00+00:00
C02493,Diego,Lim,diego.lim2493@example.com,Pasay,Gold,2023-05-29T00:00:00+00:00,2025-06-10T03:15:00+00:00
C02494,Uma,Tan,uma.tan2494@example.com,Manila,Gold,2024-01-01T00:00:00+00:00,2025-10-09T15:28:00+00:00
C02495,Diego,Pascual,diego.pascual2495@example.com,Manila,Bronze,2023-03-08T00:00:00+00:00,2025-02-27T13:43:00+00:00
C02496,Kevin,Villanueva,kevin.villanueva2496@example.com,Caloocan,Bronze,2023-02-19T00:00:00+00:00,2024-07-24T06:29:00+00:00
C02497,Zoe,Castillo,zoe.castillo2497@example.com,Taguig,Silver,2023-03-24T00:00:00+00:00,2024-08-29T09:40:00+00:00
C02498,Lara,Villanueva,lara.villanueva2498@example.com,Taguig,Silver,2023-01-14T00:00:00+00:00,2025-12-18T17:54:00+00:00
C02499,Ramon,Diaz,ramon.diaz2499@example.com,Taguig,Gold,2023-08-03T00:00:00+00:00,2025-07-30T23:43:00+00:00
C02500,Tomas,Ramos,tomas.ramos2500@example.com,Caloocan,Platinum,2023-12-15T00:00:00+00:00,2024-01-06T15:41:00+00:00
C02501,Victor,Tan,victor.tan2501@example.com,Mandaluyong,Gold,2023-03-18T00:00:00+00:00,2024-09-03T06:46:00+00:00
C02502,Tomas,Castillo,tomas.castillo2502@example.com,Makati,Bronze,2023-02-09T00:00:00+00:00,2024-10-17T11:00:00+00:00
C02503,Ana,Lim,ana.lim2503@example.com,Pasay,Gold,2023-04-24T00:00:00+00:00,2025-11-09T08:07:00+00:00
C02504,Xavier,Mendoza,xavier.mendoza2504@example.com,Pasig,Bronze,2023-12-26T00:00:00+00:00,2025-11-13T18:14:00+00:00
C02505,Queenie,Lim,queenie.lim2505@example.com,Taguig,Silver,2023-05-25T00:00:00+00:00,2025-02-26T05:28:00+00:00
C02506,Francis,Cruz,francis.cruz2506@example.com,Parañaque,Gold,2023-06-30T00:00:00+00:00,2026-01-27T07:57:00+00:00
C02507,Queenie,Diaz,queenie.diaz2507@example.com,Quezon City,Bronze,2023-10-16T00:00:00+00:00,2024-08-27T12:38:00+00:00
C02508,Oscar,Fernandez,oscar.fernandez2508@example.com,Pasay,Silver,2023-04-18T00:00:00+00:00,2025-04-18T05:11:00+00:00
C02509,Carla,Fernandez,carla.fernandez2509@example.com,Caloocan,Gold,2023-09-12T00:00:00+00:00,2024-07-11T22:48:00+00:00
C02510,Ella,Castillo,ella.castillo2510@example.com,Pasay,Bronze,2023-07-01T00:00:00+00:00,2026-03-26T08:48:00+00:00
C02511,Tomas,Reyes,tomas.reyes2511@example.com,Pasay,Bronze,2023-01-29T00:00:00+00:00,2026-02-10T05:43:00+00:00
C02512,Diego,Aquino,diego.aquino2512@example.com,Caloocan,Platinum,2023-01-12T00:00:00+00:00,2024-12-02T00:47:00+00:00
C02513,Kevin,Navarro,kevin.navarro2513@example.com,Pasay,Gold,2023-09-23T00:00:00+00:00,2025-06-20T09:30:00+00:00
C02514,Uma,Diaz,uma.diaz2514@example.com,Makati,Bronze,2023-07-03T00:00:00+00:00,2025-02-19T04:14:00+00:00
C02515,Yasmin,Diaz,yasmin.diaz2515@example.com,Pasig,Bronze,2023-02-02T00:00:00+00:00,2026-01-08T02:54:00+00:00
C02516,Grace,Mercado,grace.mercado2516@example.com,Parañaque,Bronze,2023-09-18T00:00:00+00:00,2024-10-11T09:41:00+00:00
C02517,Lara,Bautista,lara.bautista2517@example.com,Marikina,Silver,2023-12-24T00:00:00+00:00,2024-06-01T12:03:00+00:00
C02518,Ben,Diaz,ben.diaz2518@example.com,Pasig,Bronze,2023-09-07T00:00:00+00:00,2025-08-08T19:40:00+00:00
C02519,Victor,Fernandez,victor.fernandez2519@example.com,Mandaluyong,Bronze,2023-07-24T00:00:00+00:00,2025-03-21T00:49:00+00:00
C02520,Ana,Torres,ana.torres2520@example.com,Makati,Gold,2023-08-24T00:00:00+00:00,2025-12-24T05:34:00+00:00
C02521,Ivan,Pascual,ivan.pascual2521@example.com,Parañaque,Silver,2023-10-10T00:00:00+00:00,2024-06-23T12:26:00+00:00
C02522,Ella,Castillo,ella.castillo2522@example.com,Parañaque,Bronze,2023-11-10T00:00:00+00:00,2025-06-16T02:46:00+00:00
C02523,Lara,Mendoza,lara.mendoza2523@example.com,Makati,Bronze,2023-10-29T00:00:00+00:00,2025-12-04T15:41:00+00:00
C02524,Julia,Diaz,julia.diaz2524@example.com,Parañaque,Bronze,2023-02-02T00:00:00+00:00,2024-01-26T04:49:00+00:00
C02525,Diego,Flores,diego.flores2525@example.com,Quezon City,Bronze,2023-02-12T00:00:00+00:00,2024-12-10T18:46:00+00:00
C02526,Francis,Pascual,francis.pascual2526@example.com,Pasay,Platinum,2023-08-28T00:00:00+00:00,2026-04-18T14:19:00+00:00
C02527,Wendy,Bautista,wendy.bautista2527@example.com,Taguig,Bronze,2024-01-01T00:00:00+00:00,2026-01-02T14:48:00+00:00
C02528,Ramon,Aquino,ramon.aquino2528@example.com,Makati,Bronze,2023-06-23T00:00:00+00:00,2024-03-25T18:20:00+00:00
C02529,Nina,Santos,nina.santos2529@example.com,Quezon City,Silver,2023-10-22T00:00:00+00:00,2026-02-19T21:07:00+00:00
C02530,Zoe,Castillo,zoe.castillo2530@example.com,Mandaluyong,Bronze,2023-08-30T00:00:00+00:00,2025-03-09T19:18:00+00:00
C02531,Hannah,Reyes,hannah.reyes2531@example.com,Parañaque,Bronze,2023-05-21T00:00:00+00:00,2024-04-22T04:00:00+00:00
C02532,Ramon,Torres,ramon.torres2532@example.com,Caloocan,Gold,2023-03-09T00:00:00+00:00,2025-10-05T07:18:00+00:00
C02533,Oscar,Ramos,oscar.ramos2533@example.com,Quezon City,Bronze,2023-11-29T00:00:00+00:00,2025-04-22T19:39:00+00:00
C02534,Ramon,Mercado,ramon.mercado2534@example.com,Mandaluyong,Silver,2023-05-02T00:00:00+00:00,2025-06-20T19:07:00+00:00
C02535,Oscar,Diaz,oscar.diaz2535@example.com,Quezon City,Silver,2023-11-23T00:00:00+00:00,2025-06-29T05:00:00+00:00
C02536,Sofia,Mendoza,sofia.mendoza2536@example.com,Caloocan,Bronze,2023-04-20T00:00:00+00:00,2025-11-19T09:13:00+00:00
C02537,Ella,Cruz,ella.cruz2537@example.com,Marikina,Silver,2023-05-25T00:00:00+00:00,2025-04-11T16:38:00+00:00
C02538,Marco,Bautista,marco.bautista2538@example.com,Pasig,Gold,2023-12-20T00:00:00+00:00,2024-01-09T03:25:00+00:00
C02539,Ben,Torres,ben.torres2539@example.com,Makati,Gold,2023-01-26T00:00:00+00:00,2025-03-06T19:24:00+00:00
C02540,Carla,Fernandez,carla.fernandez2540@example.com,Marikina,Silver,2023-09-25T00:00:00+00:00,2025-05-19T20:46:00+00:00
C02541,Sofia,Tan,sofia.tan2541@example.com,Caloocan,Bronze,2023-09-30T00:00:00+00:00,2024-08-11T15:46:00+00:00
C02542,Hannah,Bautista,hannah.bautista2542@example.com,Taguig,Platinum,2023-08-09T00:00:00+00:00,2024-05-14T19:11:00+00:00
C02543,Hannah,Navarro,hannah.navarro2543@example.com,Mandaluyong,Silver,2023-04-20T00:00:00+00:00,2024-02-01T05:08:00+00:00
C02544,Sofia,Dela Cruz,sofia.delacruz2544@example.com,Quezon City,Bronze,2023-08-03T00:00:00+00:00,2025-05-05T15:18:00+00:00
C02545,Julia,Torres,julia.torres2545@example.com,Mandaluyong,Bronze,2023-05-12T00:00:00+00:00,2025-11-14T14:18:00+00:00
C02546,Julia,Reyes,julia.reyes2546@example.com,Pasig,Bronze,2023-06-01T00:00:00+00:00,2024-07-04T11:23:00+00:00
C02547,Marco,Lim,marco.lim2547@example.com,Pasig,Bronze,2023-02-23T00:00:00+00:00,2024-02-24T01:09:00+00:00
C02548,Wendy,Mercado,wendy.mercado2548@example.com,Caloocan,Gold,2023-06-01T00:00:00+00:00,2025-03-29T19:24:00+00:00
C02549,Queenie,Diaz,queenie.diaz2549@example.com,Pasay,Bronze,2023-05-01T00:00:00+00:00,2025-10-03T21:27:00+00:00
C02550,Kevin,Lim,kevin.lim2550@example.com,Taguig,Gold,2023-08-20T00:00:00+00:00,2024-03-23T19:09:00+00:00
C02551,Ana,Lim,ana.lim2551@example.com,Mandaluyong,Bronze,2023-06-09T00:00:00+00:00,2024-06-23T22:55:00+00:00
C02552,Ben,Aquino,ben.aquino2552@example.com,Makati,Bronze,2023-08-03T00:00:00+00:00,2024-01-02T00:08:00+00:00
C02553,Marco,Santos,marco.santos2553@example.com,Parañaque,Silver,2023-09-28T00:00:00+00:00,2025-02-27T11:35:00+00:00
C02554,Wendy,Garcia,wendy.garcia2554@example.com,Makati,Gold,2023-11-06T00:00:00+00:00,2024-07-29T19:12:00+00:00
C02555,Yasmin,Tan,yasmin.tan2555@example.com,Manila,Bronze,2023-08-10T00:00:00+00:00,2026-02-20T22:58:00+00:00
C02556,Uma,Bautista,uma.bautista2556@example.com,Pasay,Bronze,2023-04-22T00:00:00+00:00,2024-06-26T18:15:00+00:00
C02557,Diego,Flores,diego.flores2557@example.com,Manila,Silver,2023-04-14T00:00:00+00:00,2024-06-13T01:18:00+00:00
C02558,Uma,Castillo,uma.castillo2558@example.com,Manila,Bronze,2023-05-20T00:00:00+00:00,2024-11-17T19:36:00+00:00
C02559,Ramon,Aquino,ramon.aquino2559@example.com,Marikina,Platinum,2023-12-03T00:00:00+00:00,2025-04-07T16:37:00+00:00
C02560,Marco,Ramos,marco.ramos2560@example.com,Pasay,Bronze,2023-04-20T00:00:00+00:00,2026-02-14T00:49:00+00:00
C02561,Yasmin,Dela Cruz,yasmin.delacruz2561@example.com,Taguig,Bronze,2023-08-13T00:00:00+00:00,2024-12-25T15:07:00+00:00
C02562,Tomas,Villanueva,tomas.villanueva2562@example.com,Manila,Silver,2023-08-16T00:00:00+00:00,2024-02-02T13:22:00+00:00
C02563,Grace,Garcia,grace.garcia2563@example.com,Caloocan,Bronze,2023-10-10T00:00:00+00:00,2025-12-02T23:27:00+00:00
C02564,Grace,Diaz,grace.diaz2564@example.com,Manila,Gold,2023-12-17T00:00:00+00:00,2025-02-13T13:17:00+00:00
C02565,Victor,Mercado,victor.mercado2565@example.com,Mandaluyong,Silver,2023-06-26T00:00:00+00:00,2024-07-26T17:58:00+00:00
C02566,Ramon,Navarro,ramon.navarro2566@example.com,Marikina,Silver,2023-06-02T00:00:00+00:00,2024-12-11T14:43:00+00:00
C02567,Ella,Bautista,ella.bautista2567@example.com,Makati,Bronze,2023-01-01T00:00:00+00:00,2026-01-19T13:46:00+00:00
C02568,Yasmin,Villanueva,yasmin.villanueva2568@example.com,Makati,Bronze,2023-03-04T00:00:00+00:00,2025-09-18T02:01:00+00:00
C02569,Zoe,Cruz,zoe.cruz2569@example.com,Caloocan,Bronze,2023-04-23T00:00:00+00:00,2026-01-01T10:21:00+00:00
C02570,Julia,Fernandez,julia.fernandez2570@example.com,Caloocan,Bronze,2023-02-09T00:00:00+00:00,2024-11-14T07:25:00+00:00
C02571,Victor,Lim,victor.lim2571@example.com,Quezon City,Silver,2023-04-06T00:00:00+00:00,2025-02-09T09:40:00+00:00
C02572,Wendy,Mendoza,wendy.mendoza2572@example.com,Marikina,Gold,2023-03-04T00:00:00+00:00,2024-05-09T11:28:00+00:00
C02573,Oscar,Mendoza,oscar.mendoza2573@example.com,Parañaque,Silver,2023-01-28T00:00:00+00:00,2025-11-06T05:22:00+00:00
C02574,Carla,Diaz,carla.diaz2574@example.com,Parañaque,Silver,2023-10-20T00:00:00+00:00,2024-05-03T21:40:00+00:00
C02575,Ella,Ramos,ella.ramos2575@example.com,Quezon City,Gold,2023-09-16T00:00:00+00:00,2025-10-28T06:50:00+00:00
C02576,Xavier,Santos,xavier.santos2576@example.com,Pasay,Platinum,2023-06-10T00:00:00+00:00,2024-11-04T02:21:00+00:00
C02577,Zoe,Flores,zoe.flores2577@example.com,Mandaluyong,Bronze,2023-12-01T00:00:00+00:00,2025-05-07T19:21:00+00:00
C02578,Queenie,Santos,queenie.santos2578@example.com,Makati,Bronze,2023-01-31T00:00:00+00:00,2025-03-06T05:57:00+00:00
C02579,Yasmin,Dela Cruz,yasmin.delacruz2579@example.com,Taguig,Gold,2023-08-15T00:00:00+00:00,2024-08-06T04:42:00+00:00
C02580,Julia,Tan,julia.tan2580@example.com,Manila,Silver,2023-03-07T00:00:00+00:00,2025-09-05T13:24:00+00:00
C02581,Xavier,Reyes,xavier.reyes2581@example.com,Taguig,Silver,2023-01-17T00:00:00+00:00,2024-03-28T17:51:00+00:00
C02582,Queenie,Cruz,queenie.cruz2582@example.com,Manila,Silver,2023-01-02T00:00:00+00:00,2025-06-24T13:03:00+00:00
C02583,Sofia,Castillo,sofia.castillo2583@example.com,Taguig,Silver,2023-04-07T00:00:00+00:00,2025-04-08T10:44:00+00:00
C02584,Ivan,Castillo,ivan.castillo2584@example.com,Marikina,Platinum,2023-10-14T00:00:00+00:00,2025-03-30T15:36:00+00:00
C02585,Tomas,Torres,tomas.torres2585@example.com,Pasig,Bronze,2023-06-15T00:00:00+00:00,2024-08-16T07:07:00+00:00
C02586,Ben,Lim,ben.lim2586@example.com,Mandaluyong,Bronze,2023-11-22T00:00:00+00:00,2025-04-04T21:57:00+00:00
C02587,Lara,Ramos,lara.ramos2587@example.com,Pasig,Bronze,2023-09-24T00:00:00+00:00,2025-01-08T22:06:00+00:00
C02588,Diego,Santos,diego.santos2588@example.com,Pasay,Silver,2023-12-11T00:00:00+00:00,2025-11-16T09:25:00+00:00
C02589,Kevin,Dela Cruz,kevin.delacruz2589@example.com,Parañaque,Bronze,2023-02-26T00:00:00+00:00,2025-08-01T15:22:00+00:00
C02590,Hannah,Mercado,hannah.mercado2590@example.com,Mandaluyong,Bronze,2023-07-14T00:00:00+00:00,2025-06-22T01:40:00+00:00
C02591,Ana,Navarro,ana.navarro2591@example.com,Mandaluyong,Silver,2023-10-01T00:00:00+00:00,2024-01-05T21:33:00+00:00
C02592,Julia,Ramos,julia.ramos2592@example.com,Pasay,Silver,2023-03-25T00:00:00+00:00,2025-06-14T14:24:00+00:00
C02593,Xavier,Tan,xavier.tan2593@example.com,Taguig,Bronze,2023-02-21T00:00:00+00:00,2024-09-10T06:58:00+00:00
C02594,Uma,Garcia,uma.garcia2594@example.com,Mandaluyong,Gold,2023-12-17T00:00:00+00:00,2025-10-18T02:28:00+00:00
C02595,Julia,Pascual,julia.pascual2595@example.com,Makati,Bronze,2023-06-06T00:00:00+00:00,2025-10-11T04:59:00+00:00
C02596,Victor,Castillo,victor.castillo2596@example.com,Quezon City,Bronze,2023-09-28T00:00:00+00:00,2025-11-25T08:18:00+00:00
C02597,Queenie,Flores,queenie.flores2597@example.com,Marikina,Bronze,2023-05-18T00:00:00+00:00,2025-07-12T11:45:00+00:00
C02598,Carla,Ramos,carla.ramos2598@example.com,Marikina,Gold,2023-04-26T00:00:00+00:00,2024-08-05T07:33:00+00:00
C02599,Ivan,Lim,ivan.lim2599@example.com,Manila,Gold,2023-02-24T00:00:00+00:00,2025-09-20T18:31:00+00:00
C02600,Sofia,Torres,sofia.torres2600@example.com,Marikina,Bronze,2023-12-01T00:00:00+00:00,2026-03-10T03:36:00+00:00
C02601,Francis,Torres,francis.torres2601@example.com,Taguig,Bronze,2023-07-05T00:00:00+00:00,2025-01-28T23:57:00+00:00
C02602,Grace,Santos,grace.santos2602@example.com,Makati,Bronze,2023-02-24T00:00:00+00:00,2025-03-29T14:55:00+00:00
C02603,Grace,Castillo,grace.castillo2603@example.com,Marikina,Bronze,2023-01-30T00:00:00+00:00,2025-02-05T17:32:00+00:00
C02604,Carla,Mercado,carla.mercado2604@example.com,Taguig,Platinum,2023-12-06T00:00:00+00:00,2025-12-12T23:23:00+00:00
C02605,Xavier,Ramos,xavier.ramos2605@example.com,Parañaque,Bronze,2023-03-21T00:00:00+00:00,2024-02-22T07:06:00+00:00
C02606,Sofia,Tan,sofia.tan2606@example.com,Marikina,Platinum,2023-03-16T00:00:00+00:00,2025-05-22T03:04:00+00:00
C02607,Yasmin,Santos,yasmin.santos2607@example.com,Quezon City,Silver,2023-11-12T00:00:00+00:00,2025-10-23T15:46:00+00:00
C02608,Oscar,Dela Cruz,oscar.delacruz2608@example.com,Marikina,Platinum,2023-05-05T00:00:00+00:00,2025-04-10T11:57:00+00:00
C02609,Francis,Aquino,francis.aquino2609@example.com,Mandaluyong,Bronze,2023-12-14T00:00:00+00:00,2024-11-19T01:58:00+00:00
C02610,Nina,Villanueva,nina.villanueva2610@example.com,Taguig,Gold,2023-07-13T00:00:00+00:00,2025-08-27T02:43:00+00:00
C02611,Kevin,Bautista,kevin.bautista2611@example.com,Parañaque,Bronze,2023-06-08T00:00:00+00:00,2024-08-04T16:05:00+00:00
C02612,Oscar,Mendoza,oscar.mendoza2612@example.com,Manila,Bronze,2023-07-24T00:00:00+00:00,2024-08-07T18:01:00+00:00
C02613,Grace,Mendoza,grace.mendoza2613@example.com,Taguig,Gold,2023-05-21T00:00:00+00:00,2025-12-08T02:58:00+00:00
C02614,Queenie,Garcia,queenie.garcia2614@example.com,Marikina,Gold,2023-01-06T00:00:00+00:00,2024-12-23T19:31:00+00:00
C02615,Julia,Flores,julia.flores2615@example.com,Taguig,Gold,2023-01-21T00:00:00+00:00,2025-09-14T09:45:00+00:00
C02616,Francis,Diaz,francis.diaz2616@example.com,Pasay,Bronze,2023-11-29T00:00:00+00:00,2026-01-02T22:00:00+00:00
C02617,Tomas,Mendoza,tomas.mendoza2617@example.com,Pasig,Silver,2023-05-27T00:00:00+00:00,2024-11-23T23:20:00+00:00
C02618,Diego,Santos,diego.santos2618@example.com,Pasay,Bronze,2023-02-27T00:00:00+00:00,2025-04-27T08:47:00+00:00
C02619,Hannah,Villanueva,hannah.villanueva2619@example.com,Mandaluyong,Silver,2023-02-12T00:00:00+00:00,2025-07-16T20:04:00+00:00
C02620,Diego,Diaz,diego.diaz2620@example.com,Manila,Bronze,2023-06-05T00:00:00+00:00,2025-10-03T18:58:00+00:00
C02621,Ramon,Navarro,ramon.navarro2621@example.com,Pasay,Bronze,2023-09-23T00:00:00+00:00,2025-05-27T22:25:00+00:00
C02622,Francis,Fernandez,francis.fernandez2622@example.com,Makati,Silver,2023-04-10T00:00:00+00:00,2025-01-07T17:33:00+00:00
C02623,Marco,Torres,marco.torres2623@example.com,Parañaque,Bronze,2023-03-26T00:00:00+00:00,2026-03-25T19:21:00+00:00
C02624,Tomas,Cruz,tomas.cruz2624@example.com,Manila,Bronze,2023-08-20T00:00:00+00:00,2025-04-20T07:07:00+00:00
C02625,Oscar,Diaz,oscar.diaz2625@example.com,Manila,Silver,2023-04-07T00:00:00+00:00,2024-06-20T22:30:00+00:00
C02626,Francis,Fernandez,francis.fernandez2626@example.com,Pasay,Bronze,2023-06-04T00:00:00+00:00,2025-11-17T22:15:00+00:00
C02627,Ivan,Torres,ivan.torres2627@example.com,Manila,Gold,2023-08-02T00:00:00+00:00,2025-12-25T00:14:00+00:00
C02628,Uma,Santos,uma.santos2628@example.com,Quezon City,Bronze,2023-08-29T00:00:00+00:00,2025-12-19T18:19:00+00:00
C02629,Grace,Garcia,grace.garcia2629@example.com,Marikina,Bronze,2023-07-12T00:00:00+00:00,2025-09-13T23:10:00+00:00
C02630,Victor,Villanueva,victor.villanueva2630@example.com,Mandaluyong,Gold,2023-06-03T00:00:00+00:00,2025-05-27T15:56:00+00:00
C02631,Kevin,Flores,kevin.flores2631@example.com,Pasig,Bronze,2023-05-16T00:00:00+00:00,2025-02-26T02:20:00+00:00
C02632,Ben,Dela Cruz,ben.delacruz2632@example.com,Quezon City,Bronze,2023-01-03T00:00:00+00:00,2025-05-23T21:04:00+00:00
C02633,Marco,Fernandez,marco.fernandez2633@example.com,Caloocan,Bronze,2023-12-22T00:00:00+00:00,2025-05-22T02:03:00+00:00
C02634,Grace,Reyes,grace.reyes2634@example.com,Makati,Gold,2023-02-12T00:00:00+00:00,2025-09-11T01:13:00+00:00
C02635,Victor,Castillo,victor.castillo2635@example.com,Caloocan,Bronze,2023-05-12T00:00:00+00:00,2024-07-10T05:00:00+00:00
C02636,Grace,Santos,grace.santos2636@example.com,Pasig,Silver,2023-03-30T00:00:00+00:00,2025-06-13T08:53:00+00:00
C02637,Ana,Cruz,ana.cruz2637@example.com,Pasay,Bronze,2023-06-25T00:00:00+00:00,2024-05-15T13:48:00+00:00
C02638,Ben,Reyes,ben.reyes2638@example.com,Taguig,Bronze,2023-11-01T00:00:00+00:00,2026-02-19T06:21:00+00:00
C02639,Nina,Dela Cruz,nina.delacruz2639@example.com,Manila,Platinum,2023-11-14T00:00:00+00:00,2026-01-20T17:24:00+00:00
C02640,Ivan,Flores,ivan.flores2640@example.com,Manila,Bronze,2023-11-12T00:00:00+00:00,2025-06-26T09:01:00+00:00
C02641,Ivan,Lim,ivan.lim2641@example.com,Mandaluyong,Bronze,2023-07-12T00:00:00+00:00,2024-05-09T09:32:00+00:00
C02642,Ana,Torres,ana.torres2642@example.com,Taguig,Bronze,2023-08-18T00:00:00+00:00,2024-04-01T12:19:00+00:00
C02643,Ben,Bautista,ben.bautista2643@example.com,Makati,Silver,2023-11-27T00:00:00+00:00,2026-01-16T11:11:00+00:00
C02644,Wendy,Navarro,wendy.navarro2644@example.com,Pasig,Platinum,2023-11-04T00:00:00+00:00,2026-04-19T18:40:00+00:00
C02645,Francis,Torres,francis.torres2645@example.com,Taguig,Gold,2023-05-10T00:00:00+00:00,2024-11-22T01:36:00+00:00
C02646,Diego,Tan,diego.tan2646@example.com,Makati,Bronze,2023-04-17T00:00:00+00:00,2025-08-05T04:33:00+00:00
C02647,Carla,Garcia,carla.garcia2647@example.com,Taguig,Bronze,2023-05-15T00:00:00+00:00,2024-08-06T02:24:00+00:00
C02648,Yasmin,Fernandez,yasmin.fernandez2648@example.com,Parañaque,Gold,2023-08-24T00:00:00+00:00,2024-10-07T08:25:00+00:00
C02649,Ben,Lim,ben.lim2649@example.com,Caloocan,Silver,2023-04-20T00:00:00+00:00,2025-11-20T20:54:00+00:00
C02650,Zoe,Cruz,zoe.cruz2650@example.com,Marikina,Bronze,2023-06-23T00:00:00+00:00,2024-06-22T11:56:00+00:00
C02651,Paolo,Dela Cruz,paolo.delacruz2651@example.com,Pasig,Bronze,2023-10-05T00:00:00+00:00,2024-01-28T21:39:00+00:00
C02652,Oscar,Tan,oscar.tan2652@example.com,Marikina,Bronze,2023-11-02T00:00:00+00:00,2025-06-05T15:48:00+00:00
C02653,Sofia,Pascual,sofia.pascual2653@example.com,Caloocan,Platinum,2023-06-29T00:00:00+00:00,2025-11-10T03:03:00+00:00
C02654,Francis,Lim,francis.lim2654@example.com,Taguig,Bronze,2023-09-11T00:00:00+00:00,2025-01-07T22:23:00+00:00
C02655,Grace,Pascual,grace.pascual2655@example.com,Manila,Gold,2023-03-03T00:00:00+00:00,2024-03-01T12:41:00+00:00
C02656,Ramon,Villanueva,ramon.villanueva2656@example.com,Taguig,Bronze,2023-07-27T00:00:00+00:00,2024-07-27T08:32:00+00:00
C02657,Lara,Mendoza,lara.mendoza2657@example.com,Parañaque,Gold,2023-08-31T00:00:00+00:00,2025-05-25T03:27:00+00:00
C02658,Kevin,Castillo,kevin.castillo2658@example.com,Taguig,Platinum,2023-05-31T00:00:00+00:00,2024-10-06T05:16:00+00:00
C02659,Zoe,Pascual,zoe.pascual2659@example.com,Pasay,Bronze,2023-12-18T00:00:00+00:00,2026-03-22T09:32:00+00:00
C02660,Xavier,Villanueva,xavier.villanueva2660@example.com,Caloocan,Gold,2023-02-23T00:00:00+00:00,2024-12-13T10:06:00+00:00
C02661,Uma,Aquino,uma.aquino2661@example.com,Quezon City,Bronze,2023-01-27T00:00:00+00:00,2026-02-14T16:01:00+00:00
C02662,Zoe,Pascual,zoe.pascual2662@example.com,Pasig,Bronze,2023-07-02T00:00:00+00:00,2024-10-17T16:00:00+00:00
C02663,Francis,Bautista,francis.bautista2663@example.com,Mandaluyong,Bronze,2023-05-23T00:00:00+00:00,2025-06-15T04:10:00+00:00
C02664,Marco,Cruz,marco.cruz2664@example.com,Makati,Silver,2023-12-16T00:00:00+00:00,2026-04-24T19:07:00+00:00
C02665,Queenie,Villanueva,queenie.villanueva2665@example.com,Marikina,Bronze,2023-01-16T00:00:00+00:00,2025-06-23T09:48:00+00:00
C02666,Victor,Garcia,victor.garcia2666@example.com,Makati,Bronze,2023-04-06T00:00:00+00:00,2024-04-06T12:44:00+00:00
C02667,Julia,Aquino,julia.aquino2667@example.com,Caloocan,Bronze,2023-03-12T00:00:00+00:00,2024-01-09T06:58:00+00:00
C02668,Ramon,Diaz,ramon.diaz2668@example.com,Pasay,Silver,2023-02-19T00:00:00+00:00,2025-05-14T00:41:00+00:00
C02669,Wendy,Pascual,wendy.pascual2669@example.com,Caloocan,Gold,2023-03-22T00:00:00+00:00,2025-01-09T19:51:00+00:00
C02670,Ben,Dela Cruz,ben.delacruz2670@example.com,Parañaque,Bronze,2023-12-29T00:00:00+00:00,2025-02-03T09:32:00+00:00
C02671,Oscar,Reyes,oscar.reyes2671@example.com,Makati,Silver,2023-02-05T00:00:00+00:00,2024-01-25T00:33:00+00:00
C02672,Wendy,Bautista,wendy.bautista2672@example.com,Marikina,Bronze,2023-12-16T00:00:00+00:00,2024-02-25T20:52:00+00:00
C02673,Carla,Pascual,carla.pascual2673@example.com,Parañaque,Bronze,2023-10-18T00:00:00+00:00,2026-01-25T00:43:00+00:00
C02674,Ivan,Navarro,ivan.navarro2674@example.com,Caloocan,Bronze,2023-07-18T00:00:00+00:00,2024-03-01T03:08:00+00:00
C02675,Ben,Villanueva,ben.villanueva2675@example.com,Manila,Silver,2023-09-01T00:00:00+00:00,2025-06-18T18:03:00+00:00
C02676,Queenie,Mercado,queenie.mercado2676@example.com,Marikina,Gold,2023-05-21T00:00:00+00:00,2024-11-06T11:33:00+00:00
C02677,Xavier,Mendoza,xavier.mendoza2677@example.com,Mandaluyong,Silver,2023-05-06T00:00:00+00:00,2025-12-11T23:49:00+00:00
C02678,Carla,Lim,carla.lim2678@example.com,Pasay,Bronze,2023-10-01T00:00:00+00:00,2024-02-26T19:15:00+00:00
C02679,Xavier,Dela Cruz,xavier.delacruz2679@example.com,Parañaque,Bronze,2023-11-21T00:00:00+00:00,2024-04-05T05:42:00+00:00
C02680,Kevin,Lim,kevin.lim2680@example.com,Marikina,Platinum,2023-11-04T00:00:00+00:00,2024-08-09T21:07:00+00:00
C02681,Ben,Reyes,ben.reyes2681@example.com,Mandaluyong,Silver,2023-10-12T00:00:00+00:00,2024-01-28T20:12:00+00:00
C02682,Julia,Navarro,julia.navarro2682@example.com,Manila,Bronze,2023-02-28T00:00:00+00:00,2024-11-15T19:19:00+00:00
C02683,Carla,Castillo,carla.castillo2683@example.com,Caloocan,Bronze,2023-03-22T00:00:00+00:00,2024-09-02T18:44:00+00:00
C02684,Ana,Dela Cruz,ana.delacruz2684@example.com,Pasig,Bronze,2023-02-20T00:00:00+00:00,2024-02-14T02:19:00+00:00
C02685,Oscar,Castillo,oscar.castillo2685@example.com,Marikina,Gold,2023-11-22T00:00:00+00:00,2026-04-05T09:28:00+00:00
C02686,Zoe,Navarro,zoe.navarro2686@example.com,Taguig,Silver,2023-06-20T00:00:00+00:00,2024-06-23T12:03:00+00:00
C02687,Queenie,Flores,queenie.flores2687@example.com,Makati,Bronze,2023-06-26T00:00:00+00:00,2024-04-30T19:10:00+00:00
C02688,Marco,Lim,marco.lim2688@example.com,Caloocan,Silver,2023-09-16T00:00:00+00:00,2024-12-21T06:16:00+00:00
C02689,Nina,Santos,nina.santos2689@example.com,Parañaque,Gold,2023-01-18T00:00:00+00:00,2025-04-09T23:04:00+00:00
C02690,Yasmin,Castillo,yasmin.castillo2690@example.com,Pasig,Bronze,2023-06-14T00:00:00+00:00,2024-03-29T17:16:00+00:00
C02691,Lara,Santos,lara.santos2691@example.com,Pasig,Silver,2023-02-08T00:00:00+00:00,2025-12-23T07:16:00+00:00
C02692,Marco,Mercado,marco.mercado2692@example.com,Quezon City,Silver,2023-06-15T00:00:00+00:00,2025-10-31T20:05:00+00:00
C02693,Paolo,Cruz,paolo.cruz2693@example.com,Pasig,Bronze,2023-08-11T00:00:00+00:00,2024-04-03T16:49:00+00:00
C02694,Yasmin,Lim,yasmin.lim2694@example.com,Marikina,Silver,2023-05-21T00:00:00+00:00,2024-07-11T19:26:00+00:00
C02695,Julia,Santos,julia.santos2695@example.com,Taguig,Gold,2023-08-20T00:00:00+00:00,2025-04-10T10:05:00+00:00
C02696,Zoe,Castillo,zoe.castillo2696@example.com,Caloocan,Bronze,2023-09-21T00:00:00+00:00,2025-03-13T11:51:00+00:00
C02697,Ivan,Diaz,ivan.diaz2697@example.com,Makati,Bronze,2023-12-16T00:00:00+00:00,2025-08-09T05:21:00+00:00
C02698,Lara,Diaz,lara.diaz2698@example.com,Pasig,Bronze,2023-05-25T00:00:00+00:00,2024-06-17T11:55:00+00:00
C02699,Zoe,Tan,zoe.tan2699@example.com,Pasay,Bronze,2023-11-14T00:00:00+00:00,2024-01-23T13:26:00+00:00
C02700,Marco,Diaz,marco.diaz2700@example.com,Taguig,Bronze,2023-12-03T00:00:00+00:00,2025-09-27T00:39:00+00:00
C02701,Ella,Cruz,ella.cruz2701@example.com,Taguig,Silver,2023-12-10T00:00:00+00:00,2024-11-21T04:10:00+00:00
C02702,Oscar,Flores,oscar.flores2702@example.com,Pasig,Bronze,2023-05-08T00:00:00+00:00,2026-03-06T16:33:00+00:00
C02703,Queenie,Flores,queenie.flores2703@example.com,Manila,Silver,2023-01-16T00:00:00+00:00,2025-10-01T18:37:00+00:00
C02704,Ana,Dela Cruz,ana.delacruz2704@example.com,Pasig,Silver,2023-12-13T00:00:00+00:00,2025-01-02T22:32:00+00:00
C02705,Tomas,Mendoza,tomas.mendoza2705@example.com,Pasig,Platinum,2023-11-19T00:00:00+00:00,2025-04-28T04:31:00+00:00
C02706,Marco,Tan,marco.tan2706@example.com,Taguig,Silver,2023-05-10T00:00:00+00:00,2026-04-07T13:26:00+00:00
C02707,Victor,Garcia,victor.garcia2707@example.com,Caloocan,Bronze,2023-06-15T00:00:00+00:00,2024-11-30T23:05:00+00:00
C02708,Yasmin,Mercado,yasmin.mercado2708@example.com,Mandaluyong,Silver,2023-04-28T00:00:00+00:00,2024-01-26T21:58:00+00:00
C02709,Oscar,Flores,oscar.flores2709@example.com,Taguig,Gold,2023-07-24T00:00:00+00:00,2024-02-07T02:53:00+00:00
C02710,Lara,Lim,lara.lim2710@example.com,Pasay,Bronze,2023-08-06T00:00:00+00:00,2024-05-22T13:21:00+00:00
C02711,Ben,Cruz,ben.cruz2711@example.com,Parañaque,Bronze,2023-02-03T00:00:00+00:00,2024-07-23T07:43:00+00:00
C02712,Lara,Villanueva,lara.villanueva2712@example.com,Parañaque,Silver,2023-02-17T00:00:00+00:00,2024-08-29T22:25:00+00:00
C02713,Grace,Fernandez,grace.fernandez2713@example.com,Makati,Bronze,2023-03-20T00:00:00+00:00,2025-07-06T04:41:00+00:00
C02714,Ramon,Mendoza,ramon.mendoza2714@example.com,Caloocan,Bronze,2023-05-03T00:00:00+00:00,2024-12-07T07:28:00+00:00
C02715,Marco,Aquino,marco.aquino2715@example.com,Pasay,Bronze,2023-09-13T00:00:00+00:00,2026-01-12T12:00:00+00:00
C02716,Queenie,Flores,queenie.flores2716@example.com,Quezon City,Bronze,2023-07-09T00:00:00+00:00,2026-04-19T18:50:00+00:00
C02717,Ben,Lim,ben.lim2717@example.com,Makati,Bronze,2023-11-15T00:00:00+00:00,2024-03-07T23:29:00+00:00
C02718,Paolo,Aquino,paolo.aquino2718@example.com,Caloocan,Bronze,2023-09-17T00:00:00+00:00,2024-09-19T06:24:00+00:00
C02719,Julia,Dela Cruz,julia.delacruz2719@example.com,Caloocan,Silver,2023-05-19T00:00:00+00:00,2024-03-05T17:03:00+00:00
C02720,Ana,Villanueva,ana.villanueva2720@example.com,Mandaluyong,Bronze,2023-01-25T00:00:00+00:00,2025-03-04T20:28:00+00:00
C02721,Wendy,Reyes,wendy.reyes2721@example.com,Taguig,Bronze,2023-11-01T00:00:00+00:00,2025-02-14T15:50:00+00:00
C02722,Sofia,Torres,sofia.torres2722@example.com,Taguig,Bronze,2023-04-02T00:00:00+00:00,2025-08-09T04:35:00+00:00
C02723,Queenie,Ramos,queenie.ramos2723@example.com,Marikina,Bronze,2023-07-21T00:00:00+00:00,2024-02-29T17:48:00+00:00
C02724,Hannah,Santos,hannah.santos2724@example.com,Taguig,Bronze,2023-11-07T00:00:00+00:00,2024-09-25T11:00:00+00:00
C02725,Ben,Dela Cruz,ben.delacruz2725@example.com,Caloocan,Gold,2023-10-17T00:00:00+00:00,2024-03-25T12:39:00+00:00
C02726,Victor,Navarro,victor.navarro2726@example.com,Pasay,Bronze,2023-09-11T00:00:00+00:00,2024-07-31T09:07:00+00:00
C02727,Ben,Diaz,ben.diaz2727@example.com,Makati,Silver,2023-06-17T00:00:00+00:00,2024-10-02T08:58:00+00:00
C02728,Yasmin,Flores,yasmin.flores2728@example.com,Marikina,Bronze,2023-08-22T00:00:00+00:00,2024-05-22T21:38:00+00:00
C02729,Ana,Mercado,ana.mercado2729@example.com,Taguig,Bronze,2023-12-02T00:00:00+00:00,2024-05-18T11:00:00+00:00
C02730,Grace,Navarro,grace.navarro2730@example.com,Pasig,Bronze,2023-09-24T00:00:00+00:00,2025-01-13T02:58:00+00:00
C02731,Uma,Cruz,uma.cruz2731@example.com,Parañaque,Bronze,2023-03-15T00:00:00+00:00,2025-04-27T07:34:00+00:00
C02732,Tomas,Reyes,tomas.reyes2732@example.com,Taguig,Bronze,2023-07-20T00:00:00+00:00,2024-02-14T17:33:00+00:00
C02733,Zoe,Diaz,zoe.diaz2733@example.com,Mandaluyong,Platinum,2023-09-22T00:00:00+00:00,2025-06-24T06:34:00+00:00
C02734,Tomas,Castillo,tomas.castillo2734@example.com,Taguig,Silver,2023-11-09T00:00:00+00:00,2024-01-05T19:23:00+00:00
C02735,Zoe,Mercado,zoe.mercado2735@example.com,Mandaluyong,Bronze,2023-05-10T00:00:00+00:00,2025-05-13T02:09:00+00:00
C02736,Hannah,Garcia,hannah.garcia2736@example.com,Makati,Bronze,2023-02-27T00:00:00+00:00,2025-07-22T13:19:00+00:00
C02737,Julia,Flores,julia.flores2737@example.com,Makati,Bronze,2023-06-11T00:00:00+00:00,2026-04-29T15:31:00+00:00
C02738,Victor,Castillo,victor.castillo2738@example.com,Makati,Gold,2023-07-29T00:00:00+00:00,2025-08-06T13:15:00+00:00
C02739,Sofia,Dela Cruz,sofia.delacruz2739@example.com,Marikina,Bronze,2023-09-10T00:00:00+00:00,2024-01-30T05:40:00+00:00
C02740,Victor,Cruz,victor.cruz2740@example.com,Taguig,Bronze,2023-01-25T00:00:00+00:00,2025-03-13T07:21:00+00:00
C02741,Julia,Torres,julia.torres2741@example.com,Parañaque,Platinum,2023-04-06T00:00:00+00:00,2025-07-26T11:46:00+00:00
C02742,Paolo,Castillo,paolo.castillo2742@example.com,Marikina,Gold,2023-05-20T00:00:00+00:00,2025-01-11T12:59:00+00:00
C02743,Wendy,Villanueva,wendy.villanueva2743@example.com,Manila,Gold,2023-12-29T00:00:00+00:00,2025-08-18T17:19:00+00:00
C02744,Nina,Ramos,nina.ramos2744@example.com,Manila,Silver,2023-06-08T00:00:00+00:00,2025-02-16T12:08:00+00:00
C02745,Uma,Aquino,uma.aquino2745@example.com,Parañaque,Silver,2023-02-12T00:00:00+00:00,2025-05-06T08:03:00+00:00
C02746,Oscar,Tan,oscar.tan2746@example.com,Makati,Bronze,2023-03-24T00:00:00+00:00,2024-02-16T11:58:00+00:00
C02747,Grace,Dela Cruz,grace.delacruz2747@example.com,Quezon City,Gold,2023-01-19T00:00:00+00:00,2024-02-17T17:20:00+00:00
C02748,Ramon,Tan,ramon.tan2748@example.com,Parañaque,Bronze,2023-04-29T00:00:00+00:00,2026-04-21T01:53:00+00:00
C02749,Paolo,Dela Cruz,paolo.delacruz2749@example.com,Manila,Bronze,2023-12-29T00:00:00+00:00,2025-12-04T16:05:00+00:00
C02750,Kevin,Villanueva,kevin.villanueva2750@example.com,Manila,Silver,2023-09-22T00:00:00+00:00,2025-11-25T23:59:00+00:00
C02751,Hannah,Navarro,hannah.navarro2751@example.com,Quezon City,Bronze,2023-07-22T00:00:00+00:00,2024-07-04T14:19:00+00:00
C02752,Francis,Reyes,francis.reyes2752@example.com,Makati,Bronze,2023-08-29T00:00:00+00:00,2024-07-14T04:47:00+00:00
C02753,Ben,Flores,ben.flores2753@example.com,Pasay,Bronze,2023-01-02T00:00:00+00:00,2024-12-02T19:27:00+00:00
C02754,Xavier,Villanueva,xavier.villanueva2754@example.com,Pasig,Bronze,2023-09-13T00:00:00+00:00,2025-11-27T17:45:00+00:00
C02755,Wendy,Tan,wendy.tan2755@example.com,Parañaque,Silver,2023-05-26T00:00:00+00:00,2026-03-09T06:21:00+00:00
C02756,Ben,Santos,ben.santos2756@example.com,Manila,Bronze,2023-12-20T00:00:00+00:00,2024-05-09T16:39:00+00:00
C02757,Zoe,Villanueva,zoe.villanueva2757@example.com,Parañaque,Bronze,2023-06-11T00:00:00+00:00,2025-07-24T17:57:00+00:00
C02758,Nina,Reyes,nina.reyes2758@example.com,Taguig,Silver,2023-05-05T00:00:00+00:00,2024-05-04T05:56:00+00:00
C02759,Xavier,Flores,xavier.flores2759@example.com,Pasig,Gold,2023-09-12T00:00:00+00:00,2025-08-12T06:01:00+00:00
C02760,Carla,Bautista,carla.bautista2760@example.com,Caloocan,Gold,2023-05-14T00:00:00+00:00,2025-07-17T11:45:00+00:00
C02761,Victor,Lim,victor.lim2761@example.com,Makati,Silver,2023-10-25T00:00:00+00:00,2024-11-28T12:24:00+00:00
C02762,Ben,Mendoza,ben.mendoza2762@example.com,Pasig,Bronze,2023-10-25T00:00:00+00:00,2024-05-04T17:50:00+00:00
C02763,Carla,Torres,carla.torres2763@example.com,Pasig,Silver,2023-03-05T00:00:00+00:00,2024-08-29T19:35:00+00:00
C02764,Grace,Mendoza,grace.mendoza2764@example.com,Caloocan,Silver,2023-01-28T00:00:00+00:00,2024-11-10T07:01:00+00:00
C02765,Wendy,Mendoza,wendy.mendoza2765@example.com,Manila,Bronze,2023-06-17T00:00:00+00:00,2025-04-21T23:59:00+00:00
C02766,Julia,Villanueva,julia.villanueva2766@example.com,Marikina,Silver,2023-03-05T00:00:00+00:00,2026-03-12T12:22:00+00:00
C02767,Ben,Mendoza,ben.mendoza2767@example.com,Pasay,Bronze,2023-12-17T00:00:00+00:00,2025-04-15T08:31:00+00:00
C02768,Kevin,Navarro,kevin.navarro2768@example.com,Caloocan,Bronze,2023-07-08T00:00:00+00:00,2024-05-26T17:50:00+00:00
C02769,Carla,Tan,carla.tan2769@example.com,Pasig,Silver,2023-07-05T00:00:00+00:00,2025-01-24T01:06:00+00:00
C02770,Ivan,Reyes,ivan.reyes2770@example.com,Pasay,Bronze,2023-10-13T00:00:00+00:00,2025-10-20T02:50:00+00:00
C02771,Ben,Fernandez,ben.fernandez2771@example.com,Pasay,Platinum,2023-02-25T00:00:00+00:00,2025-02-07T07:10:00+00:00
C02772,Carla,Ramos,carla.ramos2772@example.com,Marikina,Bronze,2023-08-04T00:00:00+00:00,2024-04-09T07:07:00+00:00
C02773,Marco,Mercado,marco.mercado2773@example.com,Parañaque,Bronze,2023-04-07T00:00:00+00:00,2024-03-11T10:58:00+00:00
C02774,Grace,Bautista,grace.bautista2774@example.com,Taguig,Platinum,2023-03-05T00:00:00+00:00,2024-04-16T19:29:00+00:00
C02775,Francis,Navarro,francis.navarro2775@example.com,Parañaque,Bronze,2023-05-17T00:00:00+00:00,2024-03-26T09:15:00+00:00
C02776,Hannah,Diaz,hannah.diaz2776@example.com,Mandaluyong,Bronze,2023-07-19T00:00:00+00:00,2024-11-28T01:25:00+00:00
C02777,Marco,Mercado,marco.mercado2777@example.com,Taguig,Bronze,2023-06-28T00:00:00+00:00,2024-06-25T04:41:00+00:00
C02778,Yasmin,Bautista,yasmin.bautista2778@example.com,Manila,Silver,2023-09-04T00:00:00+00:00,2025-11-16T18:57:00+00:00
C02779,Carla,Fernandez,carla.fernandez2779@example.com,Pasig,Silver,2023-02-11T00:00:00+00:00,2024-07-05T07:50:00+00:00
C02780,Lara,Lim,lara.lim2780@example.com,Parañaque,Gold,2023-03-22T00:00:00+00:00,2024-09-01T00:08:00+00:00
C02781,Carla,Aquino,carla.aquino2781@example.com,Quezon City,Bronze,2023-01-18T00:00:00+00:00,2024-09-06T21:56:00+00:00
C02782,Hannah,Garcia,hannah.garcia2782@example.com,Pasig,Bronze,2023-12-16T00:00:00+00:00,2026-01-25T01:29:00+00:00
C02783,Wendy,Santos,wendy.santos2783@example.com,Marikina,Gold,2023-04-01T00:00:00+00:00,2024-01-13T20:29:00+00:00
C02784,Queenie,Aquino,queenie.aquino2784@example.com,Manila,Platinum,2023-12-01T00:00:00+00:00,2024-10-10T10:00:00+00:00
C02785,Ivan,Pascual,ivan.pascual2785@example.com,Parañaque,Platinum,2023-03-30T00:00:00+00:00,2024-08-30T02:42:00+00:00
C02786,Ana,Cruz,ana.cruz2786@example.com,Taguig,Bronze,2023-11-02T00:00:00+00:00,2025-03-25T07:13:00+00:00
C02787,Zoe,Castillo,zoe.castillo2787@example.com,Pasay,Bronze,2023-12-29T00:00:00+00:00,2025-10-20T17:18:00+00:00
C02788,Yasmin,Fernandez,yasmin.fernandez2788@example.com,Manila,Bronze,2023-03-29T00:00:00+00:00,2024-03-11T12:48:00+00:00
C02789,Sofia,Navarro,sofia.navarro2789@example.com,Caloocan,Bronze,2023-07-08T00:00:00+00:00,2024-02-25T05:44:00+00:00
C02790,Diego,Dela Cruz,diego.delacruz2790@example.com,Caloocan,Silver,2023-07-24T00:00:00+00:00,2026-01-03T03:26:00+00:00
C02791,Carla,Mendoza,carla.mendoza2791@example.com,Caloocan,Bronze,2023-08-27T00:00:00+00:00,2026-01-30T09:43:00+00:00
C02792,Ivan,Ramos,ivan.ramos2792@example.com,Pasig,Bronze,2023-05-23T00:00:00+00:00,2025-07-23T11:04:00+00:00
C02793,Queenie,Cruz,queenie.cruz2793@example.com,Marikina,Silver,2023-05-25T00:00:00+00:00,2025-04-10T06:08:00+00:00
C02794,Ivan,Dela Cruz,ivan.delacruz2794@example.com,Quezon City,Bronze,2023-01-06T00:00:00+00:00,2024-03-18T00:43:00+00:00
C02795,Zoe,Bautista,zoe.bautista2795@example.com,Makati,Bronze,2023-07-04T00:00:00+00:00,2025-04-05T01:06:00+00:00
C02796,Tomas,Diaz,tomas.diaz2796@example.com,Pasay,Bronze,2023-04-03T00:00:00+00:00,2025-09-15T23:08:00+00:00
C02797,Oscar,Castillo,oscar.castillo2797@example.com,Makati,Bronze,2023-09-13T00:00:00+00:00,2025-04-11T11:32:00+00:00
C02798,Tomas,Ramos,tomas.ramos2798@example.com,Pasay,Silver,2023-02-15T00:00:00+00:00,2025-06-01T09:03:00+00:00
C02799,Yasmin,Cruz,yasmin.cruz2799@example.com,Manila,Bronze,2023-01-12T00:00:00+00:00,2025-04-09T16:32:00+00:00
C02800,Nina,Bautista,nina.bautista2800@example.com,Parañaque,Silver,2023-05-15T00:00:00+00:00,2024-11-22T12:47:00+00:00
C02801,Marco,Tan,marco.tan2801@example.com,Marikina,Bronze,2023-05-12T00:00:00+00:00,2024-05-03T17:48:00+00:00
C02802,Julia,Mendoza,julia.mendoza2802@example.com,Mandaluyong,Silver,2023-03-25T00:00:00+00:00,2024-12-27T16:29:00+00:00
C02803,Tomas,Garcia,tomas.garcia2803@example.com,Parañaque,Bronze,2023-01-25T00:00:00+00:00,2025-01-21T07:37:00+00:00
C02804,Nina,Santos,nina.santos2804@example.com,Parañaque,Silver,2023-02-17T00:00:00+00:00,2024-12-05T13:55:00+00:00
C02805,Ana,Garcia,ana.garcia2805@example.com,Pasig,Silver,2023-01-24T00:00:00+00:00,2024-09-29T18:44:00+00:00
C02806,Ramon,Reyes,ramon.reyes2806@example.com,Mandaluyong,Bronze,2023-08-23T00:00:00+00:00,2025-03-31T20:24:00+00:00
C02807,Ella,Dela Cruz,ella.delacruz2807@example.com,Marikina,Bronze,2023-05-12T00:00:00+00:00,2026-01-05T00:44:00+00:00
C02808,Wendy,Ramos,wendy.ramos2808@example.com,Marikina,Bronze,2023-06-21T00:00:00+00:00,2026-01-24T18:39:00+00:00
C02809,Carla,Castillo,carla.castillo2809@example.com,Pasig,Gold,2023-03-09T00:00:00+00:00,2025-07-09T04:33:00+00:00
C02810,Diego,Navarro,diego.navarro2810@example.com,Caloocan,Bronze,2023-03-25T00:00:00+00:00,2025-06-16T18:37:00+00:00
C02811,Hannah,Navarro,hannah.navarro2811@example.com,Parañaque,Bronze,2023-10-24T00:00:00+00:00,2024-01-24T00:45:00+00:00
C02812,Kevin,Pascual,kevin.pascual2812@example.com,Parañaque,Bronze,2023-12-21T00:00:00+00:00,2024-09-09T09:04:00+00:00
C02813,Xavier,Santos,xavier.santos2813@example.com,Marikina,Bronze,2023-10-14T00:00:00+00:00,2025-09-22T23:34:00+00:00
C02814,Carla,Villanueva,carla.villanueva2814@example.com,Manila,Gold,2023-09-22T00:00:00+00:00,2025-07-25T23:20:00+00:00
C02815,Nina,Dela Cruz,nina.delacruz2815@example.com,Quezon City,Silver,2023-06-28T00:00:00+00:00,2025-02-18T18:03:00+00:00
C02816,Kevin,Diaz,kevin.diaz2816@example.com,Mandaluyong,Silver,2023-03-03T00:00:00+00:00,2026-01-21T13:54:00+00:00
C02817,Carla,Torres,carla.torres2817@example.com,Marikina,Bronze,2023-04-08T00:00:00+00:00,2024-04-30T12:20:00+00:00
C02818,Carla,Tan,carla.tan2818@example.com,Quezon City,Silver,2023-11-30T00:00:00+00:00,2026-01-14T05:07:00+00:00
C02819,Julia,Lim,julia.lim2819@example.com,Pasig,Silver,2023-09-13T00:00:00+00:00,2025-09-12T05:56:00+00:00
C02820,Francis,Dela Cruz,francis.delacruz2820@example.com,Pasig,Bronze,2023-10-08T00:00:00+00:00,2024-07-20T05:45:00+00:00
C02821,Nina,Reyes,nina.reyes2821@example.com,Parañaque,Silver,2023-08-13T00:00:00+00:00,2025-06-25T13:32:00+00:00
C02822,Ella,Reyes,ella.reyes2822@example.com,Parañaque,Bronze,2023-02-18T00:00:00+00:00,2024-05-03T07:47:00+00:00
C02823,Sofia,Castillo,sofia.castillo2823@example.com,Makati,Platinum,2023-12-09T00:00:00+00:00,2025-12-10T01:22:00+00:00
C02824,Julia,Castillo,julia.castillo2824@example.com,Pasig,Bronze,2023-05-31T00:00:00+00:00,2024-11-11T22:37:00+00:00
C02825,Kevin,Fernandez,kevin.fernandez2825@example.com,Taguig,Silver,2023-05-22T00:00:00+00:00,2025-02-07T04:04:00+00:00
C02826,Xavier,Dela Cruz,xavier.delacruz2826@example.com,Quezon City,Bronze,2023-03-03T00:00:00+00:00,2026-01-04T23:58:00+00:00
C02827,Hannah,Villanueva,hannah.villanueva2827@example.com,Marikina,Bronze,2023-01-08T00:00:00+00:00,2024-07-31T05:42:00+00:00
C02828,Ella,Lim,ella.lim2828@example.com,Marikina,Bronze,2023-07-10T00:00:00+00:00,2024-10-10T04:24:00+00:00
C02829,Marco,Dela Cruz,marco.delacruz2829@example.com,Mandaluyong,Bronze,2023-05-13T00:00:00+00:00,2025-01-10T14:02:00+00:00
C02830,Paolo,Mendoza,paolo.mendoza2830@example.com,Pasig,Gold,2023-10-11T00:00:00+00:00,2024-04-26T18:29:00+00:00
C02831,Ben,Ramos,ben.ramos2831@example.com,Caloocan,Silver,2023-10-20T00:00:00+00:00,2025-11-15T20:03:00+00:00
C02832,Kevin,Tan,kevin.tan2832@example.com,Manila,Gold,2023-08-13T00:00:00+00:00,2024-05-29T05:05:00+00:00
C02833,Ana,Dela Cruz,ana.delacruz2833@example.com,Marikina,Silver,2023-11-30T00:00:00+00:00,2025-09-17T12:17:00+00:00
C02834,Oscar,Reyes,oscar.reyes2834@example.com,Quezon City,Bronze,2023-08-19T00:00:00+00:00,2025-07-06T04:50:00+00:00
C02835,Hannah,Flores,hannah.flores2835@example.com,Pasig,Silver,2023-12-02T00:00:00+00:00,2024-01-11T01:20:00+00:00
C02836,Carla,Cruz,carla.cruz2836@example.com,Marikina,Silver,2023-06-08T00:00:00+00:00,2025-08-16T22:32:00+00:00
C02837,Tomas,Garcia,tomas.garcia2837@example.com,Taguig,Gold,2023-08-31T00:00:00+00:00,2024-06-29T11:09:00+00:00
C02838,Carla,Dela Cruz,carla.delacruz2838@example.com,Marikina,Gold,2023-02-20T00:00:00+00:00,2025-05-10T19:45:00+00:00
C02839,Tomas,Santos,tomas.santos2839@example.com,Pasay,Bronze,2023-03-17T00:00:00+00:00,2024-07-25T06:51:00+00:00
C02840,Julia,Santos,julia.santos2840@example.com,Makati,Bronze,2023-11-20T00:00:00+00:00,2024-03-31T23:31:00+00:00
C02841,Ramon,Reyes,ramon.reyes2841@example.com,Makati,Bronze,2023-06-06T00:00:00+00:00,2025-07-25T15:18:00+00:00
C02842,Ella,Ramos,ella.ramos2842@example.com,Caloocan,Bronze,2023-06-23T00:00:00+00:00,2024-10-31T02:31:00+00:00
C02843,Diego,Garcia,diego.garcia2843@example.com,Mandaluyong,Silver,2023-07-25T00:00:00+00:00,2025-05-22T09:00:00+00:00
C02844,Ben,Reyes,ben.reyes2844@example.com,Pasig,Bronze,2023-08-21T00:00:00+00:00,2026-02-22T14:39:00+00:00
C02845,Paolo,Flores,paolo.flores2845@example.com,Pasig,Gold,2023-01-16T00:00:00+00:00,2025-01-27T10:49:00+00:00
C02846,Carla,Mercado,carla.mercado2846@example.com,Manila,Bronze,2023-05-24T00:00:00+00:00,2024-01-02T04:15:00+00:00
C02847,Xavier,Castillo,xavier.castillo2847@example.com,Caloocan,Gold,2023-12-09T00:00:00+00:00,2026-04-16T09:49:00+00:00
C02848,Grace,Dela Cruz,grace.delacruz2848@example.com,Pasay,Bronze,2023-04-07T00:00:00+00:00,2026-01-07T06:57:00+00:00
C02849,Xavier,Reyes,xavier.reyes2849@example.com,Makati,Silver,2023-10-05T00:00:00+00:00,2025-11-25T00:31:00+00:00
C02850,Ramon,Mendoza,ramon.mendoza2850@example.com,Marikina,Platinum,2023-03-03T00:00:00+00:00,2025-07-20T16:35:00+00:00
C02851,Julia,Tan,julia.tan2851@example.com,Pasay,Gold,2023-05-18T00:00:00+00:00,2025-01-26T00:26:00+00:00
C02852,Tomas,Torres,tomas.torres2852@example.com,Taguig,Bronze,2023-10-20T00:00:00+00:00,2026-03-18T00:00:00+00:00
C02853,Wendy,Dela Cruz,wendy.delacruz2853@example.com,Taguig,Bronze,2023-02-26T00:00:00+00:00,2025-09-24T12:06:00+00:00
C02854,Hannah,Tan,hannah.tan2854@example.com,Marikina,Platinum,2023-10-28T00:00:00+00:00,2024-01-08T08:52:00+00:00
C02855,Zoe,Ramos,zoe.ramos2855@example.com,Quezon City,Silver,2023-12-02T00:00:00+00:00,2025-11-22T07:12:00+00:00
C02856,Hannah,Pascual,hannah.pascual2856@example.com,Makati,Bronze,2023-05-13T00:00:00+00:00,2025-05-13T09:10:00+00:00
C02857,Yasmin,Cruz,yasmin.cruz2857@example.com,Parañaque,Bronze,2023-07-18T00:00:00+00:00,2025-07-13T09:03:00+00:00
C02858,Julia,Diaz,julia.diaz2858@example.com,Pasig,Bronze,2023-05-15T00:00:00+00:00,2025-12-11T04:39:00+00:00
C02859,Diego,Castillo,diego.castillo2859@example.com,Pasay,Platinum,2023-04-25T00:00:00+00:00,2025-07-03T18:00:00+00:00
C02860,Queenie,Navarro,queenie.navarro2860@example.com,Pasay,Silver,2023-10-13T00:00:00+00:00,2024-06-20T04:55:00+00:00
C02861,Sofia,Mercado,sofia.mercado2861@example.com,Pasig,Silver,2023-01-27T00:00:00+00:00,2025-04-06T12:22:00+00:00
C02862,Tomas,Bautista,tomas.bautista2862@example.com,Parañaque,Bronze,2023-03-24T00:00:00+00:00,2025-12-26T19:26:00+00:00
C02863,Diego,Mendoza,diego.mendoza2863@example.com,Pasay,Gold,2023-03-15T00:00:00+00:00,2024-04-24T16:00:00+00:00
C02864,Ivan,Aquino,ivan.aquino2864@example.com,Caloocan,Bronze,2023-12-27T00:00:00+00:00,2024-12-15T00:59:00+00:00
C02865,Wendy,Cruz,wendy.cruz2865@example.com,Mandaluyong,Bronze,2023-06-08T00:00:00+00:00,2024-11-12T07:45:00+00:00
C02866,Yasmin,Castillo,yasmin.castillo2866@example.com,Marikina,Platinum,2023-01-18T00:00:00+00:00,2025-01-03T15:21:00+00:00
C02867,Wendy,Aquino,wendy.aquino2867@example.com,Pasay,Silver,2023-12-09T00:00:00+00:00,2026-03-10T10:53:00+00:00
C02868,Paolo,Pascual,paolo.pascual2868@example.com,Caloocan,Bronze,2023-08-23T00:00:00+00:00,2024-07-16T22:54:00+00:00
C02869,Wendy,Dela Cruz,wendy.delacruz2869@example.com,Manila,Bronze,2023-01-16T00:00:00+00:00,2024-09-02T23:29:00+00:00
C02870,Ana,Garcia,ana.garcia2870@example.com,Pasig,Bronze,2023-03-13T00:00:00+00:00,2025-08-30T20:46:00+00:00
C02871,Xavier,Aquino,xavier.aquino2871@example.com,Pasay,Bronze,2023-08-24T00:00:00+00:00,2024-04-15T23:24:00+00:00
C02872,Ivan,Aquino,ivan.aquino2872@example.com,Caloocan,Bronze,2023-05-19T00:00:00+00:00,2026-01-21T16:11:00+00:00
C02873,Carla,Santos,carla.santos2873@example.com,Pasig,Silver,2023-04-08T00:00:00+00:00,2025-09-09T06:44:00+00:00
C02874,Queenie,Aquino,queenie.aquino2874@example.com,Pasig,Platinum,2023-08-13T00:00:00+00:00,2024-06-21T12:41:00+00:00
C02875,Lara,Villanueva,lara.villanueva2875@example.com,Caloocan,Gold,2023-04-05T00:00:00+00:00,2025-12-12T19:21:00+00:00
C02876,Grace,Garcia,grace.garcia2876@example.com,Makati,Silver,2023-11-15T00:00:00+00:00,2024-08-07T12:36:00+00:00
C02877,Ivan,Navarro,ivan.navarro2877@example.com,Caloocan,Gold,2023-08-29T00:00:00+00:00,2025-11-05T21:54:00+00:00
C02878,Grace,Cruz,grace.cruz2878@example.com,Makati,Gold,2023-11-13T00:00:00+00:00,2025-08-04T19:14:00+00:00
C02879,Ella,Fernandez,ella.fernandez2879@example.com,Marikina,Bronze,2023-07-26T00:00:00+00:00,2024-08-01T03:46:00+00:00
C02880,Marco,Mercado,marco.mercado2880@example.com,Pasay,Gold,2023-12-23T00:00:00+00:00,2024-07-19T10:08:00+00:00
C02881,Zoe,Garcia,zoe.garcia2881@example.com,Pasig,Silver,2024-01-01T00:00:00+00:00,2024-07-04T11:59:00+00:00
C02882,Nina,Tan,nina.tan2882@example.com,Taguig,Gold,2023-06-04T00:00:00+00:00,2024-10-03T03:09:00+00:00
C02883,Ramon,Mendoza,ramon.mendoza2883@example.com,Manila,Bronze,2023-08-20T00:00:00+00:00,2025-11-08T18:49:00+00:00
C02884,Hannah,Torres,hannah.torres2884@example.com,Mandaluyong,Bronze,2023-07-20T00:00:00+00:00,2025-12-09T08:26:00+00:00
C02885,Zoe,Navarro,zoe.navarro2885@example.com,Marikina,Silver,2023-07-06T00:00:00+00:00,2024-12-20T04:55:00+00:00
C02886,Diego,Tan,diego.tan2886@example.com,Manila,Gold,2023-03-28T00:00:00+00:00,2025-03-14T13:27:00+00:00
C02887,Ben,Dela Cruz,ben.delacruz2887@example.com,Parañaque,Bronze,2023-05-25T00:00:00+00:00,2025-01-21T11:41:00+00:00
C02888,Victor,Mendoza,victor.mendoza2888@example.com,Caloocan,Bronze,2023-11-19T00:00:00+00:00,2024-08-21T21:15:00+00:00
C02889,Uma,Reyes,uma.reyes2889@example.com,Quezon City,Silver,2023-07-04T00:00:00+00:00,2024-01-12T20:02:00+00:00
C02890,Nina,Cruz,nina.cruz2890@example.com,Taguig,Silver,2023-09-17T00:00:00+00:00,2025-07-25T12:53:00+00:00
C02891,Carla,Santos,carla.santos2891@example.com,Pasay,Silver,2023-09-09T00:00:00+00:00,2025-01-14T18:17:00+00:00
C02892,Xavier,Tan,xavier.tan2892@example.com,Parañaque,Silver,2023-02-26T00:00:00+00:00,2025-08-18T12:02:00+00:00
C02893,Lara,Tan,lara.tan2893@example.com,Pasay,Silver,2023-09-09T00:00:00+00:00,2025-05-19T21:34:00+00:00
C02894,Oscar,Torres,oscar.torres2894@example.com,Pasay,Silver,2023-05-26T00:00:00+00:00,2024-01-20T10:57:00+00:00
C02895,Zoe,Castillo,zoe.castillo2895@example.com,Pasig,Bronze,2023-02-23T00:00:00+00:00,2026-01-22T01:03:00+00:00
C02896,Nina,Bautista,nina.bautista2896@example.com,Mandaluyong,Bronze,2023-01-19T00:00:00+00:00,2024-03-05T17:30:00+00:00
C02897,Francis,Reyes,francis.reyes2897@example.com,Makati,Bronze,2023-02-10T00:00:00+00:00,2024-08-15T17:21:00+00:00
C02898,Yasmin,Fernandez,yasmin.fernandez2898@example.com,Mandaluyong,Bronze,2023-08-03T00:00:00+00:00,2025-10-23T10:25:00+00:00
C02899,Zoe,Tan,zoe.tan2899@example.com,Quezon City,Silver,2023-11-18T00:00:00+00:00,2026-03-12T20:25:00+00:00
C02900,Hannah,Dela Cruz,hannah.delacruz2900@example.com,Manila,Gold,2023-11-18T00:00:00+00:00,2025-02-22T18:30:00+00:00
C02901,Carla,Reyes,carla.reyes2901@example.com,Mandaluyong,Bronze,2023-04-06T00:00:00+00:00,2025-01-15T07:53:00+00:00
C02902,Hannah,Bautista,hannah.bautista2902@example.com,Taguig,Bronze,2023-09-22T00:00:00+00:00,2025-04-02T10:08:00+00:00
C02903,Paolo,Reyes,paolo.reyes2903@example.com,Pasay,Silver,2023-10-04T00:00:00+00:00,2025-07-29T08:19:00+00:00
C02904,Xavier,Pascual,xavier.pascual2904@example.com,Caloocan,Bronze,2023-02-15T00:00:00+00:00,2024-01-21T10:56:00+00:00
C02905,Marco,Mercado,marco.mercado2905@example.com,Pasay,Bronze,2023-02-14T00:00:00+00:00,2026-04-01T23:14:00+00:00
C02906,Carla,Navarro,carla.navarro2906@example.com,Quezon City,Gold,2023-11-29T00:00:00+00:00,2026-03-28T23:45:00+00:00
C02907,Hannah,Pascual,hannah.pascual2907@example.com,Mandaluyong,Silver,2023-08-05T00:00:00+00:00,2025-06-28T07:03:00+00:00
C02908,Queenie,Navarro,queenie.navarro2908@example.com,Parañaque,Bronze,2023-04-04T00:00:00+00:00,2025-06-28T22:17:00+00:00
C02909,Ana,Garcia,ana.garcia2909@example.com,Manila,Gold,2023-03-31T00:00:00+00:00,2025-02-08T17:40:00+00:00
C02910,Julia,Fernandez,julia.fernandez2910@example.com,Parañaque,Silver,2023-06-06T00:00:00+00:00,2025-02-02T15:18:00+00:00
C02911,Hannah,Cruz,hannah.cruz2911@example.com,Pasig,Silver,2023-02-26T00:00:00+00:00,2024-07-26T07:58:00+00:00
C02912,Paolo,Garcia,paolo.garcia2912@example.com,Caloocan,Silver,2023-10-09T00:00:00+00:00,2024-06-25T18:03:00+00:00
C02913,Grace,Navarro,grace.navarro2913@example.com,Parañaque,Bronze,2023-09-15T00:00:00+00:00,2024-10-10T07:18:00+00:00
C02914,Xavier,Garcia,xavier.garcia2914@example.com,Makati,Bronze,2023-12-03T00:00:00+00:00,2024-07-19T05:16:00+00:00
C02915,Julia,Santos,julia.santos2915@example.com,Taguig,Bronze,2023-12-19T00:00:00+00:00,2026-01-05T13:41:00+00:00
C02916,Xavier,Castillo,xavier.castillo2916@example.com,Manila,Bronze,2023-06-21T00:00:00+00:00,2024-07-17T23:35:00+00:00
C02917,Carla,Tan,carla.tan2917@example.com,Parañaque,Bronze,2023-07-23T00:00:00+00:00,2025-12-26T02:39:00+00:00
C02918,Julia,Cruz,julia.cruz2918@example.com,Quezon City,Bronze,2023-12-24T00:00:00+00:00,2025-03-12T20:48:00+00:00
C02919,Marco,Flores,marco.flores2919@example.com,Caloocan,Gold,2023-09-25T00:00:00+00:00,2024-12-02T23:25:00+00:00
C02920,Nina,Bautista,nina.bautista2920@example.com,Quezon City,Bronze,2023-11-23T00:00:00+00:00,2024-05-16T13:51:00+00:00
C02921,Marco,Reyes,marco.reyes2921@example.com,Quezon City,Platinum,2023-04-24T00:00:00+00:00,2024-06-19T15:26:00+00:00
C02922,Ivan,Aquino,ivan.aquino2922@example.com,Parañaque,Gold,2023-12-08T00:00:00+00:00,2025-04-02T06:23:00+00:00
C02923,Uma,Dela Cruz,uma.delacruz2923@example.com,Taguig,Bronze,2023-11-11T00:00:00+00:00,2025-11-15T20:57:00+00:00
C02924,Zoe,Mercado,zoe.mercado2924@example.com,Pasay,Bronze,2023-07-07T00:00:00+00:00,2025-06-03T13:56:00+00:00
C02925,Julia,Ramos,julia.ramos2925@example.com,Pasay,Silver,2023-08-21T00:00:00+00:00,2025-06-19T20:40:00+00:00
C02926,Zoe,Cruz,zoe.cruz2926@example.com,Manila,Gold,2023-05-15T00:00:00+00:00,2025-04-30T17:57:00+00:00
C02927,Uma,Torres,uma.torres2927@example.com,Quezon City,Bronze,2023-08-19T00:00:00+00:00,2024-10-16T21:25:00+00:00
C02928,Paolo,Flores,paolo.flores2928@example.com,Taguig,Gold,2023-04-12T00:00:00+00:00,2024-11-22T17:41:00+00:00
C02929,Oscar,Lim,oscar.lim2929@example.com,Mandaluyong,Silver,2023-07-06T00:00:00+00:00,2024-09-01T22:26:00+00:00
C02930,Lara,Garcia,lara.garcia2930@example.com,Marikina,Bronze,2023-08-27T00:00:00+00:00,2026-01-10T02:35:00+00:00
C02931,Victor,Mendoza,victor.mendoza2931@example.com,Marikina,Silver,2023-03-17T00:00:00+00:00,2025-07-26T16:51:00+00:00
C02932,Nina,Torres,nina.torres2932@example.com,Pasig,Bronze,2023-04-23T00:00:00+00:00,2025-07-14T20:46:00+00:00
C02933,Grace,Tan,grace.tan2933@example.com,Pasig,Gold,2023-01-01T00:00:00+00:00,2025-09-30T10:28:00+00:00
C02934,Ana,Mendoza,ana.mendoza2934@example.com,Caloocan,Silver,2023-10-14T00:00:00+00:00,2024-12-20T13:12:00+00:00
C02935,Julia,Torres,julia.torres2935@example.com,Pasig,Bronze,2023-11-12T00:00:00+00:00,2024-07-08T21:50:00+00:00
C02936,Queenie,Mendoza,queenie.mendoza2936@example.com,Marikina,Bronze,2023-04-20T00:00:00+00:00,2024-11-05T06:50:00+00:00
C02937,Marco,Lim,marco.lim2937@example.com,Makati,Bronze,2023-07-18T00:00:00+00:00,2024-07-20T15:35:00+00:00
C02938,Ivan,Ramos,ivan.ramos2938@example.com,Taguig,Bronze,2023-10-14T00:00:00+00:00,2025-07-02T02:06:00+00:00
C02939,Xavier,Ramos,xavier.ramos2939@example.com,Pasay,Silver,2023-06-12T00:00:00+00:00,2024-11-21T04:05:00+00:00
C02940,Marco,Mendoza,marco.mendoza2940@example.com,Caloocan,Gold,2023-09-11T00:00:00+00:00,2024-08-01T10:50:00+00:00
C02941,Paolo,Diaz,paolo.diaz2941@example.com,Pasig,Platinum,2023-10-23T00:00:00+00:00,2024-11-24T12:31:00+00:00
C02942,Sofia,Cruz,sofia.cruz2942@example.com,Mandaluyong,Platinum,2023-06-25T00:00:00+00:00,2024-06-24T04:23:00+00:00
C02943,Carla,Torres,carla.torres2943@example.com,Pasig,Bronze,2023-02-21T00:00:00+00:00,2024-10-22T04:57:00+00:00
C02944,Queenie,Dela Cruz,queenie.delacruz2944@example.com,Pasig,Gold,2023-01-10T00:00:00+00:00,2024-11-25T21:18:00+00:00
C02945,Carla,Garcia,carla.garcia2945@example.com,Manila,Bronze,2023-12-15T00:00:00+00:00,2024-06-17T09:22:00+00:00
C02946,Ivan,Diaz,ivan.diaz2946@example.com,Caloocan,Bronze,2023-10-11T00:00:00+00:00,2024-09-18T17:21:00+00:00
C02947,Paolo,Mendoza,paolo.mendoza2947@example.com,Mandaluyong,Bronze,2023-03-14T00:00:00+00:00,2024-10-19T02:22:00+00:00
C02948,Julia,Flores,julia.flores2948@example.com,Parañaque,Silver,2023-05-19T00:00:00+00:00,2024-03-16T18:42:00+00:00
C02949,Yasmin,Bautista,yasmin.bautista2949@example.com,Pasig,Silver,2023-11-30T00:00:00+00:00,2025-05-16T12:48:00+00:00
C02950,Ana,Aquino,ana.aquino2950@example.com,Makati,Bronze,2023-07-26T00:00:00+00:00,2024-06-02T00:11:00+00:00
C02951,Yasmin,Castillo,yasmin.castillo2951@example.com,Manila,Silver,2023-01-02T00:00:00+00:00,2024-11-07T18:22:00+00:00
C02952,Lara,Flores,lara.flores2952@example.com,Mandaluyong,Bronze,2023-01-08T00:00:00+00:00,2025-07-01T23:37:00+00:00
C02953,Tomas,Torres,tomas.torres2953@example.com,Manila,Silver,2023-08-02T00:00:00+00:00,2025-06-29T23:22:00+00:00
C02954,Diego,Pascual,diego.pascual2954@example.com,Taguig,Silver,2023-07-17T00:00:00+00:00,2025-05-01T04:27:00+00:00
C02955,Nina,Navarro,nina.navarro2955@example.com,Taguig,Gold,2023-02-25T00:00:00+00:00,2025-12-29T08:24:00+00:00
C02956,Sofia,Fernandez,sofia.fernandez2956@example.com,Caloocan,Bronze,2023-02-25T00:00:00+00:00,2026-03-22T12:53:00+00:00
C02957,Ella,Tan,ella.tan2957@example.com,Quezon City,Bronze,2023-05-20T00:00:00+00:00,2025-07-07T03:02:00+00:00
C02958,Xavier,Tan,xavier.tan2958@example.com,Quezon City,Bronze,2023-12-01T00:00:00+00:00,2025-05-10T05:36:00+00:00
C02959,Wendy,Castillo,wendy.castillo2959@example.com,Makati,Gold,2023-07-23T00:00:00+00:00,2024-10-27T14:10:00+00:00
C02960,Queenie,Aquino,queenie.aquino2960@example.com,Caloocan,Silver,2023-02-08T00:00:00+00:00,2024-09-05T02:12:00+00:00
C02961,Ramon,Fernandez,ramon.fernandez2961@example.com,Quezon City,Gold,2023-12-25T00:00:00+00:00,2024-10-26T18:29:00+00:00
C02962,Lara,Ramos,lara.ramos2962@example.com,Makati,Gold,2023-12-07T00:00:00+00:00,2024-01-06T13:48:00+00:00
C02963,Ella,Flores,ella.flores2963@example.com,Mandaluyong,Bronze,2023-03-14T00:00:00+00:00,2026-01-20T02:43:00+00:00
C02964,Nina,Bautista,nina.bautista2964@example.com,Makati,Silver,2023-10-19T00:00:00+00:00,2024-10-15T21:52:00+00:00
C02965,Diego,Flores,diego.flores2965@example.com,Pasig,Bronze,2023-09-24T00:00:00+00:00,2024-09-13T00:41:00+00:00
C02966,Kevin,Pascual,kevin.pascual2966@example.com,Caloocan,Gold,2023-04-02T00:00:00+00:00,2026-01-31T11:58:00+00:00
C02967,Grace,Dela Cruz,grace.delacruz2967@example.com,Mandaluyong,Silver,2023-08-18T00:00:00+00:00,2025-12-20T13:29:00+00:00
C02968,Uma,Aquino,uma.aquino2968@example.com,Quezon City,Silver,2023-02-05T00:00:00+00:00,2024-02-29T20:54:00+00:00
C02969,Lara,Torres,lara.torres2969@example.com,Makati,Bronze,2023-01-17T00:00:00+00:00,2025-07-09T14:51:00+00:00
C02970,Sofia,Torres,sofia.torres2970@example.com,Taguig,Bronze,2023-03-22T00:00:00+00:00,2025-09-24T03:22:00+00:00
C02971,Grace,Navarro,grace.navarro2971@example.com,Mandaluyong,Gold,2023-07-29T00:00:00+00:00,2024-09-25T19:22:00+00:00
C02972,Victor,Lim,victor.lim2972@example.com,Caloocan,Gold,2023-12-13T00:00:00+00:00,2026-03-28T21:17:00+00:00
C02973,Carla,Castillo,carla.castillo2973@example.com,Makati,Bronze,2023-03-29T00:00:00+00:00,2026-02-01T17:13:00+00:00
C02974,Sofia,Ramos,sofia.ramos2974@example.com,Mandaluyong,Gold,2023-09-22T00:00:00+00:00,2024-08-29T08:30:00+00:00
C02975,Oscar,Lim,oscar.lim2975@example.com,Pasay,Silver,2023-04-06T00:00:00+00:00,2024-02-11T08:39:00+00:00
C02976,Nina,Aquino,nina.aquino2976@example.com,Pasig,Bronze,2023-07-28T00:00:00+00:00,2025-02-05T04:47:00+00:00
C02977,Diego,Dela Cruz,diego.delacruz2977@example.com,Manila,Bronze,2023-06-12T00:00:00+00:00,2025-06-27T17:30:00+00:00
C02978,Uma,Villanueva,uma.villanueva2978@example.com,Pasay,Bronze,2023-03-20T00:00:00+00:00,2024-02-22T08:04:00+00:00
C02979,Ivan,Torres,ivan.torres2979@example.com,Taguig,Bronze,2024-01-01T00:00:00+00:00,2026-04-04T10:10:00+00:00
C02980,Diego,Santos,diego.santos2980@example.com,Caloocan,Gold,2023-08-10T00:00:00+00:00,2025-03-04T06:27:00+00:00
C02981,Ben,Garcia,ben.garcia2981@example.com,Pasig,Bronze,2023-02-09T00:00:00+00:00,2025-04-14T10:00:00+00:00
C02982,Nina,Diaz,nina.diaz2982@example.com,Marikina,Silver,2023-12-07T00:00:00+00:00,2025-01-28T22:02:00+00:00
C02983,Ana,Santos,ana.santos2983@example.com,Pasay,Silver,2023-04-17T00:00:00+00:00,2024-07-24T01:23:00+00:00
C02984,Kevin,Flores,kevin.flores2984@example.com,Makati,Platinum,2023-08-25T00:00:00+00:00,2025-07-30T14:53:00+00:00
C02985,Lara,Mendoza,lara.mendoza2985@example.com,Manila,Silver,2023-08-02T00:00:00+00:00,2024-10-11T21:01:00+00:00
C02986,Diego,Villanueva,diego.villanueva2986@example.com,Makati,Bronze,2023-11-09T00:00:00+00:00,2025-05-16T08:05:00+00:00
C02987,Lara,Santos,lara.santos2987@example.com,Quezon City,Gold,2023-05-18T00:00:00+00:00,2025-11-18T01:31:00+00:00
C02988,Kevin,Garcia,kevin.garcia2988@example.com,Manila,Silver,2023-02-28T00:00:00+00:00,2025-09-09T11:45:00+00:00
C02989,Tomas,Tan,tomas.tan2989@example.com,Manila,Silver,2023-02-12T00:00:00+00:00,2026-01-26T06:16:00+00:00
C02990,Victor,Torres,victor.torres2990@example.com,Parañaque,Silver,2023-03-19T00:00:00+00:00,2024-03-16T21:31:00+00:00
C02991,Yasmin,Dela Cruz,yasmin.delacruz2991@example.com,Mandaluyong,Platinum,2023-06-21T00:00:00+00:00,2026-01-17T12:14:00+00:00
C02992,Lara,Aquino,lara.aquino2992@example.com,Parañaque,Gold,2023-06-10T00:00:00+00:00,2024-05-18T10:22:00+00:00
C02993,Francis,Mendoza,francis.mendoza2993@example.com,Caloocan,Gold,2023-03-11T00:00:00+00:00,2024-01-06T19:48:00+00:00
C02994,Nina,Tan,nina.tan2994@example.com,Pasay,Bronze,2023-08-17T00:00:00+00:00,2024-10-11T09:43:00+00:00
C02995,Carla,Fernandez,carla.fernandez2995@example.com,Pasig,Gold,2023-11-30T00:00:00+00:00,2025-07-09T13:57:00+00:00
C02996,Sofia,Torres,sofia.torres2996@example.com,Taguig,Silver,2023-07-01T00:00:00+00:00,2024-12-17T02:25:00+00:00
C02997,Zoe,Diaz,zoe.diaz2997@example.com,Pasig,Silver,2023-11-01T00:00:00+00:00,2025-12-03T00:24:00+00:00
C02998,Ramon,Fernandez,ramon.fernandez2998@example.com,Pasay,Silver,2023-10-05T00:00:00+00:00,2024-10-02T03:03:00+00:00
C02999,Wendy,Tan,wendy.tan2999@example.com,Makati,Bronze,2023-02-12T00:00:00+00:00,2024-09-08T01:47:00+00:00
C03000,Yasmin,Navarro,yasmin.navarro3000@example.com,Quezon City,Gold,2023-02-06T00:00:00+00:00,2025-08-21T20:24:00+00:00
C00120,Paolo,Pascual,PAOLO.PASCUAL120@EXAMPLE.COM,Marikina,Silver,2023-12-04T00:00:00+00:00,2025-03-03T08:13:00+00:00
C01250,Queenie,Villanueva,QUEENIE.VILLANUEVA1250@EXAMPLE.COM,Makati,Bronze,2023-03-13T00:00:00+00:00,2025-04-11T03:18:00+00:00
C02600,Sofia,Torres,SOFIA.TORRES2600@EXAMPLE.COM,Marikina,Bronze,2023-12-01T00:00:00+00:00,2026-03-12T03:36:00+00:00
